0,0,0,0.1,0.9,0.3259,0.99999,1.68,1.68,0:0:2
0,0,1,0.1,0.9,0.3259,0.99999,3.36,3.36,0:0:2
0,0,2,0.1,0.9,0.3259,0.99999,-2.4,3.36,0:0:2
0,0,3,0.1,0.9,0.3259,0.99999,-0.6,3.36,0:0:3
0,0,4,0.1,0.9,0.3259,0.99999,1.34,3.36,0:0:3
0,0,5,0.1,0.9,0.3259,0.99999,3.34,3.36,0:0:3
0,0,6,0.1,0.9,0.3259,0.99999,0.6,3.36,0:0:3
0,0,7,0.1,0.9,0.3259,0.99999,2.92,3.36,0:0:3
0,0,8,0.1,0.9,0.3259,0.99999,-2.14,3.36,0:0:3
0,0,9,0.1,0.9,0.3259,0.99999,-2.2,3.36,0:0:3
0,0,10,0.1,0.9,0.3259,0.99999,-2.2,3.36,0:0:3
0,0,11,0.1,0.9,0.3259,0.99999,-7.14,3.36,0:0:3
0,0,12,0.1,0.9,0.3259,0.99999,-2.0,3.36,0:0:3
0,0,13,0.1,0.9,0.3259,0.99999,-1.74,3.36,0:0:3
0,0,14,0.1,0.9,0.3259,0.99999,3.52,3.5199999999999987,0:0:3
0,0,15,0.1,0.9,0.3259,0.99999,1.34,3.5199999999999987,0:0:4
0,0,16,0.1,0.9,0.3259,0.99999,4.36,4.3599999999999985,0:0:4
0,0,17,0.1,0.9,0.3259,0.99999,-0.06,4.3599999999999985,0:0:4
0,0,18,0.1,0.9,0.3259,0.99999,-4.3,4.3599999999999985,0:0:4
0,0,19,0.1,0.9,0.3259,0.99999,-3.46,4.3599999999999985,0:0:4
0,0,20,0.1,0.9,0.3259,0.99999,-0.06,4.3599999999999985,0:0:4
0,0,21,0.1,0.9,0.3259,0.99999,3.4,4.3599999999999985,0:0:4
0,0,22,0.1,0.9,0.3259,0.99999,1.92,4.3599999999999985,0:0:4
0,0,23,0.1,0.9,0.3259,0.99999,5.49386302133,5.493863021328023,0:0:4
0,0,24,0.1,0.9,0.3259,0.99999,4.21605724834,5.493863021328023,0:0:4
0,0,25,0.1,0.9,0.3259,0.99999,2.93825147535,5.493863021328023,0:0:4
0,0,26,0.1,0.9,0.3259,0.99999,9.14758890347,9.147588903467849,0:0:5
0,0,27,0.1,0.9,0.3259,0.99999,12.8612119312,12.861211931216523,0:0:5
0,0,28,0.1,0.9,0.3259,0.99999,14.0791205586,14.079120558596465,0:0:5
0,0,29,0.1,0.9,0.3259,0.99999,10.3056003852,14.079120558596465,0:0:5
0,0,30,0.1,0.9,0.3259,0.99999,9.08977954536,14.079120558596465,0:0:5
0,0,31,0.1,0.9,0.3259,0.99999,15.2884726798,15.288472679805231,0:0:5
0,0,32,0.1,0.9,0.3259,0.99999,18.995729667,18.995729666962553,0:0:5
0,0,33,0.1,0.9,0.3259,0.99999,22.7029866541,22.702986654119876,0:0:5
0,0,34,0.1,0.9,0.3259,0.99999,28.9614742561,28.961474256095137,0:0:5
0,0,35,0.1,0.9,0.3259,0.99999,32.7883201783,32.788320178322046,0:0:5
0,0,36,0.1,0.9,0.3259,0.99999,29.405775468,32.788320178322046,0:0:5
0,0,37,0.1,0.9,0.3259,0.99999,26.2023066542,32.788320178322046,0:0:6
0,0,38,0.1,0.9,0.3259,0.99999,30.7189987085,32.788320178322046,0:0:6
0,0,39,0.1,0.9,0.3259,0.99999,30.3807442375,32.788320178322046,0:0:6
0,0,40,0.1,0.9,0.3259,0.99999,30.182112107,32.788320178322046,0:0:6
0,0,41,0.1,0.9,0.3259,0.99999,30.1026592549,32.788320178322046,0:0:6
0,0,42,0.1,0.9,0.3259,0.99999,35.0485993026,35.04859930261712,0:0:6
0,0,43,0.1,0.9,0.3259,0.99999,32.8079039139,35.04859930261712,0:0:6
0,0,44,0.1,0.9,0.3259,0.99999,30.6861835016,35.04859930261712,0:0:6
0,0,45,0.1,0.9,0.3259,0.99999,38.6178485943,38.61784859433529,0:0:6
0,0,46,0.1,0.9,0.3259,0.99999,44.2396770989,44.23967709891426,0:0:6
0,0,47,0.1,0.9,0.3259,0.99999,52.4150826355,52.41508263550268,0:0:6
0,0,48,0.1,0.9,0.3259,0.99999,60.6498736845,60.649873684463415,0:0:6
0,0,49,0.1,0.9,0.3259,0.99999,69.127444409,69.12744440899245,0:0:7
0,0,50,0.1,0.9,0.3259,0.99999,72.7832732762,72.78327327621359,0:0:7
0,0,51,0.1,0.9,0.3259,0.99999,79.076301633,79.07630163296429,0:0:7
0,0,52,0.1,0.9,0.3259,0.99999,85.6257856908,85.6257856907738,0:0:7
0,0,53,0.1,0.9,0.3259,0.99999,90.0174460452,90.01744604524069,0:0:7
0,0,54,0.1,0.9,0.3259,0.99999,90.0567656147,90.05676561470499,0:0:7
0,0,55,0.1,0.9,0.3259,0.99999,90.2140438926,90.21404389256216,0:0:7
0,0,56,0.1,0.9,0.3259,0.99999,99.5560594699,99.55605946989945,0:0:7
0,0,57,0.1,0.9,0.3259,0.99999,108.780318548,108.78031854836274,0:0:7
0,0,58,0.1,0.9,0.3259,0.99999,109.62279344,109.6227934396297,0:0:7
0,0,59,0.1,0.9,0.3259,0.99999,115.618079875,115.61807987515735,0:0:7
0,0,60,0.1,0.9,0.3259,0.99999,116.832811114,116.83281111372831,0:0:8
0,0,61,0.1,0.9,0.3259,0.99999,118.299725103,118.29972510308926,0:0:8
0,0,62,0.1,0.9,0.3259,0.99999,119.766639092,119.7666390924502,0:0:8
0,0,63,0.1,0.9,0.3259,0.99999,121.289614413,121.289614413268,0:0:8
0,0,64,0.1,0.9,0.3259,0.99999,130.076010495,130.0760104949091,0:0:8
0,0,65,0.1,0.9,0.3259,0.99999,131.47942395,131.47942394952,0:0:8
0,0,66,0.1,0.9,0.3259,0.99999,139.880412824,139.88041282364907,0:0:8
0,0,67,0.1,0.9,0.3259,0.99999,141.147383304,141.14738330350613,0:0:8
0,0,68,0.1,0.9,0.3259,0.99999,144.786111551,144.78611155061867,0:0:8
0,0,69,0.1,0.9,0.3259,0.99999,148.308089159,148.30808915878643,0:0:8
0,0,70,0.1,0.9,0.3259,0.99999,156.558467644,156.55846764421807,0:0:8
0,0,71,0.1,0.9,0.3259,0.99999,165.450974644,165.45097464384605,0:0:9
0,0,72,0.1,0.9,0.3259,0.99999,166.111427479,166.11142747914403,0:0:9
0,0,73,0.1,0.9,0.3259,0.99999,166.635904731,166.6359047307042,0:0:9
0,0,74,0.1,0.9,0.3259,0.99999,175.940519675,175.9405196750493,0:0:9
0,0,75,0.1,0.9,0.3259,0.99999,183.483923705,183.4839237051319,0:0:9
0,0,76,0.1,0.9,0.3259,0.99999,190.794626326,190.79462632554612,0:0:9
0,0,77,0.1,0.9,0.3259,0.99999,200.377104601,200.3771046006206,0:0:9
0,0,78,0.1,0.9,0.3259,0.99999,200.222236265,200.3771046006206,0:0:9
0,0,79,0.1,0.9,0.3259,0.99999,207.268745542,207.26874554188632,0:0:9
0,0,80,0.1,0.9,0.3259,0.99999,216.71884501,216.7188450101016,0:0:9
0,0,81,0.1,0.9,0.3259,0.99999,226.226920549,226.22692054867403,0:0:9
0,0,82,0.1,0.9,0.3259,0.99999,235.850948228,235.85094822796077,0:0:9
0,0,83,0.1,0.9,0.3259,0.99999,236.063162741,236.06316274133923,0:0:10
0,0,84,0.1,0.9,0.3259,0.99999,241.291356662,241.29135666184476,0:0:10
0,0,85,0.1,0.9,0.3259,0.99999,241.870123517,241.87012351651327,0:0:10
0,0,86,0.1,0.9,0.3259,0.99999,249.760644968,249.76064496849395,0:0:10
0,0,87,0.1,0.9,0.3259,0.99999,255.230245551,255.23024555139074,0:0:10
0,0,88,0.1,0.9,0.3259,0.99999,255.94283436,255.94283435972588,0:0:10
0,0,89,0.1,0.9,0.3259,0.99999,263.935384507,263.9353845072687,0:0:10
0,0,90,0.1,0.9,0.3259,0.99999,264.76210862,264.7621086204758,0:0:10
0,0,91,0.1,0.9,0.3259,0.99999,273.418234581,273.4182345812461,0:0:10
0,0,92,0.1,0.9,0.3259,0.99999,281.997587806,281.99758780622244,0:0:10
0,0,93,0.1,0.9,0.3259,0.99999,283.129985659,283.12998565918355,0:0:10
0,0,94,0.1,0.9,0.3259,0.99999,286.712958436,286.7129584357582,0:0:10
0,0,95,0.1,0.9,0.3259,0.99999,295.047681205,295.0476812047955,0:0:11
0,0,96,0.1,0.9,0.3259,0.99999,303.248281998,303.24828199823907,0:0:11
0,0,97,0.1,0.9,0.3259,0.99999,307.131151691,307.13115169062235,0:0:11
0,0,98,0.1,0.9,0.3259,0.99999,308.737856391,308.73785639091886,0:0:11
0,0,99,0.1,0.9,0.3259,0.99999,310.532753293,310.5327532929236,0:0:11
0,0,100,0.1,0.9,0.3259,0.99999,319.529977214,319.52997721411907,0:0:11
0,0,101,0.1,0.9,0.3259,0.99999,327.008467902,327.008467902478,0:0:11
0,0,102,0.1,0.9,0.3259,0.99999,334.429870876,334.42987087565865,0:0:11
0,0,103,0.1,0.9,0.3259,0.99999,343.814200026,343.81420002635247,0:0:11
0,0,104,0.1,0.9,0.3259,0.99999,350.956928287,350.9569282867996,0:0:11
0,0,105,0.1,0.9,0.3259,0.99999,353.350502119,353.35050211875796,0:0:11
0,0,106,0.1,0.9,0.3259,0.99999,360.784410877,360.7844108770423,0:0:11
0,0,107,0.1,0.9,0.3259,0.99999,366.009517026,366.00951702641515,0:0:11
0,0,108,0.1,0.9,0.3259,0.99999,373.733586986,373.73358698635764,0:0:12
0,0,109,0.1,0.9,0.3259,0.99999,382.502765123,382.5027651232366,0:0:12
0,0,110,0.1,0.9,0.3259,0.99999,391.215245988,391.2152459876789,0:0:12
0,0,111,0.1,0.9,0.3259,0.99999,399.724124638,399.7241246378332,0:0:12
0,0,112,0.1,0.9,0.3259,0.99999,407.89340281,407.89340280971084,0:0:12
0,0,113,0.1,0.9,0.3259,0.99999,416.293523445,416.2935234449821,0:0:12
0,0,114,0.1,0.9,0.3259,0.99999,420.091540495,420.0915404951389,0:0:12
0,0,115,0.1,0.9,0.3259,0.99999,423.889557545,423.88955754529565,0:0:12
0,0,116,0.1,0.9,0.3259,0.99999,432.44449694,432.4444969404507,0:0:12
0,0,117,0.1,0.9,0.3259,0.99999,438.638541948,438.6385419480236,0:0:12
0,0,118,0.1,0.9,0.3259,0.99999,442.486357786,442.4863577860613,0:0:12
0,0,119,0.1,0.9,0.3259,0.99999,450.955778913,450.95577891274394,0:0:12
0,0,120,0.1,0.9,0.3259,0.99999,454.684572727,454.6845727273675,0:0:12
0,0,121,0.1,0.9,0.3259,0.99999,460.632933341,460.6329333410227,0:0:13
0,0,122,0.1,0.9,0.3259,0.99999,466.664464392,466.6644643915807,0:0:13
0,0,123,0.1,0.9,0.3259,0.99999,472.98391931,472.9839193102326,0:0:13
0,0,124,0.1,0.9,0.3259,0.99999,481.804824208,481.80482420788843,0:0:13
0,0,125,0.1,0.9,0.3259,0.99999,489.142977334,489.142977333676,0:0:13
0,0,126,0.1,0.9,0.3259,0.99999,491.642362542,491.64236254228825,0:0:13
0,0,127,0.1,0.9,0.3259,0.99999,493.967131107,493.9671311067176,0:0:13
0,0,128,0.1,0.9,0.3259,0.99999,503.081699923,503.0816999228135,0:0:13
0,0,129,0.1,0.9,0.3259,0.99999,507.520658559,507.52065855928583,0:0:13
0,0,130,0.1,0.9,0.3259,0.99999,509.601996011,509.60199601124174,0:0:13
0,0,131,0.1,0.9,0.3259,0.99999,516.883383073,516.8833830729966,0:0:13
0,0,132,0.1,0.9,0.3259,0.99999,524.445981223,524.4459812229038,0:0:13
0,0,133,0.1,0.9,0.3259,0.99999,525.763073057,525.7630730565543,0:0:14
0,0,134,0.1,0.9,0.3259,0.99999,526.950075993,526.9500759933889,0:0:14
0,0,135,0.1,0.9,0.3259,0.99999,527.441449745,527.4414497450291,0:0:14
0,0,136,0.1,0.9,0.3259,0.99999,529.912274671,529.9122746712325,0:0:14
0,0,137,0.1,0.9,0.3259,0.99999,532.034266971,532.0342669707811,0:0:14
0,0,138,0.1,0.9,0.3259,0.99999,531.310043143,532.0342669707811,0:0:14
0,0,139,0.1,0.9,0.3259,0.99999,534.364643505,534.3646435054557,0:0:14
0,0,140,0.1,0.9,0.3259,0.99999,537.017048917,537.0170489170463,0:0:14
0,0,141,0.1,0.9,0.3259,0.99999,539.196578746,539.1965787459987,0:0:14
0,0,142,0.1,0.9,0.3259,0.99999,543.393524615,543.3935246149734,0:0:14
0,0,143,0.1,0.9,0.3259,0.99999,547.482394625,547.4823946246612,0:0:15
0,0,144,0.1,0.9,0.3259,0.99999,553.758030688,553.7580306877103,0:0:15
0,0,145,0.1,0.9,0.3259,0.99999,553.236559496,553.7580306877103,0:0:15
0,0,146,0.1,0.9,0.3259,0.99999,552.715088305,553.7580306877103,0:0:15
0,0,147,0.1,0.9,0.3259,0.99999,554.387392471,554.3873924705375,0:0:15
0,0,148,0.1,0.9,0.3259,0.99999,553.812962385,554.3873924705375,0:0:15
0,0,149,0.1,0.9,0.3259,0.99999,559.898331101,559.8983311012145,0:0:15
0,0,150,0.1,0.9,0.3259,0.99999,565.929846997,565.9298469966785,0:0:15
0,0,151,0.1,0.9,0.3259,0.99999,571.961362892,571.9613628921426,0:0:15
0,0,152,0.1,0.9,0.3259,0.99999,569.071261526,571.9613628921426,0:0:15
0,0,153,0.1,0.9,0.3259,0.99999,566.25296392,571.9613628921426,0:0:15
0,0,154,0.1,0.9,0.3259,0.99999,563.439497552,571.9613628921426,0:0:15
0,0,155,0.1,0.9,0.3259,0.99999,569.586115158,571.9613628921426,0:0:16
0,0,156,0.1,0.9,0.3259,0.99999,571.181010105,571.9613628921426,0:0:16
0,0,157,0.1,0.9,0.3259,0.99999,568.295863066,571.9613628921426,0:0:16
0,0,158,0.1,0.9,0.3259,0.99999,569.888023981,571.9613628921426,0:0:16
0,0,159,0.1,0.9,0.3259,0.99999,575.898878671,575.8988786705736,0:0:16
0,0,160,0.1,0.9,0.3259,0.99999,581.909733361,581.9097333605224,0:0:16
0,0,161,0.1,0.9,0.3259,0.99999,587.92058805,587.9205880504712,0:0:16
0,0,162,0.1,0.9,0.3259,0.99999,587.22289956,587.9205880504712,0:0:16
0,0,163,0.1,0.9,0.3259,0.99999,586.579983419,587.9205880504712,0:0:16
0,0,164,0.1,0.9,0.3259,0.99999,590.473197825,590.4731978247898,0:0:16
0,0,165,0.1,0.9,0.3259,0.99999,594.47356492,594.4735649203176,0:0:16
0,0,166,0.1,0.9,0.3259,0.99999,591.888480641,594.4735649203176,0:0:16
0,0,167,0.1,0.9,0.3259,0.99999,589.481678037,594.4735649203176,0:0:17
0,0,168,0.1,0.9,0.3259,0.99999,591.585401795,594.4735649203176,0:0:17
0,0,169,0.1,0.9,0.3259,0.99999,593.738912083,594.4735649203176,0:0:17
0,0,170,0.1,0.9,0.3259,0.99999,600.395216609,600.3952166094492,0:0:17
0,0,171,0.1,0.9,0.3259,0.99999,604.898010848,604.8980108480253,0:0:17
0,0,172,0.1,0.9,0.3259,0.99999,602.730425097,604.8980108480253,0:0:17
0,0,173,0.1,0.9,0.3259,0.99999,600.669441924,604.8980108480253,0:0:17
0,0,174,0.1,0.9,0.3259,0.99999,605.271119871,605.2711198707689,0:0:17
0,0,175,0.1,0.9,0.3259,0.99999,605.483959542,605.4839595418474,0:0:17
0,0,176,0.1,0.9,0.3259,0.99999,612.348038934,612.3480389341315,0:0:17
0,0,177,0.1,0.9,0.3259,0.99999,616.987072348,616.9870723476349,0:0:17
0,0,178,0.1,0.9,0.3259,0.99999,623.880666199,623.8806661989482,0:0:18
0,0,179,0.1,0.9,0.3259,0.99999,621.98934686,623.8806661989482,0:0:18
0,0,180,0.1,0.9,0.3259,0.99999,629.006671883,629.0066718832582,0:0:18
0,0,181,0.1,0.9,0.3259,0.99999,633.912143393,633.9121433927088,0:0:18
0,0,182,0.1,0.9,0.3259,0.99999,634.581526017,634.5815260167317,0:0:18
0,0,183,0.1,0.9,0.3259,0.99999,639.760433687,639.7604336868036,0:0:18
0,0,184,0.1,0.9,0.3259,0.99999,647.19410388,647.1941038799,0:0:18
0,0,185,0.1,0.9,0.3259,0.99999,648.143701186,648.1437011864584,0:0:18
0,0,186,0.1,0.9,0.3259,0.99999,647.000667392,648.1437011864584,0:0:18
0,0,187,0.1,0.9,0.3259,0.99999,645.964922972,648.1437011864584,0:0:18
0,0,188,0.1,0.9,0.3259,0.99999,651.687849766,651.6878497660848,0:0:18
0,0,189,0.1,0.9,0.3259,0.99999,659.74930225,659.749302249524,0:0:18
0,0,190,0.1,0.9,0.3259,0.99999,666.012460278,666.0124602775145,0:0:19
0,0,191,0.1,0.9,0.3259,0.99999,665.820346769,666.0124602775145,0:0:19
0,0,192,0.1,0.9,0.3259,0.99999,672.282346615,672.2823466148603,0:0:19
0,0,193,0.1,0.9,0.3259,0.99999,676.683492456,676.6834924561169,0:0:19
0,0,194,0.1,0.9,0.3259,0.99999,683.413373692,683.4133736924674,0:0:19
0,0,195,0.1,0.9,0.3259,0.99999,683.883309714,683.8833097141119,0:0:19
0,0,196,0.1,0.9,0.3259,0.99999,686.581090579,686.5810905791081,0:0:19
0,0,197,0.1,0.9,0.3259,0.99999,687.328224241,687.3282242405633,0:0:19
0,0,198,0.1,0.9,0.3259,0.99999,695.164440085,695.164440085127,0:0:19
0,0,199,0.1,0.9,0.3259,0.99999,700.576209929,700.5762099290603,0:0:19
0,0,200,0.1,0.9,0.3259,0.99999,703.93545223,703.9354522298438,0:0:19
0,0,201,0.1,0.9,0.3259,0.99999,709.511101822,709.511101821866,0:0:20
0,0,202,0.1,0.9,0.3259,0.99999,717.237943254,717.2379432544923,0:0:20
0,0,203,0.1,0.9,0.3259,0.99999,722.855892842,722.8558928419723,0:0:20
0,0,204,0.1,0.9,0.3259,0.99999,728.515981016,728.5159810155284,0:0:20
0,0,205,0.1,0.9,0.3259,0.99999,734.227838288,734.2278382882329,0:0:20
0,0,206,0.1,0.9,0.3259,0.99999,741.445861133,741.4458611327698,0:0:20
0,0,207,0.1,0.9,0.3259,0.99999,749.301275016,749.3012750160844,0:0:20
0,0,208,0.1,0.9,0.3259,0.99999,752.970580185,752.9705801852643,0:0:20
0,0,209,0.1,0.9,0.3259,0.99999,758.824791042,758.8247910417198,0:0:20
0,0,210,0.1,0.9,0.3259,0.99999,760.384380354,760.3843803539659,0:0:20
0,0,211,0.1,0.9,0.3259,0.99999,766.047447722,766.0474477220204,0:0:21
0,0,212,0.1,0.9,0.3259,0.99999,773.255054109,773.2550541092836,0:0:21
0,0,213,0.1,0.9,0.3259,0.99999,780.97886601,780.9788660097156,0:0:21
0,0,214,0.1,0.9,0.3259,0.99999,788.689437444,788.6894374439746,0:0:21
0,0,215,0.1,0.9,0.3259,0.99999,792.189779287,792.189779287411,0:0:21
0,0,216,0.1,0.9,0.3259,0.99999,797.923213264,797.9232132644374,0:0:21
0,0,217,0.1,0.9,0.3259,0.99999,799.413382743,799.4133827426889,0:0:21
0,0,218,0.1,0.9,0.3259,0.99999,805.177890753,805.1778907527752,0:0:21
0,0,219,0.1,0.9,0.3259,0.99999,812.080067118,812.0800671182785,0:0:21
0,0,220,0.1,0.9,0.3259,0.99999,817.824828569,817.8248285693314,0:0:21
0,0,221,0.1,0.9,0.3259,0.99999,824.703361246,824.7033612461069,0:0:21
0,0,222,0.1,0.9,0.3259,0.99999,828.329806488,828.3298064880084,0:0:22
0,0,223,0.1,0.9,0.3259,0.99999,831.89975418,831.8997541795515,0:0:22
0,0,224,0.1,0.9,0.3259,0.99999,835.4026606,835.4026605998918,0:0:22
0,0,225,0.1,0.9,0.3259,0.99999,842.982069328,842.9820693278601,0:0:22
0,0,226,0.1,0.9,0.3259,0.99999,844.184678462,844.1846784621863,0:0:22
0,0,227,0.1,0.9,0.3259,0.99999,851.371289633,851.371289633254,0:0:22
0,0,228,0.1,0.9,0.3259,0.99999,854.117828179,854.1178281792077,0:0:22
0,0,229,0.1,0.9,0.3259,0.99999,858.845203616,858.8452036158793,0:0:22
0,0,230,0.1,0.9,0.3259,0.99999,865.475447845,865.4754478445371,0:0:22
0,0,231,0.1,0.9,0.3259,0.99999,865.50862518,865.5086251798743,0:0:22
0,0,232,0.1,0.9,0.3259,0.99999,869.639203429,869.6392034293543,0:0:22
0,0,233,0.1,0.9,0.3259,0.99999,869.357679507,869.6392034293543,0:0:22
0,0,234,0.1,0.9,0.3259,0.99999,872.994684859,872.9946848585296,0:0:22
0,0,235,0.1,0.9,0.3259,0.99999,876.36718073,876.3671807297376,0:0:23
0,0,236,0.1,0.9,0.3259,0.99999,875.558509085,876.3671807297376,0:0:23
0,0,237,0.1,0.9,0.3259,0.99999,882.725226305,882.7252263046445,0:0:23
0,0,238,0.1,0.9,0.3259,0.99999,881.555486253,882.7252263046445,0:0:23
0,0,239,0.1,0.9,0.3259,0.99999,882.180471095,882.7252263046445,0:0:23
0,0,240,0.1,0.9,0.3259,0.99999,888.644130122,888.6441301222982,0:0:23
0,0,241,0.1,0.9,0.3259,0.99999,892.896592973,892.8965929727988,0:0:23
0,0,242,0.1,0.9,0.3259,0.99999,890.827827262,892.8965929727988,0:0:23
0,0,243,0.1,0.9,0.3259,0.99999,892.598015276,892.8965929727988,0:0:23
0,0,244,0.1,0.9,0.3259,0.99999,892.122687013,892.8965929727988,0:0:23
0,0,245,0.1,0.9,0.3259,0.99999,893.483109284,893.483109283722,0:0:23
0,0,246,0.1,0.9,0.3259,0.99999,890.532795926,893.483109283722,0:0:23
0,0,247,0.1,0.9,0.3259,0.99999,895.572455873,895.5724558726881,0:0:23
0,0,248,0.1,0.9,0.3259,0.99999,894.312540886,895.5724558726881,0:0:24
0,0,249,0.1,0.9,0.3259,0.99999,894.934317113,895.5724558726881,0:0:24
0,0,250,0.1,0.9,0.3259,0.99999,891.318197476,895.5724558726881,0:0:24
0,0,251,0.1,0.9,0.3259,0.99999,895.572455873,895.5724558726881,0:0:24
0,0,252,0.1,0.9,0.3259,0.99999,893.428964142,895.5724558726881,0:0:24
0,0,253,0.1,0.9,0.3259,0.99999,890.974584298,895.5724558726881,0:0:24
0,0,254,0.1,0.9,0.3259,0.99999,894.492528741,895.5724558726881,0:0:24
0,0,255,0.1,0.9,0.3259,0.99999,897.748672668,897.7486726678623,0:0:24
0,0,256,0.1,0.9,0.3259,0.99999,892.676287657,897.7486726678623,0:0:24
0,0,257,0.1,0.9,0.3259,0.99999,893.577772294,897.7486726678623,0:0:24
0,0,258,0.1,0.9,0.3259,0.99999,896.528085651,897.7486726678623,0:0:24
0,0,259,0.1,0.9,0.3259,0.99999,893.184397179,897.7486726678623,0:0:24
0,0,260,0.1,0.9,0.3259,0.99999,893.774459851,897.7486726678623,0:0:25
0,0,261,0.1,0.9,0.3259,0.99999,896.319370051,897.7486726678623,0:0:25
0,0,262,0.1,0.9,0.3259,0.99999,894.710330053,897.7486726678623,0:0:25
0,0,263,0.1,0.9,0.3259,0.99999,888.930921083,897.7486726678623,0:0:25
0,0,264,0.1,0.9,0.3259,0.99999,891.360899855,897.7486726678623,0:0:25
0,0,265,0.1,0.9,0.3259,0.99999,887.578096862,897.7486726678623,0:0:25
0,0,266,0.1,0.9,0.3259,0.99999,881.739422677,897.7486726678623,0:0:25
0,0,267,0.1,0.9,0.3259,0.99999,884.124233259,897.7486726678623,0:0:25
0,0,268,0.1,0.9,0.3259,0.99999,886.509043842,897.7486726678623,0:0:25
0,0,269,0.1,0.9,0.3259,0.99999,882.67689994,897.7486726678623,0:0:25
0,0,270,0.1,0.9,0.3259,0.99999,876.729348408,897.7486726678623,0:0:25
0,0,271,0.1,0.9,0.3259,0.99999,874.785273392,897.7486726678623,0:0:26
0,0,272,0.1,0.9,0.3259,0.99999,874.900797913,897.7486726678623,0:0:26
0,0,273,0.1,0.9,0.3259,0.99999,874.966811925,897.7486726678623,0:0:26
0,0,274,0.1,0.9,0.3259,0.99999,870.906950196,897.7486726678623,0:0:26
0,0,275,0.1,0.9,0.3259,0.99999,872.986391569,897.7486726678623,0:0:26
0,0,276,0.1,0.9,0.3259,0.99999,868.869962785,897.7486726678623,0:0:26
0,0,277,0.1,0.9,0.3259,0.99999,866.770418787,897.7486726678623,0:0:26
0,0,278,0.1,0.9,0.3259,0.99999,868.803835415,897.7486726678623,0:0:26
0,0,279,0.1,0.9,0.3259,0.99999,862.57133079,897.7486726678623,0:0:26
0,0,280,0.1,0.9,0.3259,0.99999,862.488529637,897.7486726678623,0:0:26
0,0,281,0.1,0.9,0.3259,0.99999,864.475757322,897.7486726678623,0:0:26
0,0,282,0.1,0.9,0.3259,0.99999,858.232550343,897.7486726678623,0:0:26
0,0,283,0.1,0.9,0.3259,0.99999,858.199373008,897.7486726678623,0:0:26
0,0,284,0.1,0.9,0.3259,0.99999,856.092612214,897.7486726678623,0:0:26
0,0,285,0.1,0.9,0.3259,0.99999,858.133018337,897.7486726678623,0:0:27
0,0,286,0.1,0.9,0.3259,0.99999,860.226779673,897.7486726678623,0:0:27
0,0,287,0.1,0.9,0.3259,0.99999,858.216104105,897.7486726678623,0:0:27
0,0,288,0.1,0.9,0.3259,0.99999,856.251912902,897.7486726678623,0:0:27
0,0,289,0.1,0.9,0.3259,0.99999,856.368432719,897.7486726678623,0:0:27
0,0,290,0.1,0.9,0.3259,0.99999,850.30940223,897.7486726678623,0:0:27
0,0,291,0.1,0.9,0.3259,0.99999,844.239967273,897.7486726678623,0:0:27
0,0,292,0.1,0.9,0.3259,0.99999,838.170532317,897.7486726678623,0:0:27
0,0,293,0.1,0.9,0.3259,0.99999,838.237343935,897.7486726678623,0:0:27
0,0,294,0.1,0.9,0.3259,0.99999,840.34190992,897.7486726678623,0:0:27
0,0,295,0.1,0.9,0.3259,0.99999,838.220641031,897.7486726678623,0:0:27
0,0,296,0.1,0.9,0.3259,0.99999,840.228431422,897.7486726678623,0:0:28
0,0,297,0.1,0.9,0.3259,0.99999,842.239669558,897.7486726678623,0:0:28
0,0,298,0.1,0.9,0.3259,0.99999,844.301188648,897.7486726678623,0:0:28
0,0,299,0.1,0.9,0.3259,0.99999,846.412988691,897.7486726678623,0:0:28
0,0,300,0.1,0.9,0.3259,0.99999,848.84740795,897.7486726678623,0:0:28
0,0,301,0.1,0.9,0.3259,0.99999,851.399350898,897.7486726678623,0:0:28
0,0,302,0.1,0.9,0.3259,0.99999,848.024742132,897.7486726678623,0:0:28
0,0,303,0.1,0.9,0.3259,0.99999,849.269268826,897.7486726678623,0:0:28
0,0,304,0.1,0.9,0.3259,0.99999,851.001515442,897.7486726678623,0:0:28
0,0,305,0.1,0.9,0.3259,0.99999,850.681974804,897.7486726678623,0:0:28
0,0,306,0.1,0.9,0.3259,0.99999,846.527946512,897.7486726678623,0:0:29
0,0,307,0.1,0.9,0.3259,0.99999,850.951061657,897.7486726678623,0:0:29
0,0,308,0.1,0.9,0.3259,0.99999,851.270602294,897.7486726678623,0:0:29
0,0,309,0.1,0.9,0.3259,0.99999,851.808776,897.7486726678623,0:0:29
0,0,310,0.1,0.9,0.3259,0.99999,854.550098314,897.7486726678623,0:0:29
0,0,311,0.1,0.9,0.3259,0.99999,853.20466405,897.7486726678623,0:0:29
0,0,312,0.1,0.9,0.3259,0.99999,854.062378393,897.7486726678623,0:0:29
0,0,313,0.1,0.9,0.3259,0.99999,854.970546522,897.7486726678623,0:0:29
0,0,314,0.1,0.9,0.3259,0.99999,851.674232574,897.7486726678623,0:0:29
0,0,315,0.1,0.9,0.3259,0.99999,852.648000278,897.7486726678623,0:0:29
0,0,316,0.1,0.9,0.3259,0.99999,853.621767981,897.7486726678623,0:0:29
0,0,317,0.1,0.9,0.3259,0.99999,854.595535685,897.7486726678623,0:0:29
0,0,318,0.1,0.9,0.3259,0.99999,859.699421581,897.7486726678623,0:0:30
0,0,319,0.1,0.9,0.3259,0.99999,862.704670185,897.7486726678623,0:0:30
0,0,320,0.1,0.9,0.3259,0.99999,865.709918788,897.7486726678623,0:0:30
0,0,321,0.1,0.9,0.3259,0.99999,870.813804684,897.7486726678623,0:0:30
0,0,322,0.1,0.9,0.3259,0.99999,869.690863391,897.7486726678623,0:0:30
0,0,323,0.1,0.9,0.3259,0.99999,866.523163327,897.7486726678623,0:0:30
0,0,324,0.1,0.9,0.3259,0.99999,863.355463263,897.7486726678623,0:0:30
0,0,325,0.1,0.9,0.3259,0.99999,860.137482245,897.7486726678623,0:0:30
0,0,326,0.1,0.9,0.3259,0.99999,858.846937774,897.7486726678623,0:0:30
0,0,327,0.1,0.9,0.3259,0.99999,857.190510701,897.7486726678623,0:0:30
0,0,328,0.1,0.9,0.3259,0.99999,861.490528456,897.7486726678623,0:0:30
0,0,329,0.1,0.9,0.3259,0.99999,857.207242288,897.7486726678623,0:0:30
0,0,330,0.1,0.9,0.3259,0.99999,852.438740108,897.7486726678623,0:0:31
0,0,331,0.1,0.9,0.3259,0.99999,849.438643222,897.7486726678623,0:0:31
0,0,332,0.1,0.9,0.3259,0.99999,848.047536844,897.7486726678623,0:0:31
0,0,333,0.1,0.9,0.3259,0.99999,846.337984428,897.7486726678623,0:0:31
0,0,334,0.1,0.9,0.3259,0.99999,844.306503529,897.7486726678623,0:0:31
0,0,335,0.1,0.9,0.3259,0.99999,844.222558037,897.7486726678623,0:0:31
0,0,336,0.1,0.9,0.3259,0.99999,839.664899467,897.7486726678623,0:0:31
0,0,337,0.1,0.9,0.3259,0.99999,836.990848866,897.7486726678623,0:0:31
0,0,338,0.1,0.9,0.3259,0.99999,834.16058516,897.7486726678623,0:0:31
0,0,339,0.1,0.9,0.3259,0.99999,829.157083251,897.7486726678623,0:0:31
0,0,340,0.1,0.9,0.3259,0.99999,826.153202094,897.7486726678623,0:0:31
0,0,341,0.1,0.9,0.3259,0.99999,818.879759519,897.7486726678623,0:0:32
0,0,342,0.1,0.9,0.3259,0.99999,813.487155251,897.7486726678623,0:0:32
0,0,343,0.1,0.9,0.3259,0.99999,805.917771651,897.7486726678623,0:0:32
0,0,344,0.1,0.9,0.3259,0.99999,802.304690476,897.7486726678623,0:0:32
0,0,345,0.1,0.9,0.3259,0.99999,796.350739808,897.7486726678623,0:0:32
0,0,346,0.1,0.9,0.3259,0.99999,790.103985467,897.7486726678623,0:0:32
0,0,347,0.1,0.9,0.3259,0.99999,783.755104352,897.7486726678623,0:0:32
0,0,348,0.1,0.9,0.3259,0.99999,777.071364253,897.7486726678623,0:0:32
0,0,349,0.1,0.9,0.3259,0.99999,774.594817035,897.7486726678623,0:0:32
0,0,350,0.1,0.9,0.3259,0.99999,771.947473457,897.7486726678623,0:0:32
0,0,351,0.1,0.9,0.3259,0.99999,767.002982613,897.7486726678623,0:0:32
0,0,352,0.1,0.9,0.3259,0.99999,759.736324718,897.7486726678623,0:0:32
0,0,353,0.1,0.9,0.3259,0.99999,758.723426066,897.7486726678623,0:0:33
0,0,354,0.1,0.9,0.3259,0.99999,751.169605606,897.7486726678623,0:0:33
0,0,355,0.1,0.9,0.3259,0.99999,749.948600572,897.7486726678623,0:0:33
0,0,356,0.1,0.9,0.3259,0.99999,742.622570372,897.7486726678623,0:0:33
0,0,357,0.1,0.9,0.3259,0.99999,741.175520446,897.7486726678623,0:0:33
0,0,358,0.1,0.9,0.3259,0.99999,734.100410229,897.7486726678623,0:0:33
0,0,359,0.1,0.9,0.3259,0.99999,730.321265992,897.7486726678623,0:0:33
0,0,360,0.1,0.9,0.3259,0.99999,728.592666118,897.7486726678623,0:0:33
0,0,361,0.1,0.9,0.3259,0.99999,720.263823094,897.7486726678623,0:0:33
0,0,362,0.1,0.9,0.3259,0.99999,711.93498007,897.7486726678623,0:0:33
0,0,363,0.1,0.9,0.3259,0.99999,705.707975667,897.7486726678623,0:0:33
0,0,364,0.1,0.9,0.3259,0.99999,699.296526339,897.7486726678623,0:0:33
0,0,365,0.1,0.9,0.3259,0.99999,692.676574595,897.7486726678623,0:0:33
0,0,366,0.1,0.9,0.3259,0.99999,690.553159978,897.7486726678623,0:0:33
0,0,367,0.1,0.9,0.3259,0.99999,686.246733384,897.7486726678623,0:0:34
0,0,368,0.1,0.9,0.3259,0.99999,679.604026775,897.7486726678623,0:0:34
0,0,369,0.1,0.9,0.3259,0.99999,672.94991342,897.7486726678623,0:0:34
0,0,370,0.1,0.9,0.3259,0.99999,666.546796553,897.7486726678623,0:0:34
0,0,371,0.1,0.9,0.3259,0.99999,660.13268436,897.7486726678623,0:0:34
0,0,372,0.1,0.9,0.3259,0.99999,653.718572167,897.7486726678623,0:0:34
0,0,373,0.1,0.9,0.3259,0.99999,649.480554558,897.7486726678623,0:0:34
0,0,374,0.1,0.9,0.3259,0.99999,643.086188965,897.7486726678623,0:0:34
0,0,375,0.1,0.9,0.3259,0.99999,641.162820639,897.7486726678623,0:0:34
0,0,376,0.1,0.9,0.3259,0.99999,639.339078496,897.7486726678623,0:0:34
0,0,377,0.1,0.9,0.3259,0.99999,632.001267715,897.7486726678623,0:0:35
0,0,378,0.1,0.9,0.3259,0.99999,623.93895234,897.7486726678623,0:0:35
0,0,379,0.1,0.9,0.3259,0.99999,622.726636954,897.7486726678623,0:0:35
0,0,380,0.1,0.9,0.3259,0.99999,619.434978433,897.7486726678623,0:0:35
0,0,381,0.1,0.9,0.3259,0.99999,611.796183931,897.7486726678623,0:0:35
0,0,382,0.1,0.9,0.3259,0.99999,608.731835212,897.7486726678623,0:0:35
0,0,383,0.1,0.9,0.3259,0.99999,605.944661602,897.7486726678623,0:0:35
0,0,384,0.1,0.9,0.3259,0.99999,601.027210005,897.7486726678623,0:0:35
0,0,385,0.1,0.9,0.3259,0.99999,598.519153187,897.7486726678623,0:0:35
0,0,386,0.1,0.9,0.3259,0.99999,591.66889557,897.7486726678623,0:0:35
0,0,387,0.1,0.9,0.3259,0.99999,582.667765508,897.7486726678623,0:0:35
0,0,388,0.1,0.9,0.3259,0.99999,580.549410812,897.7486726678623,0:0:35
0,0,389,0.1,0.9,0.3259,0.99999,578.427418513,897.7486726678623,0:0:36
0,0,390,0.1,0.9,0.3259,0.99999,574.110887168,897.7486726678623,0:0:36
0,0,391,0.1,0.9,0.3259,0.99999,565.353992945,897.7486726678623,0:0:36
0,0,392,0.1,0.9,0.3259,0.99999,563.515891133,897.7486726678623,0:0:36
0,0,393,0.1,0.9,0.3259,0.99999,557.31002264,897.7486726678623,0:0:36
0,0,394,0.1,0.9,0.3259,0.99999,548.909694164,897.7486726678623,0:0:36
0,0,395,0.1,0.9,0.3259,0.99999,549.694942261,897.7486726678623,0:0:36
0,0,396,0.1,0.9,0.3259,0.99999,550.481538772,897.7486726678623,0:0:36
0,0,397,0.1,0.9,0.3259,0.99999,551.397756496,897.7486726678623,0:0:36
0,0,398,0.1,0.9,0.3259,0.99999,547.787858665,897.7486726678623,0:0:36
0,0,399,0.1,0.9,0.3259,0.99999,544.232933897,897.7486726678623,0:0:36
0,0,400,0.1,0.9,0.3259,0.99999,540.726972133,897.7486726678623,0:0:36
0,0,401,0.1,0.9,0.3259,0.99999,532.673316747,897.7486726678623,0:0:37
0,0,402,0.1,0.9,0.3259,0.99999,531.51491426,897.7486726678623,0:0:37
0,0,403,0.1,0.9,0.3259,0.99999,528.052158145,897.7486726678623,0:0:37
0,0,404,0.1,0.9,0.3259,0.99999,522.287037592,897.7486726678623,0:0:37
0,0,405,0.1,0.9,0.3259,0.99999,518.762983657,897.7486726678623,0:0:37
0,0,406,0.1,0.9,0.3259,0.99999,418.762983657,897.7486726678623,0:0:39
0,1,0,0.1,0.9,0.3259,0.99999,-0.82,897.7486726678623,0:0:41
0,1,1,0.1,0.9,0.3259,0.99999,0.86,897.7486726678623,0:0:41
0,1,2,0.1,0.9,0.3259,0.99999,-4.96,897.7486726678623,0:0:41
0,1,3,0.1,0.9,0.3259,0.99999,-0.78,897.7486726678623,0:0:41
0,1,4,0.1,0.9,0.3259,0.99999,0.84,897.7486726678623,0:0:42
0,1,5,0.1,0.9,0.3259,0.99999,-2.54,897.7486726678623,0:0:42
0,1,6,0.1,0.9,0.3259,0.99999,-0.92,897.7486726678623,0:0:42
0,1,7,0.1,0.9,0.3259,0.99999,-6.74,897.7486726678623,0:0:42
0,1,8,0.1,0.9,0.3259,0.99999,-5.06,897.7486726678623,0:0:42
0,1,9,0.1,0.9,0.3259,0.99999,-10.88,897.7486726678623,0:0:42
0,1,10,0.1,0.9,0.3259,0.99999,-9.14,897.7486726678623,0:0:42
0,1,11,0.1,0.9,0.3259,0.99999,-12.4,897.7486726678623,0:0:42
0,1,12,0.1,0.9,0.3259,0.99999,-18.16,897.7486726678623,0:0:42
0,1,13,0.1,0.9,0.3259,0.99999,-21.42,897.7486726678623,0:0:42
0,1,14,0.1,0.9,0.3259,0.99999,-19.68,897.7486726678623,0:0:42
0,1,15,0.1,0.9,0.3259,0.99999,-15.5,897.7486726678623,0:0:42
0,1,16,0.1,0.9,0.3259,0.99999,-18.8257010493,897.7486726678623,0:0:43
0,1,17,0.1,0.9,0.3259,0.99999,-14.6986262532,897.7486726678623,0:0:43
0,1,18,0.1,0.9,0.3259,0.99999,-13.0758444159,897.7486726678623,0:0:43
0,1,19,0.1,0.9,0.3259,0.99999,-13.9573555374,897.7486726678623,0:0:43
0,1,20,0.1,0.9,0.3259,0.99999,-12.3345737001,897.7486726678623,0:0:43
0,1,21,0.1,0.9,0.3259,0.99999,-15.7203777804,897.7486726678623,0:0:43
0,1,22,0.1,0.9,0.3259,0.99999,-16.6018889019,897.7486726678623,0:0:43
0,1,23,0.1,0.9,0.3259,0.99999,-17.4834000234,897.7486726678623,0:0:43
0,1,24,0.1,0.9,0.3259,0.99999,-13.3563252273,897.7486726678623,0:0:43
0,1,25,0.1,0.9,0.3259,0.99999,-16.7421293076,897.7486726678623,0:0:43
0,1,26,0.1,0.9,0.3259,0.99999,-20.1337474348,897.7486726678623,0:0:43
0,1,27,0.1,0.9,0.3259,0.99999,-23.5253655621,897.7486726678623,0:0:43
0,1,28,0.1,0.9,0.3259,0.99999,-21.9600033495,897.7486726678623,0:0:43
0,1,29,0.1,0.9,0.3259,0.99999,-22.9032344263,897.7486726678623,0:0:44
0,1,30,0.1,0.9,0.3259,0.99999,-23.8464655031,897.7486726678623,0:0:44
0,1,31,0.1,0.9,0.3259,0.99999,-27.3846301173,897.7486726678623,0:0:44
0,1,32,0.1,0.9,0.3259,0.99999,-30.9227947316,897.7486726678623,0:0:44
0,1,33,0.1,0.9,0.3259,0.99999,-32.0083679655,897.7486726678623,0:0:44
0,1,34,0.1,0.9,0.3259,0.99999,-30.6413498191,897.7486726678623,0:0:44
0,1,35,0.1,0.9,0.3259,0.99999,-29.3346412968,897.7486726678623,0:0:44
0,1,36,0.1,0.9,0.3259,0.99999,-25.51503177,897.7486726678623,0:0:44
0,1,37,0.1,0.9,0.3259,0.99999,-26.6628823192,897.7486726678623,0:0:44
0,1,38,0.1,0.9,0.3259,0.99999,-22.7763006352,897.7486726678623,0:0:44
0,1,39,0.1,0.9,0.3259,0.99999,-23.8033248107,897.7486726678623,0:0:44
0,1,40,0.1,0.9,0.3259,0.99999,-22.1721687672,897.7486726678623,0:0:45
0,1,41,0.1,0.9,0.3259,0.99999,-25.3942053964,897.7486726678623,0:0:45
0,1,42,0.1,0.9,0.3259,0.99999,-28.4148647364,897.7486726678623,0:0:45
0,1,43,0.1,0.9,0.3259,0.99999,-26.3406786563,897.7486726678623,0:0:45
0,1,44,0.1,0.9,0.3259,0.99999,-21.5478991703,897.7486726678623,0:0:45
0,1,45,0.1,0.9,0.3259,0.99999,-24.1255284737,897.7486726678623,0:0:45
0,1,46,0.1,0.9,0.3259,0.99999,-28.9585834176,897.7486726678623,0:0:45
0,1,47,0.1,0.9,0.3259,0.99999,-23.6019475214,897.7486726678623,0:0:45
0,1,48,0.1,0.9,0.3259,0.99999,-28.2537629049,897.7486726678623,0:0:45
0,1,49,0.1,0.9,0.3259,0.99999,-25.1525526492,897.7486726678623,0:0:45
0,1,50,0.1,0.9,0.3259,0.99999,-24.4477321366,897.7486726678623,0:0:46
0,1,51,0.1,0.9,0.3259,0.99999,-28.5759665678,897.7486726678623,0:0:46
0,1,52,0.1,0.9,0.3259,0.99999,-25.0921394624,897.7486726678623,0:0:46
0,1,53,0.1,0.9,0.3259,0.99999,-21.608312357,897.7486726678623,0:0:46
0,1,54,0.1,0.9,0.3259,0.99999,-23.0985042981,897.7486726678623,0:0:46
0,1,55,0.1,0.9,0.3259,0.99999,-17.0370478893,897.7486726678623,0:0:46
0,1,56,0.1,0.9,0.3259,0.99999,-20.9840427601,897.7486726678623,0:0:46
0,1,57,0.1,0.9,0.3259,0.99999,-22.3332705986,897.7486726678623,0:0:46
0,1,58,0.1,0.9,0.3259,0.99999,-21.2458332363,897.7486726678623,0:0:46
0,1,59,0.1,0.9,0.3259,0.99999,-22.6756119905,897.7486726678623,0:0:46
0,1,60,0.1,0.9,0.3259,0.99999,-26.6830200481,897.7486726678623,0:0:46
0,1,61,0.1,0.9,0.3259,0.99999,-30.9522185819,897.7486726678623,0:0:46
0,1,62,0.1,0.9,0.3259,0.99999,-32.9424361774,897.7486726678623,0:0:46
0,1,63,0.1,0.9,0.3259,0.99999,-30.1078838444,897.7486726678623,0:0:47
0,1,64,0.1,0.9,0.3259,0.99999,-25.2027010838,897.7486726678623,0:0:47
0,1,65,0.1,0.9,0.3259,0.99999,-20.6794792758,897.7486726678623,0:0:47
0,1,66,0.1,0.9,0.3259,0.99999,-16.410280742,897.7486726678623,0:0:47
0,1,67,0.1,0.9,0.3259,0.99999,-22.3307730483,897.7486726678623,0:0:47
0,1,68,0.1,0.9,0.3259,0.99999,-25.8750133405,897.7486726678623,0:0:47
0,1,69,0.1,0.9,0.3259,0.99999,-22.0488448433,897.7486726678623,0:0:47
0,1,70,0.1,0.9,0.3259,0.99999,-18.4240536353,897.7486726678623,0:0:47
0,1,71,0.1,0.9,0.3259,0.99999,-17.3768917308,897.7486726678623,0:0:47
0,1,72,0.1,0.9,0.3259,0.99999,-13.8125137097,897.7486726678623,0:0:47
0,1,73,0.1,0.9,0.3259,0.99999,-12.8240705633,897.7486726678623,0:0:47
0,1,74,0.1,0.9,0.3259,0.99999,-11.8961443443,897.7486726678623,0:0:47
0,1,75,0.1,0.9,0.3259,0.99999,-16.0112954026,897.7486726678623,0:0:47
0,1,76,0.1,0.9,0.3259,0.99999,-15.081775764,897.7486726678623,0:0:48
0,1,77,0.1,0.9,0.3259,0.99999,-16.6781247086,897.7486726678623,0:0:48
0,1,78,0.1,0.9,0.3259,0.99999,-13.1621156407,897.7486726678623,0:0:48
0,1,79,0.1,0.9,0.3259,0.99999,-12.10954996,897.7486726678623,0:0:48
0,1,80,0.1,0.9,0.3259,0.99999,-18.5868772256,897.7486726678623,0:0:48
0,1,81,0.1,0.9,0.3259,0.99999,-17.2711701248,897.7486726678623,0:0:48
0,1,82,0.1,0.9,0.3259,0.99999,-15.8340131378,897.7486726678623,0:0:48
0,1,83,0.1,0.9,0.3259,0.99999,-11.7249586536,897.7486726678623,0:0:48
0,1,84,0.1,0.9,0.3259,0.99999,-12.1710395929,897.7486726678623,0:0:48
0,1,85,0.1,0.9,0.3259,0.99999,-12.2926980309,897.7486726678623,0:0:48
0,1,86,0.1,0.9,0.3259,0.99999,-9.75814723976,897.7486726678623,0:0:48
0,1,87,0.1,0.9,0.3259,0.99999,-12.0291047486,897.7486726678623,0:0:49
0,1,88,0.1,0.9,0.3259,0.99999,-6.43281660184,897.7486726678623,0:0:49
0,1,89,0.1,0.9,0.3259,0.99999,-3.18859158923,897.7486726678623,0:0:49
0,1,90,0.1,0.9,0.3259,0.99999,0.197568267674,897.7486726678623,0:0:49
0,1,91,0.1,0.9,0.3259,0.99999,1.23166499044,897.7486726678623,0:0:49
0,1,92,0.1,0.9,0.3259,0.99999,7.52681742669,897.7486726678623,0:0:49
0,1,93,0.1,0.9,0.3259,0.99999,14.0648696354,897.7486726678623,0:0:49
0,1,94,0.1,0.9,0.3259,0.99999,15.7449263949,897.7486726678623,0:0:49
0,1,95,0.1,0.9,0.3259,0.99999,22.6878115577,897.7486726678623,0:0:49
0,1,96,0.1,0.9,0.3259,0.99999,19.6920476974,897.7486726678623,0:0:49
0,1,97,0.1,0.9,0.3259,0.99999,24.5500431466,897.7486726678623,0:0:49
0,1,98,0.1,0.9,0.3259,0.99999,32.2488905883,897.7486726678623,0:0:49
0,1,99,0.1,0.9,0.3259,0.99999,40.2710492086,897.7486726678623,0:0:50
0,1,100,0.1,0.9,0.3259,0.99999,38.6976090981,897.7486726678623,0:0:50
0,1,101,0.1,0.9,0.3259,0.99999,42.8127601563,897.7486726678623,0:0:50
0,1,102,0.1,0.9,0.3259,0.99999,47.122234148,897.7486726678623,0:0:50
0,1,103,0.1,0.9,0.3259,0.99999,54.1301638166,897.7486726678623,0:0:50
0,1,104,0.1,0.9,0.3259,0.99999,56.5425487809,897.7486726678623,0:0:50
0,1,105,0.1,0.9,0.3259,0.99999,56.582755197,897.7486726678623,0:0:50
0,1,106,0.1,0.9,0.3259,0.99999,61.8206979852,897.7486726678623,0:0:50
0,1,107,0.1,0.9,0.3259,0.99999,67.1188470124,897.7486726678623,0:0:50
0,1,108,0.1,0.9,0.3259,0.99999,74.9923440748,897.7486726678623,0:0:50
0,1,109,0.1,0.9,0.3259,0.99999,82.8658411372,897.7486726678623,0:0:50
0,1,110,0.1,0.9,0.3259,0.99999,90.8458411372,897.7486726678623,0:0:50
0,1,111,0.1,0.9,0.3259,0.99999,100.365841137,897.7486726678623,0:0:51
0,1,112,0.1,0.9,0.3259,0.99999,108.545841137,897.7486726678623,0:0:51
0,1,113,0.1,0.9,0.3259,0.99999,111.959978437,897.7486726678623,0:0:51
0,1,114,0.1,0.9,0.3259,0.99999,120.749765165,897.7486726678623,0:0:51
0,1,115,0.1,0.9,0.3259,0.99999,124.616474065,897.7486726678623,0:0:51
0,1,116,0.1,0.9,0.3259,0.99999,131.142795624,897.7486726678623,0:0:51
0,1,117,0.1,0.9,0.3259,0.99999,133.00993765,897.7486726678623,0:0:51
0,1,118,0.1,0.9,0.3259,0.99999,137.359981306,897.7486726678623,0:0:51
0,1,119,0.1,0.9,0.3259,0.99999,145.305266524,897.7486726678623,0:0:51
0,1,120,0.1,0.9,0.3259,0.99999,147.367499448,897.7486726678623,0:0:51
0,1,121,0.1,0.9,0.3259,0.99999,154.446510543,897.7486726678623,0:0:51
0,1,122,0.1,0.9,0.3259,0.99999,162.166627151,897.7486726678623,0:0:51
0,1,123,0.1,0.9,0.3259,0.99999,164.344095938,897.7486726678623,0:0:51
0,1,124,0.1,0.9,0.3259,0.99999,166.521564725,897.7486726678623,0:0:52
0,1,125,0.1,0.9,0.3259,0.99999,174.169163491,897.7486726678623,0:0:52
0,1,126,0.1,0.9,0.3259,0.99999,181.757478545,897.7486726678623,0:0:52
0,1,127,0.1,0.9,0.3259,0.99999,191.502795185,897.7486726678623,0:0:52
0,1,128,0.1,0.9,0.3259,0.99999,196.454362952,897.7486726678623,0:0:52
0,1,129,0.1,0.9,0.3259,0.99999,201.456523176,897.7486726678623,0:0:52
0,1,130,0.1,0.9,0.3259,0.99999,206.646706345,897.7486726678623,0:0:52
0,1,131,0.1,0.9,0.3259,0.99999,216.201361725,897.7486726678623,0:0:52
0,1,132,0.1,0.9,0.3259,0.99999,219.047143781,897.7486726678623,0:0:52
0,1,133,0.1,0.9,0.3259,0.99999,225.955525049,897.7486726678623,0:0:52
0,1,134,0.1,0.9,0.3259,0.99999,228.85520607,897.7486726678623,0:0:52
0,1,135,0.1,0.9,0.3259,0.99999,234.341089083,897.7486726678623,0:0:52
0,1,136,0.1,0.9,0.3259,0.99999,237.372711327,897.7486726678623,0:0:53
0,1,137,0.1,0.9,0.3259,0.99999,244.108948323,897.7486726678623,0:0:53
0,1,138,0.1,0.9,0.3259,0.99999,247.057272342,897.7486726678623,0:0:53
0,1,139,0.1,0.9,0.3259,0.99999,253.859929226,897.7486726678623,0:0:53
0,1,140,0.1,0.9,0.3259,0.99999,259.230458617,897.7486726678623,0:0:53
0,1,141,0.1,0.9,0.3259,0.99999,264.600988009,897.7486726678623,0:0:53
0,1,142,0.1,0.9,0.3259,0.99999,267.480837103,897.7486726678623,0:0:53
0,1,143,0.1,0.9,0.3259,0.99999,276.804877131,897.7486726678623,0:0:53
0,1,144,0.1,0.9,0.3259,0.99999,279.563238972,897.7486726678623,0:0:53
0,1,145,0.1,0.9,0.3259,0.99999,286.912725161,897.7486726678623,0:0:53
0,1,146,0.1,0.9,0.3259,0.99999,296.553279062,897.7486726678623,0:0:53
0,1,147,0.1,0.9,0.3259,0.99999,303.638505423,897.7486726678623,0:0:53
0,1,148,0.1,0.9,0.3259,0.99999,311.072185539,897.7486726678623,0:0:53
0,1,149,0.1,0.9,0.3259,0.99999,318.563941281,897.7486726678623,0:0:53
0,1,150,0.1,0.9,0.3259,0.99999,325.521069724,897.7486726678623,0:0:54
0,1,151,0.1,0.9,0.3259,0.99999,333.10291552,897.7486726678623,0:0:54
0,1,152,0.1,0.9,0.3259,0.99999,339.990241091,897.7486726678623,0:0:54
0,1,153,0.1,0.9,0.3259,0.99999,349.289095223,897.7486726678623,0:0:54
0,1,154,0.1,0.9,0.3259,0.99999,351.34982502,897.7486726678623,0:0:54
0,1,155,0.1,0.9,0.3259,0.99999,355.810290003,897.7486726678623,0:0:54
0,1,156,0.1,0.9,0.3259,0.99999,365.077290527,897.7486726678623,0:0:54
0,1,157,0.1,0.9,0.3259,0.99999,369.530109203,897.7486726678623,0:0:54
0,1,158,0.1,0.9,0.3259,0.99999,371.522778555,897.7486726678623,0:0:54
0,1,159,0.1,0.9,0.3259,0.99999,378.217381473,897.7486726678623,0:0:54
0,1,160,0.1,0.9,0.3259,0.99999,385.912524574,897.7486726678623,0:0:54
0,1,161,0.1,0.9,0.3259,0.99999,387.76470542,897.7486726678623,0:0:54
0,1,162,0.1,0.9,0.3259,0.99999,391.882079079,897.7486726678623,0:0:55
0,1,163,0.1,0.9,0.3259,0.99999,395.928358652,897.7486726678623,0:0:55
0,1,164,0.1,0.9,0.3259,0.99999,404.405290323,897.7486726678623,0:0:55
0,1,165,0.1,0.9,0.3259,0.99999,412.735169691,897.7486726678623,0:0:55
0,1,166,0.1,0.9,0.3259,0.99999,420.937375104,897.7486726678623,0:0:55
0,1,167,0.1,0.9,0.3259,0.99999,429.257586821,897.7486726678623,0:0:55
0,1,168,0.1,0.9,0.3259,0.99999,435.077401342,897.7486726678623,0:0:55
0,1,169,0.1,0.9,0.3259,0.99999,440.953718917,897.7486726678623,0:0:55
0,1,170,0.1,0.9,0.3259,0.99999,449.170221149,897.7486726678623,0:0:55
0,1,171,0.1,0.9,0.3259,0.99999,457.405525446,897.7486726678623,0:0:55
0,1,172,0.1,0.9,0.3259,0.99999,458.569255114,897.7486726678623,0:0:55
0,1,173,0.1,0.9,0.3259,0.99999,459.862153472,897.7486726678623,0:0:56
0,1,174,0.1,0.9,0.3259,0.99999,465.885336232,897.7486726678623,0:0:56
0,1,175,0.1,0.9,0.3259,0.99999,469.570326926,897.7486726678623,0:0:56
0,1,176,0.1,0.9,0.3259,0.99999,477.576296557,897.7486726678623,0:0:56
0,1,177,0.1,0.9,0.3259,0.99999,483.578846657,897.7486726678623,0:0:56
0,1,178,0.1,0.9,0.3259,0.99999,487.251214264,897.7486726678623,0:0:56
0,1,179,0.1,0.9,0.3259,0.99999,493.253764364,897.7486726678623,0:0:56
0,1,180,0.1,0.9,0.3259,0.99999,494.593648652,897.7486726678623,0:0:56
0,1,181,0.1,0.9,0.3259,0.99999,502.600595481,897.7486726678623,0:0:56
0,1,182,0.1,0.9,0.3259,0.99999,506.068651924,897.7486726678623,0:0:56
0,1,183,0.1,0.9,0.3259,0.99999,507.16097583,897.7486726678623,0:0:56
0,1,184,0.1,0.9,0.3259,0.99999,512.82624897,897.7486726678623,0:0:56
0,1,185,0.1,0.9,0.3259,0.99999,520.551819911,897.7486726678623,0:0:56
0,1,186,0.1,0.9,0.3259,0.99999,525.902477718,897.7486726678623,0:0:56
0,1,187,0.1,0.9,0.3259,0.99999,534.430435597,897.7486726678623,0:0:57
0,1,188,0.1,0.9,0.3259,0.99999,537.354022826,897.7486726678623,0:0:57
0,1,189,0.1,0.9,0.3259,0.99999,544.861553514,897.7486726678623,0:0:57
0,1,190,0.1,0.9,0.3259,0.99999,552.369084201,897.7486726678623,0:0:57
0,1,191,0.1,0.9,0.3259,0.99999,557.573200872,897.7486726678623,0:0:57
0,1,192,0.1,0.9,0.3259,0.99999,560.541746296,897.7486726678623,0:0:57
0,1,193,0.1,0.9,0.3259,0.99999,565.791820689,897.7486726678623,0:0:57
0,1,194,0.1,0.9,0.3259,0.99999,574.316331723,897.7486726678623,0:0:57
0,1,195,0.1,0.9,0.3259,0.99999,581.785319433,897.7486726678623,0:0:57
0,1,196,0.1,0.9,0.3259,0.99999,590.171247732,897.7486726678623,0:0:57
0,1,197,0.1,0.9,0.3259,0.99999,593.283281492,897.7486726678623,0:0:57
0,1,198,0.1,0.9,0.3259,0.99999,594.2461765,897.7486726678623,0:0:57
0,1,199,0.1,0.9,0.3259,0.99999,602.131014867,897.7486726678623,0:0:58
0,1,200,0.1,0.9,0.3259,0.99999,610.020473417,897.7486726678623,0:0:58
0,1,201,0.1,0.9,0.3259,0.99999,613.870354347,897.7486726678623,0:0:58
0,1,202,0.1,0.9,0.3259,0.99999,615.566450324,897.7486726678623,0:0:58
0,1,203,0.1,0.9,0.3259,0.99999,617.313676716,897.7486726678623,0:0:58
0,1,204,0.1,0.9,0.3259,0.99999,623.618101841,897.7486726678623,0:0:58
0,1,205,0.1,0.9,0.3259,0.99999,630.73888087,897.7486726678623,0:0:58
0,1,206,0.1,0.9,0.3259,0.99999,634.849646168,897.7486726678623,0:0:58
0,1,207,0.1,0.9,0.3259,0.99999,641.946032675,897.7486726678623,0:0:58
0,1,208,0.1,0.9,0.3259,0.99999,648.976585929,897.7486726678623,0:0:58
0,1,209,0.1,0.9,0.3259,0.99999,655.995087127,897.7486726678623,0:0:59
0,1,210,0.1,0.9,0.3259,0.99999,662.424248531,897.7486726678623,0:0:59
0,1,211,0.1,0.9,0.3259,0.99999,664.438831452,897.7486726678623,0:0:59
0,1,212,0.1,0.9,0.3259,0.99999,671.273112035,897.7486726678623,0:0:59
0,1,213,0.1,0.9,0.3259,0.99999,675.679351923,897.7486726678623,0:0:59
0,1,214,0.1,0.9,0.3259,0.99999,680.085591811,897.7486726678623,0:0:59
0,1,215,0.1,0.9,0.3259,0.99999,682.320408357,897.7486726678623,0:0:59
0,1,216,0.1,0.9,0.3259,0.99999,684.555224903,897.7486726678623,0:0:59
0,1,217,0.1,0.9,0.3259,0.99999,693.337517167,897.7486726678623,0:0:59
0,1,218,0.1,0.9,0.3259,0.99999,695.621621405,897.7486726678623,0:0:59
0,1,219,0.1,0.9,0.3259,0.99999,700.111295349,897.7486726678623,0:0:59
0,1,220,0.1,0.9,0.3259,0.99999,702.391484084,897.7486726678623,0:0:59
0,1,221,0.1,0.9,0.3259,0.99999,711.178983407,897.7486726678623,0:0:59
0,1,222,0.1,0.9,0.3259,0.99999,713.27520794,897.7486726678623,0:1:0
0,1,223,0.1,0.9,0.3259,0.99999,721.803998564,897.7486726678623,0:1:0
0,1,224,0.1,0.9,0.3259,0.99999,723.629717541,897.7486726678623,0:1:0
0,1,225,0.1,0.9,0.3259,0.99999,725.329632522,897.7486726678623,0:1:0
0,1,226,0.1,0.9,0.3259,0.99999,732.497315273,897.7486726678623,0:1:0
0,1,227,0.1,0.9,0.3259,0.99999,736.101255367,897.7486726678623,0:1:0
0,1,228,0.1,0.9,0.3259,0.99999,741.550293076,897.7486726678623,0:1:0
0,1,229,0.1,0.9,0.3259,0.99999,744.58397011,897.7486726678623,0:1:0
0,1,230,0.1,0.9,0.3259,0.99999,752.656340608,897.7486726678623,0:1:0
0,1,231,0.1,0.9,0.3259,0.99999,761.152814107,897.7486726678623,0:1:0
0,1,232,0.1,0.9,0.3259,0.99999,763.359464689,897.7486726678623,0:1:1
0,1,233,0.1,0.9,0.3259,0.99999,767.557055401,897.7486726678623,0:1:1
0,1,234,0.1,0.9,0.3259,0.99999,767.141479034,897.7486726678623,0:1:1
0,1,235,0.1,0.9,0.3259,0.99999,770.89898202,897.7486726678623,0:1:1
0,1,236,0.1,0.9,0.3259,0.99999,774.425325761,897.7486726678623,0:1:1
0,1,237,0.1,0.9,0.3259,0.99999,773.458969243,897.7486726678623,0:1:1
0,1,238,0.1,0.9,0.3259,0.99999,774.494351226,897.7486726678623,0:1:1
0,1,239,0.1,0.9,0.3259,0.99999,773.200123748,897.7486726678623,0:1:1
0,1,240,0.1,0.9,0.3259,0.99999,780.430541262,897.7486726678623,0:1:1
0,1,241,0.1,0.9,0.3259,0.99999,778.759543133,897.7486726678623,0:1:1
0,1,242,0.1,0.9,0.3259,0.99999,777.03686465,897.7486726678623,0:1:1
0,1,243,0.1,0.9,0.3259,0.99999,783.651950026,897.7486726678623,0:1:1
0,1,244,0.1,0.9,0.3259,0.99999,787.504134919,897.7486726678623,0:1:2
0,1,245,0.1,0.9,0.3259,0.99999,788.980563464,897.7486726678623,0:1:2
0,1,246,0.1,0.9,0.3259,0.99999,788.259516965,897.7486726678623,0:1:2
0,1,247,0.1,0.9,0.3259,0.99999,789.581435546,897.7486726678623,0:1:2
0,1,248,0.1,0.9,0.3259,0.99999,788.68871131,897.7486726678623,0:1:2
0,1,249,0.1,0.9,0.3259,0.99999,789.890455474,897.7486726678623,0:1:2
0,1,250,0.1,0.9,0.3259,0.99999,793.186668038,897.7486726678623,0:1:2
0,1,251,0.1,0.9,0.3259,0.99999,796.425815071,897.7486726678623,0:1:2
0,1,252,0.1,0.9,0.3259,0.99999,797.522669093,897.7486726678623,0:1:2
0,1,253,0.1,0.9,0.3259,0.99999,802.904109138,897.7486726678623,0:1:2
0,1,254,0.1,0.9,0.3259,0.99999,799.767792169,897.7486726678623,0:1:2
0,1,255,0.1,0.9,0.3259,0.99999,800.967476255,897.7486726678623,0:1:2
0,1,256,0.1,0.9,0.3259,0.99999,802.218575374,897.7486726678623,0:1:3
0,1,257,0.1,0.9,0.3259,0.99999,805.68052088,897.7486726678623,0:1:3
0,1,258,0.1,0.9,0.3259,0.99999,804.859290567,897.7486726678623,0:1:3
0,1,259,0.1,0.9,0.3259,0.99999,806.176680861,897.7486726678623,0:1:3
0,1,260,0.1,0.9,0.3259,0.99999,803.216829941,897.7486726678623,0:1:3
0,1,261,0.1,0.9,0.3259,0.99999,806.672840842,897.7486726678623,0:1:3
0,1,262,0.1,0.9,0.3259,0.99999,805.783174669,897.7486726678623,0:1:3
0,1,263,0.1,0.9,0.3259,0.99999,811.299897094,897.7486726678623,0:1:3
0,1,264,0.1,0.9,0.3259,0.99999,812.495471613,897.7486726678623,0:1:3
0,1,265,0.1,0.9,0.3259,0.99999,817.909716221,897.7486726678623,0:1:3
0,1,266,0.1,0.9,0.3259,0.99999,821.189006331,897.7486726678623,0:1:3
0,1,267,0.1,0.9,0.3259,0.99999,822.333341943,897.7486726678623,0:1:3
0,1,268,0.1,0.9,0.3259,0.99999,823.477677554,897.7486726678623,0:1:4
0,1,269,0.1,0.9,0.3259,0.99999,822.539907897,897.7486726678623,0:1:4
0,1,270,0.1,0.9,0.3259,0.99999,827.996022264,897.7486726678623,0:1:4
0,1,271,0.1,0.9,0.3259,0.99999,827.058252607,897.7486726678623,0:1:4
0,1,272,0.1,0.9,0.3259,0.99999,830.383072299,897.7486726678623,0:1:4
0,1,273,0.1,0.9,0.3259,0.99999,835.839186666,897.7486726678623,0:1:4
0,1,274,0.1,0.9,0.3259,0.99999,837.081729083,897.7486726678623,0:1:4
0,1,275,0.1,0.9,0.3259,0.99999,840.451912623,897.7486726678623,0:1:4
0,1,276,0.1,0.9,0.3259,0.99999,845.949737288,897.7486726678623,0:1:4
0,1,277,0.1,0.9,0.3259,0.99999,851.515646469,897.7486726678623,0:1:4
0,1,278,0.1,0.9,0.3259,0.99999,852.976954229,897.7486726678623,0:1:4
0,1,279,0.1,0.9,0.3259,0.99999,858.805193318,897.7486726678623,0:1:4
0,1,280,0.1,0.9,0.3259,0.99999,862.611390274,897.7486726678623,0:1:5
0,1,281,0.1,0.9,0.3259,0.99999,868.643532771,897.7486726678623,0:1:5
0,1,282,0.1,0.9,0.3259,0.99999,870.746922751,897.7486726678623,0:1:5
0,1,283,0.1,0.9,0.3259,0.99999,872.969052488,897.7486726678623,0:1:5
0,1,284,0.1,0.9,0.3259,0.99999,879.742550116,897.7486726678623,0:1:5
0,1,285,0.1,0.9,0.3259,0.99999,880.487634855,897.7486726678623,0:1:5
0,1,286,0.1,0.9,0.3259,0.99999,883.665721383,897.7486726678623,0:1:5
0,1,287,0.1,0.9,0.3259,0.99999,887.012855066,897.7486726678623,0:1:5
0,1,288,0.1,0.9,0.3259,0.99999,886.285952296,897.7486726678623,0:1:5
0,1,289,0.1,0.9,0.3259,0.99999,889.9986144,897.7486726678623,0:1:5
0,1,290,0.1,0.9,0.3259,0.99999,891.649601562,897.7486726678623,0:1:5
0,1,291,0.1,0.9,0.3259,0.99999,893.351129147,897.7486726678623,0:1:5
0,1,292,0.1,0.9,0.3259,0.99999,899.254221982,899.2542219822723,0:1:5
0,1,293,0.1,0.9,0.3259,0.99999,900.902378956,900.9023789561695,0:1:6
0,1,294,0.1,0.9,0.3259,0.99999,906.694617884,906.6946178842069,0:1:6
0,1,295,0.1,0.9,0.3259,0.99999,908.186286168,908.1862861684666,0:1:6
0,1,296,0.1,0.9,0.3259,0.99999,915.896032357,915.8960323567754,0:1:6
0,1,297,0.1,0.9,0.3259,0.99999,921.450919107,921.4509191066331,0:1:6
0,1,298,0.1,0.9,0.3259,0.99999,924.908420368,924.9084203678208,0:1:6
0,1,299,0.1,0.9,0.3259,0.99999,928.365921629,928.3659216290084,0:1:6
0,1,300,0.1,0.9,0.3259,0.99999,931.82342289,931.8234228901961,0:1:6
0,1,301,0.1,0.9,0.3259,0.99999,939.393542314,939.3935423140123,0:1:6
0,1,302,0.1,0.9,0.3259,0.99999,942.845116589,942.8451165887478,0:1:6
0,1,303,0.1,0.9,0.3259,0.99999,946.290774037,946.2907740373078,0:1:6
0,1,304,0.1,0.9,0.3259,0.99999,953.884813166,953.8848131663719,0:1:6
0,1,305,0.1,0.9,0.3259,0.99999,959.401708114,959.4017081135258,0:1:7
0,1,306,0.1,0.9,0.3259,0.99999,965.025266453,965.0252664531794,0:1:7
0,1,307,0.1,0.9,0.3259,0.99999,970.953829049,970.9538290485683,0:1:7
0,1,308,0.1,0.9,0.3259,0.99999,970.821574309,970.9538290485683,0:1:7
0,1,309,0.1,0.9,0.3259,0.99999,975.079478073,975.0794780728878,0:1:7
0,1,310,0.1,0.9,0.3259,0.99999,979.544260525,979.544260524936,0:1:7
0,1,311,0.1,0.9,0.3259,0.99999,986.216721385,986.216721385008,0:1:7
0,1,312,0.1,0.9,0.3259,0.99999,988.88113045,988.8811304497085,0:1:7
0,1,313,0.1,0.9,0.3259,0.99999,996.220323091,996.2203230913061,0:1:7
0,1,314,0.1,0.9,0.3259,0.99999,997.189030845,997.1890308448951,0:1:7
0,1,315,0.1,0.9,0.3259,0.99999,1000.3032505,1000.3032505003009,0:1:7
0,1,316,0.1,0.9,0.3259,0.99999,1001.53044042,1001.5304404223916,0:1:8
0,1,317,0.1,0.9,0.3259,0.99999,1005.0096853,1005.0096852991753,0:1:8
0,1,318,0.1,0.9,0.3259,0.99999,1008.48296592,1008.4829659157346,0:1:8
0,1,319,0.1,0.9,0.3259,0.99999,1011.9502925,1011.950292496242,0:1:8
0,1,320,0.1,0.9,0.3259,0.99999,1013.21784111,1013.2178411093214,0:1:8
0,1,321,0.1,0.9,0.3259,0.99999,1014.38788598,1014.3878859829332,0:1:8
0,1,322,0.1,0.9,0.3259,0.99999,1021.33122974,1021.3312297361799,0:1:8
0,1,323,0.1,0.9,0.3259,0.99999,1028.78090953,1028.780909526999,0:1:8
0,1,324,0.1,0.9,0.3259,0.99999,1031.09281827,1031.0928182729886,0:1:8
0,1,325,0.1,0.9,0.3259,0.99999,1035.04699077,1035.0469907699887,0:1:8
0,1,326,0.1,0.9,0.3259,0.99999,1038.85590795,1038.8559079507727,0:1:9
0,1,327,0.1,0.9,0.3259,0.99999,1042.40050673,1042.4005067316825,0:1:9
0,1,328,0.1,0.9,0.3259,0.99999,1045.84252406,1045.8425240613258,0:1:9
0,1,329,0.1,0.9,0.3259,0.99999,1049.22020462,1049.2202046184523,0:1:9
0,1,330,0.1,0.9,0.3259,0.99999,1056.5580804,1056.5580803991452,0:1:9
0,1,331,0.1,0.9,0.3259,0.99999,1055.8676457,1056.5580803991452,0:1:9
0,1,332,0.1,0.9,0.3259,0.99999,1061.23739288,1061.2373928793752,0:1:9
0,1,333,0.1,0.9,0.3259,0.99999,1064.59773273,1064.597732732768,0:1:9
0,1,334,0.1,0.9,0.3259,0.99999,1066.01943544,1066.0194354414152,0:1:9
0,1,335,0.1,0.9,0.3259,0.99999,1073.41875257,1073.418752566263,0:1:9
0,1,336,0.1,0.9,0.3259,0.99999,1074.83801814,1074.8380181354687,0:1:10
0,1,337,0.1,0.9,0.3259,0.99999,1074.26393319,1074.8380181354687,0:1:10
0,1,338,0.1,0.9,0.3259,0.99999,1081.65056611,1081.650566106678,0:1:10
0,1,339,0.1,0.9,0.3259,0.99999,1083.06739871,1083.0673987142839,0:1:10
0,1,340,0.1,0.9,0.3259,0.99999,1082.49528032,1083.0673987142839,0:1:10
0,1,341,0.1,0.9,0.3259,0.99999,1087.81915985,1087.8191598512383,0:1:10
0,1,342,0.1,0.9,0.3259,0.99999,1087.18456246,1087.8191598512383,0:1:10
0,1,343,0.1,0.9,0.3259,0.99999,1092.45172079,1092.451720786904,0:1:10
0,1,344,0.1,0.9,0.3259,0.99999,1097.71887911,1097.7188791110168,0:1:10
0,1,345,0.1,0.9,0.3259,0.99999,1102.97700826,1102.977008262421,0:1:10
0,1,346,0.1,0.9,0.3259,0.99999,1108.23513741,1108.235137413825,0:1:10
0,1,347,0.1,0.9,0.3259,0.99999,1115.46057646,1115.4605764613746,0:1:10
0,1,348,0.1,0.9,0.3259,0.99999,1122.83146423,1122.8314642291991,0:1:10
0,1,349,0.1,0.9,0.3259,0.99999,1124.33089536,1124.3308953596988,0:1:11
0,1,350,0.1,0.9,0.3259,0.99999,1125.96956397,1125.9695639657364,0:1:11
0,1,351,0.1,0.9,0.3259,0.99999,1133.72172699,1133.7217269866062,0:1:11
0,1,352,0.1,0.9,0.3259,0.99999,1133.84756234,1133.847562335453,0:1:11
0,1,353,0.1,0.9,0.3259,0.99999,1135.98309616,1135.9830961623607,0:1:11
0,1,354,0.1,0.9,0.3259,0.99999,1142.24837555,1142.248375551597,0:1:11
0,1,355,0.1,0.9,0.3259,0.99999,1149.4591225,1149.4591224962219,0:1:11
0,1,356,0.1,0.9,0.3259,0.99999,1156.09415654,1156.0941565436453,0:1:11
0,1,357,0.1,0.9,0.3259,0.99999,1162.97956923,1162.9795692343678,0:1:11
0,1,358,0.1,0.9,0.3259,0.99999,1168.10353264,1168.1035326365018,0:1:11
0,1,359,0.1,0.9,0.3259,0.99999,1175.46440099,1175.464400985091,0:1:11
0,1,360,0.1,0.9,0.3259,0.99999,1181.59325959,1181.5932595888953,0:1:11
0,1,361,0.1,0.9,0.3259,0.99999,1183.30577549,1183.3057754914778,0:1:12
0,1,362,0.1,0.9,0.3259,0.99999,1189.00378295,1189.003782949161,0:1:12
0,1,363,0.1,0.9,0.3259,0.99999,1194.98731379,1194.9873137876705,0:1:12
0,1,364,0.1,0.9,0.3259,0.99999,1200.5978453,1200.597845301182,0:1:12
0,1,365,0.1,0.9,0.3259,0.99999,1208.01120689,1208.011206885517,0:1:12
0,1,366,0.1,0.9,0.3259,0.99999,1213.36388066,1213.3638806591875,0:1:12
0,1,367,0.1,0.9,0.3259,0.99999,1220.46974903,1220.4697490311908,0:1:12
0,1,368,0.1,0.9,0.3259,0.99999,1225.17822264,1225.1782226373327,0:1:12
0,1,369,0.1,0.9,0.3259,0.99999,1228.45613467,1228.456134665112,0:1:12
0,1,370,0.1,0.9,0.3259,0.99999,1232.56193613,1232.5619361344166,0:1:12
0,1,371,0.1,0.9,0.3259,0.99999,1236.51338417,1236.5133841650256,0:1:12
0,1,372,0.1,0.9,0.3259,0.99999,1243.97128402,1243.9712840152022,0:1:12
0,1,373,0.1,0.9,0.3259,0.99999,1250.3351531,1250.335153102233,0:1:13
0,1,374,0.1,0.9,0.3259,0.99999,1257.33417671,1257.3341767087868,0:1:13
0,1,375,0.1,0.9,0.3259,0.99999,1264.2409055,1264.2409054985508,0:1:13
0,1,376,0.1,0.9,0.3259,0.99999,1269.07807707,1269.0780770687222,0:1:13
0,1,377,0.1,0.9,0.3259,0.99999,1275.81940507,1275.8194050665168,0:1:13
0,1,378,0.1,0.9,0.3259,0.99999,1282.60680136,1282.6068013649794,0:1:13
0,1,379,0.1,0.9,0.3259,0.99999,1285.32017175,1285.3201717495094,0:1:13
0,1,380,0.1,0.9,0.3259,0.99999,1292.22204902,1292.2220490185146,0:1:13
0,1,381,0.1,0.9,0.3259,0.99999,1294.88485754,1294.8848575435852,0:1:13
0,1,382,0.1,0.9,0.3259,0.99999,1301.8479488,1301.8479488016724,0:1:13
0,1,383,0.1,0.9,0.3259,0.99999,1308.84493544,1308.8449354414452,0:1:13
0,1,384,0.1,0.9,0.3259,0.99999,1313.93226416,1313.9322641555157,0:1:13
0,1,385,0.1,0.9,0.3259,0.99999,1320.29196223,1320.2919622269571,0:1:14
0,1,386,0.1,0.9,0.3259,0.99999,1326.69741352,1326.6974135219343,0:1:14
0,1,387,0.1,0.9,0.3259,0.99999,1333.51818239,1333.5181823913679,0:1:14
0,1,388,0.1,0.9,0.3259,0.99999,1338.1617862,1338.1617861975672,0:1:14
0,1,389,0.1,0.9,0.3259,0.99999,1344.77327783,1344.7732778258967,0:1:14
0,1,390,0.1,0.9,0.3259,0.99999,1349.28701442,1349.287014424171,0:1:14
0,1,391,0.1,0.9,0.3259,0.99999,1353.50571816,1353.5057181588716,0:1:14
0,1,392,0.1,0.9,0.3259,0.99999,1359.36253208,1359.3625320781457,0:1:14
0,1,393,0.1,0.9,0.3259,0.99999,1366.61072348,1366.6107234774988,0:1:14
0,1,394,0.1,0.9,0.3259,0.99999,1371.47635638,1371.4763563770807,0:1:14
0,1,395,0.1,0.9,0.3259,0.99999,1378.05768726,1378.0576872554007,0:1:14
0,1,396,0.1,0.9,0.3259,0.99999,1384.44814484,1384.4481448401882,0:1:15
0,1,397,0.1,0.9,0.3259,0.99999,1391.30254665,1391.3025466524427,0:1:15
0,1,398,0.1,0.9,0.3259,0.99999,1397.28333188,1397.283331876604,0:1:15
0,1,399,0.1,0.9,0.3259,0.99999,1402.61363291,1402.6136329117999,0:1:15
0,1,400,0.1,0.9,0.3259,0.99999,1409.89678982,1409.8967898228623,0:1:15
0,1,401,0.1,0.9,0.3259,0.99999,1417.16746166,1417.1674616560956,0:1:15
0,1,402,0.1,0.9,0.3259,0.99999,1421.01875578,1421.0187557806544,0:1:15
0,1,403,0.1,0.9,0.3259,0.99999,1426.40685961,1426.4068596105728,0:1:15
0,1,404,0.1,0.9,0.3259,0.99999,1433.62780479,1433.6278047900955,0:1:15
0,1,405,0.1,0.9,0.3259,0.99999,1435.67619536,1435.6761953614296,0:1:15
0,1,406,0.1,0.9,0.3259,0.99999,1442.82591667,1442.825916666116,0:1:15
0,1,407,0.1,0.9,0.3259,0.99999,1444.99946567,1444.999465668562,0:1:15
0,1,408,0.1,0.9,0.3259,0.99999,1450.11614292,1450.1161429207611,0:1:15
0,1,409,0.1,0.9,0.3259,0.99999,1452.32994884,1452.3299488379018,0:1:15
0,1,410,0.1,0.9,0.3259,0.99999,1459.09771284,1459.0977128377124,0:1:16
0,1,411,0.1,0.9,0.3259,0.99999,1461.56878768,1461.5687876800569,0:1:16
0,1,412,0.1,0.9,0.3259,0.99999,1467.75428475,1467.7542847481388,0:1:16
0,1,413,0.1,0.9,0.3259,0.99999,1472.3818397,1472.3818397027057,0:1:16
0,1,414,0.1,0.9,0.3259,0.99999,1478.76269289,1478.762692887788,0:1:16
0,1,415,0.1,0.9,0.3259,0.99999,1483.22262173,1483.2226217253485,0:1:16
0,1,416,0.1,0.9,0.3259,0.99999,1486.03761384,1486.0376138420013,0:1:16
0,1,417,0.1,0.9,0.3259,0.99999,1488.97681865,1488.9768186467018,0:1:16
0,1,418,0.1,0.9,0.3259,0.99999,1494.93102929,1494.9310292902082,0:1:16
0,1,419,0.1,0.9,0.3259,0.99999,1501.56377839,1501.5637783921152,0:1:16
0,1,420,0.1,0.9,0.3259,0.99999,1504.76767145,1504.7676714465013,0:1:17
0,1,421,0.1,0.9,0.3259,0.99999,1508.0087176,1508.008717603907,0:1:17
0,1,422,0.1,0.9,0.3259,0.99999,1514.79189448,1514.7918944831488,0:1:17
0,1,423,0.1,0.9,0.3259,0.99999,1519.8351401,1519.8351400978156,0:1:17
0,1,424,0.1,0.9,0.3259,0.99999,1523.64590715,1523.6459071493475,0:1:17
0,1,425,0.1,0.9,0.3259,0.99999,1528.68915276,1528.6891527640144,0:1:17
0,1,426,0.1,0.9,0.3259,0.99999,1535.43750543,1535.4375054321895,0:1:17
0,1,427,0.1,0.9,0.3259,0.99999,1540.37876785,1540.3787678461254,0:1:17
0,1,428,0.1,0.9,0.3259,0.99999,1543.49347359,1543.493473591844,0:1:17
0,1,429,0.1,0.9,0.3259,0.99999,1550.07801419,1550.078014188786,0:1:17
0,1,430,0.1,0.9,0.3259,0.99999,1554.08783058,1554.0878305779495,0:1:17
0,1,431,0.1,0.9,0.3259,0.99999,1558.71487127,1558.7148712708013,0:1:17
0,1,432,0.1,0.9,0.3259,0.99999,1564.64589616,1564.6458961589115,0:1:17
0,1,433,0.1,0.9,0.3259,0.99999,1570.93068363,1570.9306836348155,0:1:18
0,1,434,0.1,0.9,0.3259,0.99999,1575.41611447,1575.4161144667137,0:1:18
0,1,435,0.1,0.9,0.3259,0.99999,1579.69122413,1579.691224130008,0:1:18
0,1,436,0.1,0.9,0.3259,0.99999,1585.73840582,1585.7384058188422,0:1:18
0,1,437,0.1,0.9,0.3259,0.99999,1588.37517575,1588.3751757501243,0:1:18
0,1,438,0.1,0.9,0.3259,0.99999,1592.71785784,1592.7178578354374,0:1:18
0,1,439,0.1,0.9,0.3259,0.99999,1598.78931464,1598.7893146362414,0:1:18
0,1,440,0.1,0.9,0.3259,0.99999,1601.35291949,1601.3529194935313,0:1:18
0,1,441,0.1,0.9,0.3259,0.99999,1605.67330665,1605.6733066453307,0:1:18
0,1,442,0.1,0.9,0.3259,0.99999,1608.2830722,1608.2830722016156,0:1:18
0,1,443,0.1,0.9,0.3259,0.99999,1610.89283776,1610.8928377579005,0:1:18
0,1,444,0.1,0.9,0.3259,0.99999,1616.92614507,1616.9261450660665,0:1:19
0,1,445,0.1,0.9,0.3259,0.99999,1621.16959752,1621.1695975193031,0:1:19
0,1,446,0.1,0.9,0.3259,0.99999,1625.40577568,1625.4057756772322,0:1:19
0,1,447,0.1,0.9,0.3259,0.99999,1631.40810854,1631.4081085362766,0:1:19
0,1,448,0.1,0.9,0.3259,0.99999,1634.000025,1634.0000249981367,0:1:19
0,1,449,0.1,0.9,0.3259,0.99999,1638.26883475,1638.2688347460069,0:1:19
0,1,450,0.1,0.9,0.3259,0.99999,1640.79315802,1640.7931580231993,0:1:19
0,1,451,0.1,0.9,0.3259,0.99999,1645.04734479,1645.0473447878867,0:1:19
0,1,452,0.1,0.9,0.3259,0.99999,1650.94430598,1650.9443059781197,0:1:19
0,1,453,0.1,0.9,0.3259,0.99999,1653.45566961,1653.4556696099762,0:1:19
0,1,454,0.1,0.9,0.3259,0.99999,1659.37286695,1659.372866945627,0:1:19
0,1,455,0.1,0.9,0.3259,0.99999,1663.55759074,1663.557590736722,0:1:20
0,1,456,0.1,0.9,0.3259,0.99999,1669.49481638,1669.4948163813965,0:1:20
0,1,457,0.1,0.9,0.3259,0.99999,1675.39174411,1675.3917441144556,0:1:20
0,1,458,0.1,0.9,0.3259,0.99999,1677.88593166,1677.885931656877,0:1:20
0,1,459,0.1,0.9,0.3259,0.99999,1680.37584356,1680.3758435636132,0:1:20
0,1,460,0.1,0.9,0.3259,0.99999,1686.21241126,1686.2124112589738,0:1:20
0,1,461,0.1,0.9,0.3259,0.99999,1688.69805486,1688.6980548594904,0:1:20
0,1,462,0.1,0.9,0.3259,0.99999,1691.17518379,1691.1751837857264,0:1:20
0,1,463,0.1,0.9,0.3259,0.99999,1695.2770962,1695.2770962012141,0:1:20
0,1,464,0.1,0.9,0.3259,0.99999,1697.67020833,1697.670208330031,0:1:20
0,1,465,0.1,0.9,0.3259,0.99999,1701.54571305,1701.5457130528378,0:1:20
0,1,466,0.1,0.9,0.3259,0.99999,1706.96080184,1706.9608018436088,0:1:20
0,1,467,0.1,0.9,0.3259,0.99999,1710.45867633,1710.4586763334542,0:1:21
0,1,468,0.1,0.9,0.3259,0.99999,1713.81828651,1713.818286510253,0:1:21
0,1,469,0.1,0.9,0.3259,0.99999,1718.35272345,1718.352723450298,0:1:21
0,1,470,0.1,0.9,0.3259,0.99999,1721.16038353,1721.1603835323608,0:1:21
0,1,471,0.1,0.9,0.3259,0.99999,1725.39755142,1725.3975514174358,0:1:21
0,1,472,0.1,0.9,0.3259,0.99999,1729.45668324,1729.456683244065,0:1:21
0,1,473,0.1,0.9,0.3259,0.99999,1735.41036211,1735.4103621097377,0:1:21
0,1,474,0.1,0.9,0.3259,0.99999,1740.8432723,1740.8432722976631,0:1:21
0,1,475,0.1,0.9,0.3259,0.99999,1741.3268219,1741.3268218987241,0:1:21
0,1,476,0.1,0.9,0.3259,0.99999,1747.4586792,1747.45867919873,0:1:21
0,1,477,0.1,0.9,0.3259,0.99999,1753.61909744,1753.6190974447472,0:1:22
0,1,478,0.1,0.9,0.3259,0.99999,1755.55969431,1755.5596943129428,0:1:22
0,1,479,0.1,0.9,0.3259,0.99999,1761.78756301,1761.7875630058252,0:1:22
0,1,480,0.1,0.9,0.3259,0.99999,1766.88851646,1766.888516459779,0:1:22
0,1,481,0.1,0.9,0.3259,0.99999,1773.09505133,1773.095051332571,0:1:22
0,1,482,0.1,0.9,0.3259,0.99999,1778.33375202,1778.3337520220568,0:1:22
0,1,483,0.1,0.9,0.3259,0.99999,1783.61512388,1783.6151238805637,0:1:22
0,1,484,0.1,0.9,0.3259,0.99999,1789.55505311,1789.5550531101803,0:1:22
0,1,485,0.1,0.9,0.3259,0.99999,1795.23987555,1795.2398755534382,0:1:22
0,1,486,0.1,0.9,0.3259,0.99999,1798.01950525,1798.0195052484935,0:1:22
0,1,487,0.1,0.9,0.3259,0.99999,1802.91405834,1802.914058336941,0:1:23
0,1,488,0.1,0.9,0.3259,0.99999,1807.85151928,1807.8515192829673,0:1:23
0,1,489,0.1,0.9,0.3259,0.99999,1813.83032857,1813.8303285748607,0:1:23
0,1,490,0.1,0.9,0.3259,0.99999,1816.13084428,1816.1308442754437,0:1:23
0,1,491,0.1,0.9,0.3259,0.99999,1818.87397202,1818.8739720196152,0:1:23
0,1,492,0.1,0.9,0.3259,0.99999,1823.28849388,1823.2884938776772,0:1:23
0,1,493,0.1,0.9,0.3259,0.99999,1828.05662943,1828.0566294254288,0:1:23
0,1,494,0.1,0.9,0.3259,0.99999,1832.7484748,1832.7484748044164,0:1:23
0,1,495,0.1,0.9,0.3259,0.99999,1836.12487439,1836.1248743885758,0:1:23
0,1,496,0.1,0.9,0.3259,0.99999,1839.80595174,1839.8059517355669,0:1:23
0,1,497,0.1,0.9,0.3259,0.99999,1845.61218714,1845.6121871385528,0:1:23
0,1,498,0.1,0.9,0.3259,0.99999,1851.36782354,1851.3678235402056,0:1:23
0,1,499,0.1,0.9,0.3259,0.99999,1856.7094953,1856.709495300493,0:1:24
0,1,500,0.1,0.9,0.3259,0.99999,1862.40759628,1862.4075962788902,0:1:24
0,1,501,0.1,0.9,0.3259,0.99999,1868.13368377,1868.133683768515,0:1:24
0,1,502,0.1,0.9,0.3259,0.99999,1873.85977126,1873.85977125814,0:1:24
0,1,503,0.1,0.9,0.3259,0.99999,1878.00563857,1878.0056385740584,0:1:24
0,1,504,0.1,0.9,0.3259,0.99999,1883.27315169,1883.2731516894396,0:1:24
0,1,505,0.1,0.9,0.3259,0.99999,1885.83979236,1885.8397923646,0:1:24
0,1,506,0.1,0.9,0.3259,0.99999,1891.03035331,1891.0303533085137,0:1:24
0,1,507,0.1,0.9,0.3259,0.99999,1893.67100853,1893.6710085306945,0:1:24
0,1,508,0.1,0.9,0.3259,0.99999,1898.76918158,1898.7691815842911,0:1:24
0,1,509,0.1,0.9,0.3259,0.99999,1903.82137539,1903.8213753886923,0:1:24
0,1,510,0.1,0.9,0.3259,0.99999,1909.65799481,1909.6579948122273,0:1:24
0,1,511,0.1,0.9,0.3259,0.99999,1913.0228335,1913.0228335038473,0:1:24
0,1,512,0.1,0.9,0.3259,0.99999,1915.87557357,1915.8755735674122,0:1:25
0,1,513,0.1,0.9,0.3259,0.99999,1918.98396262,1918.9839626244425,0:1:25
0,1,514,0.1,0.9,0.3259,0.99999,1921.8441556,1921.8441556042058,0:1:25
0,1,515,0.1,0.9,0.3259,0.99999,1926.02947374,1926.0294737391598,0:1:25
0,1,516,0.1,0.9,0.3259,0.99999,1929.68972251,1929.6897225084665,0:1:25
0,1,517,0.1,0.9,0.3259,0.99999,1931.87107759,1931.8710775869274,0:1:25
0,1,518,0.1,0.9,0.3259,0.99999,1935.20436448,1935.2043644810171,0:1:25
0,1,519,0.1,0.9,0.3259,0.99999,1939.66962986,1939.669629858729,0:1:25
0,1,520,0.1,0.9,0.3259,0.99999,1944.15896675,1944.158966747911,0:1:25
0,1,521,0.1,0.9,0.3259,0.99999,1948.5204566,1948.5204566012571,0:1:25
0,1,522,0.1,0.9,0.3259,0.99999,1953.41780839,1953.4178083940324,0:1:25
0,1,523,0.1,0.9,0.3259,0.99999,1958.53388029,1958.533880292479,0:1:26
0,1,524,0.1,0.9,0.3259,0.99999,1960.72954272,1960.7295427159281,0:1:26
0,1,525,0.1,0.9,0.3259,0.99999,1961.36090479,1961.3609047929133,0:1:26
0,1,526,0.1,0.9,0.3259,0.99999,1966.41180141,1966.4118014087946,0:1:26
0,1,527,0.1,0.9,0.3259,0.99999,1969.86050204,1969.8605020423026,0:1:26
0,1,528,0.1,0.9,0.3259,0.99999,1973.23785025,1973.2378502489103,0:1:26
0,1,529,0.1,0.9,0.3259,0.99999,1978.01026773,1978.010267734579,0:1:26
0,1,530,0.1,0.9,0.3259,0.99999,1981.2631095,1981.2631095034178,0:1:26
0,1,531,0.1,0.9,0.3259,0.99999,2181.2631095,2181.2631095034176,0:1:27
0,1,532,0.1,0.9,0.3259,0.99999,2381.2631095,2381.2631095034176,0:1:30
0,1,533,0.1,0.9,0.3259,0.99999,2581.2631095,2581.2631095034176,0:1:31
0,1,534,0.1,0.9,0.3259,0.99999,2781.2631095,2781.2631095034176,0:1:34
0,1,535,0.1,0.9,0.3259,0.99999,2981.2631095,2981.2631095034176,0:1:35
0,1,536,0.1,0.9,0.3259,0.99999,3181.2631095,3181.2631095034176,0:1:37
0,1,537,0.1,0.9,0.3259,0.99999,3381.2631095,3381.2631095034176,0:1:38
0,1,538,0.1,0.9,0.3259,0.99999,3581.2631095,3581.2631095034176,0:1:39
0,1,539,0.1,0.9,0.3259,0.99999,3781.2631095,3781.2631095034176,0:1:40
0,1,540,0.1,0.9,0.3259,0.99999,3981.2631095,3981.2631095034176,0:1:43
0,1,541,0.1,0.9,0.3259,0.99999,4181.2631095,4181.263109503418,0:1:44
0,1,542,0.1,0.9,0.3259,0.99999,4381.2631095,4381.263109503418,0:1:45
0,1,543,0.1,0.9,0.3259,0.99999,4581.2631095,4581.263109503418,0:1:46
0,1,544,0.1,0.9,0.3259,0.99999,4781.2631095,4781.263109503418,0:1:49
0,1,545,0.1,0.9,0.3259,0.99999,4981.2631095,4981.263109503418,0:1:52
0,1,546,0.1,0.9,0.3259,0.99999,5181.2631095,5181.263109503418,0:1:55
