0,0,0,1.5008207322851954,-0.9963530229975949,1.1,-3.2
0,0,1,1.5008598257797374,-0.9962811216488165,1.1,-3.2
0,0,2,1.501140018230537,-0.9960630408403642,1.1,-3.2
0,0,3,1.5017232835039633,-0.996004096060638,1.1,-3.2
0,0,4,1.5060440996631383,-0.9957958632357986,1.1,-3.2
0,0,5,1.5100051411235773,-0.9957121833657558,1.1,-3.2
0,0,6,1.5140162018533267,-0.9956596655527228,1.1,-3.2
0,0,7,1.5204398852085397,-0.9955650495335414,1.1,-3.2
0,0,8,1.525498578580233,-0.9955712438408325,1.1,-3.2
0,0,9,1.535490201189484,-0.9956369792270454,1.1,-3.2
0,0,10,1.5415143559911562,-0.9956183990404289,1.1,-3.2
0,0,11,1.5573240735180907,-0.9950325213863039,1.1,-3.2
0,0,12,1.5645403490708512,-0.9944050559163632,1.1,-3.2
0,0,13,1.5813487404036923,-0.9921873802645881,1.1,-3.2
0,0,14,1.5861171316267257,-0.9913446581204036,1.1,-3.2
0,0,15,1.610444350902856,-0.9852680640216134,1.1,-3.2
0,0,16,1.6306644256279321,-0.9781155538391839,1.1,-3.2
0,0,17,1.6336112391271989,-0.9769779765879152,1.1,-3.2
0,0,18,1.6463167770332225,-0.9718533818058043,1.1,-3.2
0,0,19,1.6594557900007634,-0.9664427661623591,1.1,-3.2
0,0,20,1.6731221290418286,-0.9609296399035145,1.1,-3.2
0,0,21,1.6780806773036216,-0.9589778077688227,1.1,-3.2
0,0,22,1.684355755373751,-0.9565045640614972,1.1,-3.2
0,0,23,1.6907538571401723,-0.9539207929913964,1.1,-3.2
0,0,24,1.702591781165262,-0.9489568641048326,1.1,-3.2
0,0,25,1.7092290844269207,-0.9460877510519626,1.1,-3.2
0,0,26,1.7170844673876045,-0.9425718270486562,1.1,-3.2
0,0,27,1.7275304018348332,-0.937829579277337,1.1,-3.2
0,0,28,1.7354505895840016,-0.9340733868095656,1.1,-3.2
0,0,29,1.7501228292663116,-0.9268135869793334,1.1,-3.2
0,0,30,1.7581200706933582,-0.9226419094776825,1.1,-3.2
0,0,31,1.7702267672893355,-0.9160050583880576,1.1,-3.2
0,0,32,1.7795068974053152,-0.910605031683396,1.1,-3.2
0,0,33,1.7912111676422955,-0.9035907069736123,1.1,-3.2
0,0,34,1.801431277445045,-0.8971318930455525,1.1,-3.2
0,0,35,1.80641700339481,-0.8938866722494523,1.1,-3.2
0,0,36,1.81958157572586,-0.8850995956320539,1.1,-3.2
0,0,37,1.8242403068609474,-0.8819650574966608,1.1,-3.2
0,0,38,1.8288618004563784,-0.8788626659634378,1.1,-3.2
0,0,39,1.8427108677995212,-0.8695495350669303,1.1,-3.2
0,0,40,1.8564426608768962,-0.860088409903423,1.1,-3.2
0,0,41,1.8677060621865231,-0.8522010519953424,1.1,-3.2
0,0,42,1.8744051919884555,-0.8474259727779749,1.1,-3.2
0,0,43,1.8822659648346278,-0.8417637385776993,1.1,-3.2
0,0,44,1.8856877586961653,-0.8393072075849387,1.1,-3.2
0,0,45,1.890291883997065,-0.8359878888309232,1.1,-3.2
0,0,46,1.9041748585801233,-0.8258237203845282,1.1,-3.2
0,0,47,1.9157569294472172,-0.8172434611807416,1.1,-3.2
0,0,48,1.9204185231802517,-0.8138119170764945,1.1,-3.2
0,0,49,1.9335081320735694,-0.8043642620652902,1.1,-3.2
0,0,50,1.9456439681399211,-0.7956440512671275,1.1,-3.2
0,0,51,1.952992567227016,-0.7903472235781617,1.1,-3.2
0,0,52,1.962907227283246,-0.7832211446603746,1.1,-3.2
0,0,53,1.9691641072003987,-0.7787457846000448,1.1,-3.2
0,0,54,1.972927069325492,-0.7760492254935227,1.1,-3.2
0,0,55,1.9880771322030104,-0.7652939770985847,1.1,-3.2
0,0,56,2.0022169673244807,-0.755436735637369,1.1,-3.2
0,0,57,2.015420756895475,-0.7465127321166161,1.1,-3.2
0,0,58,2.0234168554384984,-0.7412051125943733,1.1,-3.2
0,0,59,2.031386906914869,-0.7359840081422183,1.1,-3.2
0,0,60,2.0406772283974157,-0.7299954960698409,1.1,-3.2
0,0,61,2.0551213230842342,-0.7206336304477295,1.1,-3.2
0,0,62,2.064433369206684,-0.7146468251003739,1.1,-3.2
0,0,63,2.071166092006614,-0.7103227073974203,1.1,-3.2
0,0,64,2.0849113710177094,-0.7016348675851005,1.1,-3.2
0,0,65,2.0976419344910697,-0.6938904148125089,1.1,-3.2
0,0,66,2.104925544671519,-0.6896583658802609,1.1,-3.2
0,0,67,2.1123999365944677,-0.6854972876769493,1.1,-3.2
0,0,68,2.1278061037618587,-0.677295328139675,1.1,-3.2
0,0,69,2.1340583108290048,-0.6740827720822488,1.1,-3.2
0,0,70,2.1512780276872485,-0.6656315204110483,1.1,-3.2
0,0,71,2.1528529327296795,-0.6648885391962361,1.1,-3.2
0,0,72,2.1575902425225486,-0.6626676614328305,1.1,-3.2
0,0,73,2.162311864145058,-0.6604920167251299,1.1,-3.2
0,0,74,2.1812638759542757,-0.6521008886890237,1.1,-3.2
0,0,75,2.192387207207864,-0.6474386711172512,1.1,-3.2
0,0,76,2.198745779327927,-0.6448927770593413,1.1,-3.2
0,0,77,2.205108200843587,-0.6423750095050658,1.1,-3.2
0,0,78,2.2145912553297102,-0.6386514163391075,1.1,-3.2
0,0,79,2.2254196067387677,-0.6343677333426713,1.1,-3.2
0,0,80,2.231511846891659,-0.6319447274415255,1.1,-3.2
0,0,81,2.239067505249602,-0.6288959852091287,1.1,-3.2
0,0,82,2.252222997181399,-0.6235989498984198,1.1,-3.2
0,0,83,2.2676811521491427,-0.6174376025241994,1.1,-3.2
0,0,84,2.281343400489697,-0.6120598662013463,1.1,-3.2
0,0,85,2.293380630017724,-0.6073703031340248,1.1,-3.2
0,0,86,2.302743487615517,-0.6037625604289685,1.1,-3.2
0,0,87,2.309587833602413,-0.6011462705648217,1.1,-3.2
0,0,88,2.317743022394049,-0.59806012733737,1.1,-3.2
0,0,89,2.328487634620849,-0.5940295139325182,1.1,-3.2
0,0,90,2.33528855456894,-0.5914958221457597,1.1,-3.2
0,0,91,2.3491792952192228,-0.586381716744556,1.1,-3.2
0,0,92,2.354668160659984,-0.5843874594993509,1.1,-3.2
0,0,93,2.3681379726910854,-0.5793999537870863,1.1,-3.2
0,0,94,2.3760917189259723,-0.5763619624073268,1.1,-3.2
0,0,95,2.3826710211627486,-0.5737995825529928,1.1,-3.2
0,0,96,2.389208744008526,-0.5711983564708708,1.1,-3.2
0,0,97,2.402645422427073,-0.5657545466847265,1.1,-3.2
0,0,98,2.402645422427073,-0.5657545466847265,1.1,-3.2
0,0,99,2.409503489387314,-0.5629588419777225,1.1,-3.2
0,0,100,2.4162434066762533,-0.5601924771440873,1.1,-3.2
0,0,101,2.4308927678105876,-0.5541306355530858,1.1,-3.2
0,0,102,2.4438087468978877,-0.5487831477081428,1.1,-3.2
0,0,103,2.451406034632444,-0.5456128826827197,1.1,-3.2
0,0,104,2.4601598680525134,-0.5418898645454268,1.1,-3.2
0,0,105,2.4737263003124683,-0.5358978761366214,1.1,-3.2
0,0,106,2.4859584537680286,-0.5300382312431356,1.1,-3.2
0,0,107,2.4920412400490757,-0.5268140758023675,1.1,-3.2
0,0,108,2.498116917323859,-0.5233965095176497,1.1,-3.2
0,0,109,2.5123267727895557,-0.5147925303898124,1.1,-3.2
0,0,110,2.521540588879483,-0.5085863026181643,1.1,-3.2
0,0,111,2.5358863543234773,-0.4975227344050935,1.1,-3.2
0,0,112,2.5431720381158454,-0.49118846887063455,1.1,-3.2
0,0,113,2.547175974878403,-0.4874381031773629,1.1,-3.2
0,0,114,2.551030840769258,-0.48364241118329765,1.1,-3.2
0,0,115,2.5556415104757804,-0.47884938135944066,1.1,-3.2
0,0,116,2.5634793325069847,-0.46990844714754393,1.1,-3.2
0,0,117,2.5683333480850106,-0.46370384438195983,1.1,-3.2
0,0,118,2.5767264690999827,-0.4516879294960016,1.1,-3.2
0,0,119,2.584003119373976,-0.43973686073369206,1.1,-3.2
0,0,120,2.59034577153925,-0.4283259430863594,1.1,-3.2
0,0,121,2.5935325570606564,-0.4219632289841701,1.1,-3.2
0,0,122,2.599294714760131,-0.40885343972486304,1.1,-3.2
0,0,123,2.605266672860771,-0.3932553733789629,1.1,-3.2
0,0,124,2.6100211201388404,-0.38040777895374933,1.1,-3.2
0,0,125,2.6120823026728273,-0.37524841304612544,1.1,-3.2
0,0,126,2.613480038489232,-0.3718172851040657,1.1,-3.2
0,0,127,2.6152770709528697,-0.3675613568547473,1.1,-3.2
0,0,128,2.620034277005488,-0.3572385758904338,1.1,-3.2
0,0,129,2.6249074326596835,-0.3482733837164861,1.1,-3.2
0,0,130,2.6310519259014296,-0.33914470993828494,1.1,-3.2
0,0,131,2.639542377192759,-0.3296033867954123,1.1,-3.2
0,0,132,2.6453474076651506,-0.32472092001211533,1.1,-3.2
0,0,133,2.6489767412087657,-0.32216084059755073,1.1,-3.2
0,0,134,2.6564618861260247,-0.31771830698544895,1.1,-3.2
0,0,135,2.6656303478783117,-0.3133476451824305,1.1,-3.2
0,0,136,2.6741513981239264,-0.3099972252306453,1.1,-3.2
0,0,137,2.6841577873697138,-0.3066579765942062,1.1,-3.2
0,0,138,2.689363294048788,-0.305059737289605,1.1,-3.2
0,0,139,2.700129930789875,-0.3019403910642967,1.1,-3.2
0,0,140,2.7045358290734844,-0.3007569174912626,1.1,-3.2
0,0,141,2.711243510321561,-0.2989876171581606,1.1,-3.2
0,0,142,2.7180823325634176,-0.29717712386709105,1.1,-3.2
0,0,143,2.7359409423865246,-0.29225055300742714,1.1,-3.2
0,0,144,2.740975095016484,-0.2908202663576425,1.1,-3.2
0,0,145,2.748752362220706,-0.28860074133496433,1.1,-3.2
0,0,146,2.7621934031117057,-0.28483619471734833,1.1,-3.2
0,0,147,2.77335798953223,-0.2817096771102615,1.1,-3.2
0,0,148,2.783409781691251,-0.27889462266719894,1.1,-3.2
0,0,149,2.7863288377831648,-0.27808005353910986,1.1,-3.2
0,0,150,2.7981968545796856,-0.2747615337377247,1.1,-3.2
0,0,151,2.8103762859706567,-0.2713899461942928,1.1,-3.2
0,0,152,2.821311299999428,-0.2684252771543008,1.1,-3.2
0,0,153,2.8422259165900536,-0.26294218274381526,1.1,-3.2
0,0,154,2.8488118836589407,-0.2612838807834316,1.1,-3.2
0,0,155,2.8673124759720703,-0.25679168429192023,1.1,-3.2
0,0,156,2.8724138400381016,-0.25560549417686695,1.1,-3.2
0,0,157,2.8872077743896187,-0.25223347369826277,1.1,-3.2
0,0,158,2.895120268410093,-0.2504779501867088,1.1,-3.2
0,0,159,2.9044996480505763,-0.24844799199253043,1.1,-3.2
0,0,160,2.9107774222056735,-0.2471228466104415,1.1,-3.2
0,0,161,2.917050510258754,-0.24581524370383598,1.1,-3.2
0,0,162,2.923327275445063,-0.24452195096517385,1.1,-3.2
0,0,163,2.9394122014495876,-0.24134052857176494,1.1,-3.2
0,0,164,2.949356389305216,-0.23935651574817776,1.1,-3.2
0,0,165,2.964760522878194,-0.23594343411240767,1.1,-3.2
0,0,166,2.9771813357260117,-0.23250372082225862,1.1,-3.2
0,0,167,2.993810903981305,-0.22673663843483208,1.1,-3.2
0,0,168,3.0069826087695786,-0.2212179992850366,1.1,-3.2
0,0,169,3.0255155302359187,-0.21232058786630958,1.1,-3.2
0,0,170,3.0362752031862392,-0.20673767512511138,1.1,-3.2
0,0,171,3.0518564796390764,-0.19826111837116134,1.1,-3.2
0,0,172,3.0586320922444434,-0.19447409273380595,1.1,-3.2
0,0,173,3.072163787734719,-0.18682025585053905,1.1,-3.2
0,0,174,3.088976252977271,-0.1766942211089612,1.1,-3.2
0,0,175,3.097374583957951,-0.17152061646799438,1.1,-3.2
0,0,176,3.114090311071827,-0.16071980275267134,1.1,-3.2
0,0,177,3.12580356482092,-0.15292787699209567,1.1,-3.2
0,0,178,3.129137161100086,-0.15062615706935295,1.1,-3.2
0,0,179,3.142442443879526,-0.14128409988113277,1.1,-3.2
0,0,180,3.1540954691000533,-0.13278599442576638,1.1,-3.2
0,0,181,3.1624870520852193,-0.12644230525972844,1.1,-3.2
0,0,182,3.1842889906604213,-0.1087724619635634,1.1,-3.2
0,0,183,3.190919615225723,-0.10299092061174384,1.1,-3.2
0,0,184,3.197433841437322,-0.09711152670667585,1.1,-3.2
0,0,185,3.2131523101632697,-0.08233716904373894,1.1,-3.2
0,0,186,1.5014685045897875,-0.9995264727472938,1.1,-3.2
0,1,0,1.4995064534936737,-0.9977516109599059,1.1,-3.2
0,1,1,1.500252001909796,-0.9968977253556921,1.1,-3.2
0,1,2,1.500483728994715,-0.996635093210426,1.1,-3.2
0,1,3,1.5013580022480049,-0.9964581585393236,1.1,-3.2
0,1,4,1.5029809697636287,-0.9962478232590389,1.1,-3.2
0,1,5,1.504243079504377,-0.9961323709737886,1.1,-3.2
0,1,6,1.5059625117632376,-0.9960348698294859,1.1,-3.2
0,1,7,1.5082798626032001,-0.995963308962782,1.1,-3.2
0,1,8,1.5131804055611737,-0.9959884756399872,1.1,-3.2
0,1,9,1.5155465074411623,-0.9960816147578675,1.1,-3.2
0,1,10,1.5175691417606711,-0.9962111103639623,1.1,-3.2
0,1,11,1.5192415962511736,-0.9962834901136381,1.1,-3.2
0,1,12,1.521305149402558,-0.9963766483432575,1.1,-3.2
0,1,13,1.523973927326145,-0.9964716216530847,1.1,-3.2
0,1,14,1.5295831154079842,-0.9965347855856864,1.1,-3.2
0,1,15,1.533438075052037,-0.996523589579362,1.1,-3.2
0,1,16,1.5430005500210346,-0.9963013959917107,1.1,-3.2
0,1,17,1.5535269168169956,-0.9960256778616258,1.1,-3.2
0,1,18,1.5651431388988502,-0.9957280399683027,1.1,-3.2
0,1,19,1.5754781251718095,-0.9951641522238597,1.1,-3.2
0,1,20,1.589210526644648,-0.9935448173186922,1.1,-3.2
0,1,21,1.5958385355978812,-0.9922775624502461,1.1,-3.2
0,1,22,1.6092147644693087,-0.9887283857456897,1.1,-3.2
0,1,23,1.610544295943964,-0.9882993528277005,1.1,-3.2
0,1,24,1.6234856952385341,-0.9833878404170633,1.1,-3.2
0,1,25,1.6320880304723615,-0.9794397700658002,1.1,-3.2
0,1,26,1.6367673533197158,-0.9771042916623175,1.1,-3.2
0,1,27,1.649695267482786,-0.9702543986175357,1.1,-3.2
0,1,28,1.6536310394794684,-0.9680846219218043,1.1,-3.2
0,1,29,1.6582937998633116,-0.9654950133676573,1.1,-3.2
0,1,30,1.6635683566455006,-0.9626306282509618,1.1,-3.2
0,1,31,1.6661041861203174,-0.9612963239035572,1.1,-3.2
0,1,32,1.675997400463803,-0.9562615414938751,1.1,-3.2
0,1,33,1.6810149236034049,-0.9538400968025217,1.1,-3.2
0,1,34,1.694970636865328,-0.9473549323686887,1.1,-3.2
0,1,35,1.7003865910835068,-0.9449410423711777,1.1,-3.2
0,1,36,1.7077101507877748,-0.941716985670932,1.1,-3.2
0,1,37,1.718968396129284,-0.9365770842182949,1.1,-3.2
0,1,38,1.7199385590766574,-0.9361240353250474,1.1,-3.2
0,1,39,1.7239572570732622,-0.9342224305856935,1.1,-3.2
0,1,40,1.7350370214782351,-0.9289118893775405,1.1,-3.2
0,1,41,1.7424826360381034,-0.9252627162234834,1.1,-3.2
0,1,42,1.7561971452028238,-0.9182563310719769,1.1,-3.2
0,1,43,1.7635594612290222,-0.9143133216156303,1.1,-3.2
0,1,44,1.7790362729228244,-0.9056204552253226,1.1,-3.2
0,1,45,1.7918997869224818,-0.8978125391776435,1.1,-3.2
0,1,46,1.8075906569985785,-0.8871582161669679,1.1,-3.2
0,1,47,1.8179140812106747,-0.8793468346717699,1.1,-3.2
0,1,48,1.8345507524076003,-0.8649497832241428,1.1,-3.2
0,1,49,1.840096790268025,-0.8596029646745174,1.1,-3.2
0,1,50,1.8469148720613475,-0.8525594400009829,1.1,-3.2
0,1,51,1.8613617118160437,-0.8361888994643086,1.1,-3.2
0,1,52,1.8737975844046568,-0.8210205839547263,1.1,-3.2
0,1,53,1.8845778081519307,-0.8075232708145815,1.1,-3.2
0,1,54,1.8958040406031524,-0.7935372249310689,1.1,-3.2
0,1,55,1.9079883318702804,-0.7784135143774746,1.1,-3.2
0,1,56,1.9203172342153005,-0.7631333865637664,1.1,-3.2
0,1,57,1.9251640197760895,-0.7571269945950029,1.1,-3.2
0,1,58,1.9349943983270619,-0.7445591128750908,1.1,-3.2
0,1,59,1.9421225591516764,-0.7349072171480866,1.1,-3.2
0,1,60,1.9476199665082248,-0.7271186597555886,1.1,-3.2
0,1,61,1.9548761403913206,-0.7165371583836724,1.1,-3.2
0,1,62,1.9586318498218733,-0.7108413047581125,1.1,-3.2
0,1,63,1.962176104193111,-0.7053119115892539,1.1,-3.2
0,1,64,1.9671125489056203,-0.697453747091451,1.1,-3.2
0,1,65,1.9723254382407505,-0.6893934815490909,1.1,-3.2
0,1,66,1.9776530187353558,-0.6818082734304788,1.1,-3.2
0,1,67,1.9798754017789382,-0.6787684373480617,1.1,-3.2
0,1,68,1.984604265291227,-0.6726208636657243,1.1,-3.2
0,1,69,1.9910568137804465,-0.6646794501398261,1.1,-3.2
0,1,70,1.9950332168015519,-0.6599784865699102,1.1,-3.2
0,1,71,1.9982868531586417,-0.6562345807885975,1.1,-3.2
0,1,72,2.003335852840935,-0.6506135606174962,1.1,-3.2
0,1,73,2.0089027881780357,-0.6443830173094334,1.1,-3.2
0,1,74,2.0128021100748326,-0.6401174728835524,1.1,-3.2
0,1,75,2.0162017326202406,-0.636466100374801,1.1,-3.2
0,1,76,2.020440922741544,-0.6320525138511282,1.1,-3.2
0,1,77,2.0233855131970215,-0.6290782827295843,1.1,-3.2
0,1,78,2.027130956858419,-0.6253118461304981,1.1,-3.2
0,1,79,2.0368093485531644,-0.6160161931750762,1.1,-3.2
0,1,80,2.0404586623031014,-0.6126105084555523,1.1,-3.2
0,1,81,2.0480849609053777,-0.6056991380446891,1.1,-3.2
0,1,82,2.053887727446619,-0.6007975107850182,1.1,-3.2
0,1,83,2.065585367263031,-0.5915659882339009,1.1,-3.2
0,1,84,2.070403126358113,-0.5880885786864227,1.1,-3.2
0,1,85,2.0806186565041176,-0.5814259209621611,1.1,-3.2
0,1,86,2.0870582617460514,-0.577700509484442,1.1,-3.2
0,1,87,2.098023383494877,-0.572175339525207,1.1,-3.2
0,1,88,2.108863773325365,-0.5677083932588054,1.1,-3.2
0,1,89,2.121656128326213,-0.5633528052520449,1.1,-3.2
0,1,90,2.128243911174863,-0.5614841550821403,1.1,-3.2
0,1,91,2.132647360455855,-0.5603799938790432,1.1,-3.2
0,1,92,2.1457650495085443,-0.5578017753219022,1.1,-3.2
0,1,93,2.149008839284961,-0.557323186005586,1.1,-3.2
0,1,94,2.156589650014714,-0.5564092831494241,1.1,-3.2
0,1,95,2.1642120505224782,-0.5557958179397887,1.1,-3.2
0,1,96,2.1752418389914263,-0.5554970964507219,1.1,-3.2
0,1,97,2.1870215650374987,-0.5559397824573479,1.1,-3.2
0,1,98,2.193047541232328,-0.5564941430067345,1.1,-3.2
0,1,99,2.2081016480278857,-0.5588130698285283,1.1,-3.2
0,1,100,2.2156045051689706,-0.5604676521368805,1.1,-3.2
0,1,101,2.219665424260978,-0.5614787707780818,1.1,-3.2
0,1,102,2.224631381352088,-0.5627755719473467,1.1,-3.2
0,1,103,2.2303622712404096,-0.5644081120388378,1.1,-3.2
0,1,104,2.2375469094219183,-0.5666838454135247,1.1,-3.2
0,1,105,2.2418535212928865,-0.5681231202366128,1.1,-3.2
0,1,106,2.24695672804616,-0.5698352881183413,1.1,-3.2
0,1,107,2.252814465391236,-0.5718660698464226,1.1,-3.2
0,1,108,2.2570805514767196,-0.5733850984184601,1.1,-3.2
0,1,109,2.261463304178792,-0.5750228092058194,1.1,-3.2
0,1,110,2.265819215031899,-0.5766922169516844,1.1,-3.2
0,1,111,2.2737195030698367,-0.5797990939783846,1.1,-3.2
0,1,112,2.278793011612095,-0.5819438756585297,1.1,-3.2
0,1,113,2.2836936758912896,-0.5840893241865855,1.1,-3.2
0,1,114,2.2868978489447054,-0.5855180574962495,1.1,-3.2
0,1,115,2.295737287737884,-0.589444670275634,1.1,-3.2
0,1,116,2.30318499709216,-0.5927832887761334,1.1,-3.2
0,1,117,2.309558747614121,-0.5957816964359095,1.1,-3.2
0,1,118,2.313624528774242,-0.5977398376641856,1.1,-3.2
0,1,119,2.326153634424388,-0.6039019539532476,1.1,-3.2
0,1,120,2.3298179705956,-0.6057630317993317,1.1,-3.2
0,1,121,2.341411281066158,-0.6116840609116018,1.1,-3.2
0,1,122,2.3497005886239526,-0.6158489999203266,1.1,-3.2
0,1,123,2.3630336689334825,-0.622324380111684,1.1,-3.2
0,1,124,2.3807263956257394,-0.6304289677768579,1.1,-3.2
0,1,125,2.391024474181753,-0.6347995451722107,1.1,-3.2
0,1,126,2.408970355231787,-0.6420266715624771,1.1,-3.2
0,1,127,2.4201705574439005,-0.6461757861807008,1.1,-3.2
0,1,128,2.429603911730297,-0.6495489800354876,1.1,-3.2
0,1,129,2.4388899939956747,-0.6526866826020356,1.1,-3.2
0,1,130,2.448025914146139,-0.6557276748066454,1.1,-3.2
0,1,131,2.468109015903914,-0.6621094785464131,1.1,-3.2
0,1,132,2.4846024008233907,-0.6670833272970361,1.1,-3.2
0,1,133,2.4958189094403442,-0.6702102708987477,1.1,-3.2
0,1,134,2.5150332120174728,-0.6748668876016908,1.1,-3.2
0,1,135,2.5467438616658193,-0.6803093689766629,1.1,-3.2
0,1,136,2.56630500624907,-0.6822115308335244,1.1,-3.2
0,1,137,2.5838357095568334,-0.6829670750512287,1.1,-3.2
0,1,138,2.591417525965794,-0.6830926205389128,1.1,-3.2
0,1,139,2.5951480869412253,-0.6831262350764408,1.1,-3.2
0,1,140,2.602497213863603,-0.6831364291134859,1.1,-3.2
0,1,141,2.625467222555723,-0.6826238059529437,1.1,-3.2
0,1,142,2.632284139919881,-0.6823660597068246,1.1,-3.2
0,1,143,2.6474529312000143,-0.6817224636391295,1.1,-3.2
0,1,144,2.6659320711959142,-0.6806058479186184,1.1,-3.2
0,1,145,2.679405720391912,-0.6794668895797945,1.1,-3.2
0,1,146,2.697476729036471,-0.6776072415379653,1.1,-3.2
0,1,147,2.70557009321267,-0.6767453794063903,1.1,-3.2
0,1,148,2.7247334575343385,-0.6745713501979715,1.1,-3.2
0,1,149,2.731034546847434,-0.6738317850416713,1.1,-3.2
0,1,150,2.7435371856426425,-0.672486862721938,1.1,-3.2
0,1,151,2.7528904442123663,-0.671676824774371,1.1,-3.2
0,1,152,2.756026896370063,-0.6714661584645203,1.1,-3.2
0,1,153,2.768833927749495,-0.6708849990178788,1.1,-3.2
0,1,154,2.783767472071852,-0.6707158161539708,1.1,-3.2
0,1,155,2.790536335420284,-0.6707905088157324,1.1,-3.2
0,1,156,2.8077681900101497,-0.6714239914372939,1.1,-3.2
0,1,157,2.825308339991529,-0.6727532987932333,1.1,-3.2
0,1,158,2.836014056091212,-0.6739291795894888,1.1,-3.2
0,1,159,2.846744490961813,-0.6754058945753263,1.1,-3.2
0,1,160,2.8538949202770265,-0.6765981821314095,1.1,-3.2
0,1,161,2.8679028894987137,-0.6793476429099414,1.1,-3.2
0,1,162,2.8881988008134423,-0.6845165718403798,1.1,-3.2
0,1,163,2.899076672825845,-0.6879340857560949,1.1,-3.2
0,1,164,2.9063970790497824,-0.6905470790288081,1.1,-3.2
0,1,165,2.914805083393824,-0.6938848734959541,1.1,-3.2
0,1,166,2.9271133194225127,-0.6994652314431465,1.1,-3.2
0,1,167,2.938153500360081,-0.7053590126047302,1.1,-3.2
0,1,168,2.942263810512849,-0.7078200012519568,1.1,-3.2
0,1,169,2.9484383609595897,-0.7116822436049018,1.1,-3.2
0,1,170,2.95395036824111,-0.7150905065102867,1.1,-3.2
0,1,171,2.9558529252691637,-0.7162489220561891,1.1,-3.2
0,1,172,2.9597990079021588,-0.7185839547844305,1.1,-3.2
0,1,173,2.961451082339659,-0.7195346747123684,1.1,-3.2
0,1,174,2.964976944377133,-0.7215538987600387,1.1,-3.2
0,1,175,2.966488041435747,-0.7224085409401506,1.1,-3.2
0,1,176,2.97056865198013,-0.7246783714233125,1.1,-3.2
0,1,177,2.974306083783151,-0.7266974312878542,1.1,-3.2
0,1,178,2.9787145357772333,-0.7289462872221226,1.1,-3.2
0,1,179,2.9829388827158523,-0.7309278173674295,1.1,-3.2
0,1,180,2.9906047429246336,-0.7342784454177652,1.1,-3.2
0,1,181,2.9964567938689,-0.7366135484218426,1.1,-3.2
0,1,182,3.0027570077572285,-0.7391403684431211,1.1,-3.2
0,1,183,3.012982181548242,-0.7434845103510649,1.1,-3.2
0,1,184,3.019336911106267,-0.7461630128616388,1.1,-3.2
0,1,185,3.0265100878816726,-0.749076390718366,1.1,-3.2
0,1,186,3.043057019370485,-0.7553376120850235,1.1,-3.2
0,1,187,3.050654670437068,-0.7579677144782584,1.1,-3.2
0,1,188,3.0569939048407697,-0.7600760673111183,1.1,-3.2
0,1,189,3.0720044368799506,-0.7646389928817641,1.1,-3.2
0,1,190,3.0841696597866917,-0.7679214013506332,1.1,-3.2
0,1,191,3.099911463915672,-0.7717550208753164,1.1,-3.2
0,1,192,3.1120935137380363,-0.7745415734207598,1.1,-3.2
0,1,193,3.119060569237166,-0.776073284781344,1.1,-3.2
0,1,194,3.1225497937941507,-0.7768182570478769,1.1,-3.2
0,1,195,3.1329943396365283,-0.7789917976240878,1.1,-3.2
0,1,196,3.141690357968053,-0.7807971018837676,1.1,-3.2
0,1,197,3.1608021395055195,-0.7849389501929247,1.1,-3.2
0,1,198,3.1712461562321828,-0.7874532506711375,1.1,-3.2
0,1,199,3.1871005589209607,-0.7918165782722499,1.1,-3.2
0,1,200,3.1978707816593372,-0.7951073687300693,1.1,-3.2
0,1,201,3.2142179969884124,-0.8004728322618283,1.1,-3.2
0,1,202,3.228878018157169,-0.8056829007013837,1.1,-3.2
0,1,203,3.2379454777506598,-0.8090919560566032,1.1,-3.2
0,1,204,3.2504811948866212,-0.8140536823070514,1.1,-3.2
0,1,205,3.2700812368280894,-0.8223602664946243,1.1,-3.2
0,1,206,3.2771412488963017,-0.8255451001933566,1.1,-3.2
0,1,207,3.2928478155554273,-0.8329957871089332,1.1,-3.2
0,1,208,3.3119800678763034,-0.8430206872616606,1.1,-3.2
0,1,209,3.323857337347714,-0.8499541453517453,1.1,-3.2
0,1,210,3.3391186345900867,-0.8598655059356337,1.1,-3.2
0,1,211,3.3457534672250633,-0.8646423596871448,1.1,-3.2
0,1,212,3.3529407124322983,-0.870249590685406,1.1,-3.2
0,1,213,3.3650299443389597,-0.8808545081914875,1.1,-3.2
0,1,214,3.3658942339865896,-0.8816802276197345,1.1,-3.2
0,1,215,3.373444222730888,-0.8894625940178413,1.1,-3.2
0,1,216,3.3794614557749076,-0.8965155257708737,1.1,-3.2
0,1,217,3.3839293279813023,-0.902347962397663,1.1,-3.2
0,1,218,3.387495661385172,-0.9075363624156665,1.1,-3.2
0,1,219,3.388170542370687,-0.9085786160257249,1.1,-3.2
0,1,220,3.3901746093867784,-0.9117870307967813,1.1,-3.2
0,1,221,3.392729174992163,-0.9160523610996966,1.1,-3.2
0,1,222,3.394066307069558,-0.9183369933954845,1.1,-3.2
0,1,223,3.3951420501492215,-0.9201892237704881,1.1,-3.2
0,1,224,3.3977427861099754,-0.925236854381184,1.1,-3.2
0,1,225,3.3986082334910477,-0.9270306868942467,1.1,-3.2
0,1,226,3.399752347564835,-0.9294569737460564,1.1,-3.2
0,1,227,3.401843535774328,-0.9342339438637295,1.1,-3.2
0,1,228,3.4042981989035437,-0.9403932287122597,1.1,-3.2
0,1,229,3.404961977368617,-0.942133743826665,1.1,-3.2
0,1,230,3.4070782427772754,-0.948258572884453,1.1,-3.2
0,1,231,3.4080882772571535,-0.9514271434643242,1.1,-3.2
0,1,232,3.408600869807,-0.9530185931620603,1.1,-3.2
0,1,233,3.4095008625194083,-0.9558042333361962,1.1,-3.2
0,1,234,3.411409356360028,-0.962214108349318,1.1,-3.2
0,1,235,3.4123723407788056,-0.9656936233449446,1.1,-3.2
0,1,236,3.41347942781533,-0.9700169504723072,1.1,-3.2
0,1,237,3.414749183351918,-0.9753908720430284,1.1,-3.2
0,1,238,3.41584716134165,-0.9803743680390155,1.1,-3.2
0,1,239,3.416993963257325,-0.9863950423922688,1.1,-3.2
0,1,240,3.418535372072682,-0.996155199070788,1.1,-3.2
0,1,241,3.4191164863144476,-1.0009236509902637,1.1,-3.2
0,1,242,3.4195764323782796,-1.005995999587977,1.1,-3.2
0,1,243,3.4199660167267925,-1.0124338002401327,1.1,-3.2
0,1,244,3.420061308032532,-1.0168527927213482,1.1,-3.2
0,1,245,3.419623544882885,-1.0291686276205303,1.1,-3.2
0,1,246,3.4190422035941648,-1.0346777510569891,1.1,-3.2
0,1,247,3.4182436506923164,-1.0401030861004714,1.1,-3.2
0,1,248,3.4156454208453457,-1.0525610459816694,1.1,-3.2
0,1,249,3.4143923670044187,-1.057500034569658,1.1,-3.2
0,1,250,3.409868523578556,-1.072824648499466,1.1,-3.2
0,1,251,3.4079670558748867,-1.0785097907302288,1.1,-3.2
0,1,252,3.406951100116409,-1.0814004204355998,1.1,-3.2
0,1,253,3.4031918652218978,-1.091088414958595,1.1,-3.2
0,1,254,3.4015490728202296,-1.0949660928075253,1.1,-3.2
0,1,255,3.3971904194008817,-1.1044424741674004,1.1,-3.2
0,1,256,3.3913267865461583,-1.1162999086565513,1.1,-3.2
0,1,257,3.3877856320647157,-1.1236889172913886,1.1,-3.2
0,1,258,3.3847969149863077,-1.1304510388617504,1.1,-3.2
0,1,259,3.382396391048149,-1.1366813447172814,1.1,-3.2
0,1,260,3.3805252825826835,-1.14233636083421,1.1,-3.2
0,1,261,3.378819693241989,-1.148524691615491,1.1,-3.2
0,1,262,3.376908440635473,-1.15806807214604,1.1,-3.2
0,1,263,3.3752110193896057,-1.1771923715683597,1.1,-3.2
0,1,264,3.3752201589310875,-1.1905203937637128,1.1,-3.2
0,1,265,3.375557827424064,-1.1991341832989026,1.1,-3.2
0,1,266,3.3759573801153593,-1.2060616740061847,1.1,-3.2
0,1,267,3.376427306973996,-1.2128057881640786,1.1,-3.2
0,1,268,3.3774525964313336,-1.226029445337376,1.1,-3.2
0,1,269,3.377887478653879,-1.231141667786143,1.1,-3.2
0,1,270,3.3784389869222125,-1.2374207643328827,1.1,-3.2
0,1,271,3.3794896326908264,-1.2496749829901206,1.1,-3.2
0,1,272,3.380352902008177,-1.260493311980452,1.1,-3.2
0,1,273,3.3811266122199273,-1.2715392247797463,1.1,-3.2
0,1,274,3.38197288912328,-1.2831763947621175,1.1,-3.2
0,1,275,3.3831848257144816,-1.2968625817550459,1.1,-3.2
0,1,276,3.383319154153124,-1.298258347990885,1.1,-3.2
0,1,277,3.3846298277298796,-1.31088968417437,1.1,-3.2
0,1,278,3.3861209174830993,-1.3235323066569946,1.1,-3.2
0,1,279,3.3870068676344203,-1.3305032527636895,1.1,-3.2
0,1,280,3.388927965944012,-1.3445543153632444,1.1,-3.2
0,1,281,3.3919781947509837,-1.3637643729907436,1.1,-3.2
0,1,282,3.3921958995292427,-1.3651172729870764,1.1,-3.2
0,1,283,3.394159062601997,-1.3773271183679547,1.1,-3.2
0,1,284,3.395301695612254,-1.3841631528373115,1.1,-3.2
0,1,285,3.3974806030221893,-1.3965210720115115,1.1,-3.2
0,1,286,3.3995296694465837,-1.4073353266462805,1.1,-3.2
0,1,287,3.4005282968610095,-1.4126452098807711,1.1,-3.2
0,1,288,3.4014739207234848,-1.4178970082211755,1.1,-3.2
0,1,289,3.402366615395761,-1.4231076024958116,1.1,-3.2
0,1,290,3.4038562652534745,-1.4334997862421475,1.1,-3.2
0,1,291,3.404876902119012,-1.4441226006355052,1.1,-3.2
0,1,292,3.405389691729149,-1.4565528850191214,1.1,-3.2
0,1,293,3.405389691729149,-1.4565528850191214,1.1,-3.2
0,1,294,3.405181083203155,-1.4678997557546076,1.1,-3.2
0,1,295,3.403859885391261,-1.483471567428574,1.1,-3.2
0,1,296,3.4021976886211873,-1.494183082726756,1.1,-3.2
0,1,297,3.4021976886211873,-1.494183082726756,1.1,-3.2
0,1,298,3.3993456077966644,-1.5067118410095484,1.1,-3.2
0,1,299,3.3943219701584866,-1.5218153391059166,1.1,-3.2
0,1,300,3.3924821549174857,-1.52630909547459,1.1,-3.2
0,1,301,3.3900943271826742,-1.5316893132332368,1.1,-3.2
0,1,302,3.3856214673266853,-1.5406339091839825,1.1,-3.2
0,1,303,3.3824469455977386,-1.5462752128514274,1.1,-3.2
0,1,304,3.380265157068908,-1.5498673993596284,1.1,-3.2
0,1,305,3.3780459265606537,-1.5533237030503808,1.1,-3.2
0,1,306,3.375810775787177,-1.5566307138157898,1.1,-3.2
0,1,307,3.369730564294229,-1.564840007116501,1.1,-3.2
0,1,308,3.363588247603374,-1.572538179535477,1.1,-3.2
0,1,309,3.360293431068221,-1.5766370969946286,1.1,-3.2
0,1,310,3.3547511540620363,-1.5836882275534954,1.1,-3.2
0,1,311,3.351395576837878,-1.5880773589418555,1.1,-3.2
0,1,312,3.347182022362705,-1.593770173208302,1.1,-3.2
0,1,313,3.33765517196185,-1.6068952823933826,1.1,-3.2
0,1,314,3.3310862227737066,-1.6158951137660693,1.1,-3.2
0,1,315,3.3227794462841795,-1.6271517904657382,1.1,-3.2
0,1,316,3.3171660591811,-1.6345861058443132,1.1,-3.2
0,1,317,3.3112181168962014,-1.6422199944213156,1.1,-3.2
0,1,318,3.3009903369044373,-1.6547760805486582,1.1,-3.2
0,1,319,3.294185150931146,-1.6627656675356697,1.1,-3.2
0,1,320,3.2871508162215894,-1.670788827449454,1.1,-3.2
0,1,321,3.270727133980271,-1.6883930829317484,1.1,-3.2
0,1,322,3.2611149500569097,-1.6978566578419783,1.1,-3.2
0,1,323,3.2527355785614955,-1.7056098011889118,1.1,-3.2
0,1,324,3.242458240229085,-1.7146037039951139,1.1,-3.2
0,1,325,3.2356233191377717,-1.7202784082502225,1.1,-3.2
0,1,326,3.218587936666075,-1.733258398747816,1.1,-3.2
0,1,327,3.210068004170019,-1.7391334511481962,1.1,-3.2
0,1,328,3.1932076105574208,-1.7496262953638746,1.1,-3.2
0,1,329,3.180126026263914,-1.7567497738119902,1.1,-3.2
0,1,330,3.1676131726636156,-1.762874683948978,1.1,-3.2
0,1,331,3.1541812300967162,-1.769113271940666,1.1,-3.2
0,1,332,3.1469264361512823,-1.7725070764001138,1.1,-3.2
0,1,333,3.1383446527179046,-1.7766485364123754,1.1,-3.2
0,1,334,3.1241068223457757,-1.7838487780556747,1.1,-3.2
0,1,335,3.115502336259601,-1.7884247274594567,1.1,-3.2
0,1,336,3.1009862366376693,-1.7964663165635344,1.1,-3.2
0,1,337,3.092301165571671,-1.8014244503475607,1.1,-3.2
0,1,338,3.087982041640759,-1.8039198729158545,1.1,-3.2
0,1,339,3.0807935592169553,-1.808103258193828,1.1,-3.2
0,1,340,3.0679264807395787,-1.815743529931407,1.1,-3.2
0,1,341,3.0608461862883365,-1.8200161807503814,1.1,-3.2
0,1,342,3.043689831388233,-1.830466096293252,1.1,-3.2
0,1,343,3.0350451636576854,-1.8358429086889456,1.1,-3.2
0,1,344,3.0336071647974787,-1.8367426342854005,1.1,-3.2
0,1,345,3.0192839413346806,-1.8458409988627376,1.1,-3.2
0,1,346,3.0120929167487263,-1.8504898438042967,1.1,-3.2
0,1,347,2.9791181058688307,-1.8725110668411022,1.1,-3.2
0,1,348,2.9762407484398286,-1.8745019260359552,1.1,-3.2
0,1,349,2.9632070158527832,-1.8837146338522748,1.1,-3.2
0,1,350,2.954510746429995,-1.8900074442651613,1.1,-3.2
0,1,351,2.9432677720258225,-1.8983830632791556,1.1,-3.2
0,1,352,2.9278557074790115,-1.9099924587590231,1.1,-3.2
0,1,353,2.920809520460702,-1.9154329728388924,1.1,-3.2
0,1,354,2.908173986499248,-1.9253476080024676,1.1,-3.2
0,1,355,2.892615019255497,-1.9381455647277785,1.1,-3.2
0,1,356,2.8784344379453004,-1.9508415394825247,1.1,-3.2
0,1,357,2.86449585704783,-1.9648479560537035,1.1,-3.2
0,1,358,2.86449585704783,-1.9648479560537035,1.1,-3.2
0,1,359,2.8524782101970234,-1.9781054687198174,1.1,-3.2
0,1,360,2.8373457287511084,-1.9957463388531091,1.1,-3.2
0,1,361,2.8324661266778546,-2.0015841236561522,1.1,-3.2
0,1,362,2.820431617772708,-2.016319334178356,1.1,-3.2
0,1,363,2.808773938312941,-2.0311799315955525,1.1,-3.2
0,1,364,2.8029809771450473,-2.038599995532127,1.1,-3.2
0,1,365,2.7971630573189827,-2.046071452497187,1.1,-3.2
0,1,366,2.78667870923,-2.0597368813043406,1.1,-3.2
0,1,367,2.776185095616744,-2.0740259369738907,1.1,-3.2
0,1,368,2.764600761143606,-2.090612552637689,1.1,-3.2
0,1,369,2.753611282759974,-2.107164670662227,1.1,-3.2
0,1,370,2.749310396109788,-2.1137871168851103,1.1,-3.2
0,1,371,2.7397838802098042,-2.1286784611456477,1.1,-3.2
0,1,372,2.731368321431268,-2.1417947640407977,1.1,-3.2
0,1,373,2.7213564192144313,-2.1572248905216482,1.1,-3.2
0,1,374,2.7143569498796776,-2.1680389401228917,1.1,-3.2
0,1,375,2.7098326085711957,-2.1750898153864044,1.1,-3.2
0,1,376,2.7029324026748296,-2.1860037508314094,1.1,-3.2
0,1,377,2.700815744057367,-2.189496052006027,1.1,-3.2
0,1,378,2.6957919947979576,-2.1983014758951707,1.1,-3.2
0,1,379,2.6929876841640836,-2.203721693840396,1.1,-3.2
0,1,380,2.6894486390161103,-2.2111577953304256,1.1,-3.2
0,1,381,2.686101944147864,-2.2190947774535914,1.1,-3.2
0,1,382,2.6842647613881745,-2.2238969175325045,1.1,-3.2
0,1,383,2.681919071956088,-2.2306030608575957,1.1,-3.2
0,1,384,2.680474579903383,-2.235104836084501,1.1,-3.2
0,1,385,2.6793675497739633,-2.2386094562427465,1.1,-3.2
0,1,386,2.6780535537578674,-2.2420408255053923,1.1,-3.2
0,1,387,2.6770615890637073,-2.244217060448306,1.1,-3.2
0,1,388,2.6745862132614175,-2.249066810597935,1.1,-3.2
0,1,389,2.672663349383336,-2.2522481874645184,1.1,-3.2
0,1,390,2.6703451843187938,-2.255668786522213,1.1,-3.2
0,1,391,2.665459149121915,-2.261802655011078,1.1,-3.2
0,1,392,2.659443068516647,-2.2677392690077225,1.1,-3.2
0,1,393,2.65560243209606,-2.270901476637856,1.1,-3.2
0,1,394,2.6516412046073863,-2.2738268537550326,1.1,-3.2
0,1,395,2.648966884203779,-2.2756332991811243,1.1,-3.2
0,1,396,2.641677910246454,-2.280172822962509,1.1,-3.2
0,1,397,2.6377387243158377,-2.2824301320215388,1.1,-3.2
0,1,398,2.634294719262479,-2.2843153724720415,1.1,-3.2
0,1,399,2.6273680647839415,-2.287959831674404,1.1,-3.2
0,1,400,2.618531334443356,-2.292420163057558,1.1,-3.2
0,1,401,2.6081058228996574,-2.296998811287451,1.1,-3.2
0,1,402,2.60117207268794,-2.2996514604491978,1.1,-3.2
0,1,403,2.5975838901949326,-2.300905007385428,1.1,-3.2
0,1,404,2.591501392172817,-2.3028453372732725,1.1,-3.2
0,1,405,2.58412902778842,-2.304886191149342,1.1,-3.2
0,1,406,2.5768363436329826,-2.306644895313567,1.1,-3.2
0,1,407,2.568413173700725,-2.3084327735758468,1.1,-3.2
0,1,408,2.56480175114345,-2.3091519600845274,1.1,-3.2
0,1,409,2.551467298492701,-2.3117025034615177,1.1,-3.2
0,1,410,2.5441115884177523,-2.3130339986817554,1.1,-3.2
0,1,411,2.537893373220949,-2.3141736112690805,1.1,-3.2
0,1,412,2.5233665175518056,-2.316627843421402,1.1,-3.2
0,1,413,2.519177794598828,-2.317255529867183,1.1,-3.2
0,1,414,2.4939398583189463,-2.320028393863796,1.1,-3.2
0,1,415,2.492364376145897,-2.320131702149522,1.1,-3.2
0,1,416,2.485961224811664,-2.3204589599270564,1.1,-3.2
0,1,417,2.4794060953257837,-2.320648420827728,1.1,-3.2
0,1,418,2.46937807685015,-2.320646916670068,1.1,-3.2
0,1,419,2.4574941220484274,-2.320159325976657,1.1,-3.2
0,1,420,2.4507270295902037,-2.3196450968818603,1.1,-3.2
0,1,421,2.435746609534717,-2.317840940889141,1.1,-3.2
0,1,422,2.4194953755367665,-2.3148951859522016,1.1,-3.2
0,1,423,2.402053801461622,-2.3106614761685873,1.1,-3.2
0,1,424,2.3927950940927905,-2.307955729570627,1.1,-3.2
0,1,425,2.386632938222848,-2.3059930621349887,1.1,-3.2
0,1,426,2.3698696295705193,-2.299902016258345,1.1,-3.2
0,1,427,2.356766378037896,-2.2942489476879637,1.1,-3.2
0,1,428,2.349691567405789,-2.2909473049168683,1.1,-3.2
0,1,429,2.337120742771702,-2.2849519864870653,1.1,-3.2
0,1,430,2.3229605150975283,-2.278285064069564,1.1,-3.2
0,1,431,2.3156484627399916,-2.2750157130455726,1.1,-3.2
0,1,432,2.3080631837496015,-2.271849334172615,1.1,-3.2
0,1,433,2.29858879256896,-2.2680921200574007,1.1,-3.2
0,1,434,2.2887065456192484,-2.2644440642448833,1.1,-3.2
0,1,435,2.2836287610737624,-2.262650654653636,1.1,-3.2
0,1,436,2.2660927262850756,-2.256859073981922,1.1,-3.2
0,1,437,2.2532792184784647,-2.2532856435303774,1.1,-3.2
0,1,438,2.2476966290353113,-2.251918871821201,1.1,-3.2
0,1,439,2.2401278350406635,-2.250240161605372,1.1,-3.2
0,1,440,2.2188297497189238,-2.2466523629597597,1.1,-3.2
0,1,441,2.211231839097498,-2.2458493362828804,1.1,-3.2
0,1,442,2.2020982873776784,-2.245245398818422,1.1,-3.2
0,1,443,2.193387908934619,-2.2450381384202758,1.1,-3.2
0,1,444,2.1834242548699723,-2.2452222172612704,1.1,-3.2
0,1,445,2.172550601113237,-2.246079725903446,1.1,-3.2
0,1,446,2.1666599696837294,-2.2467932974632743,1.1,-3.2
0,1,447,2.152780555412566,-2.249473788185521,1.1,-3.2
0,1,448,2.1514661356835054,-2.2498058211586867,1.1,-3.2
0,1,449,2.135968646572749,-2.254555619000198,1.1,-3.2
0,1,450,2.1232147940891006,-2.2596131300313664,1.1,-3.2
0,1,451,2.1052599843330055,-2.26785296024092,1.1,-3.2
0,1,452,2.0995849200375707,-2.270609467124689,1.1,-3.2
0,1,453,2.087405386551486,-2.2767664508492467,1.1,-3.2
0,1,454,2.0863233824746645,-2.2773318079517733,1.1,-3.2
0,1,455,2.0757606369781376,-2.282885622294339,1.1,-3.2
0,1,456,2.0643690548986227,-2.2888475901390675,1.1,-3.2
0,1,457,2.055015651194278,-2.2935905176677154,1.1,-3.2
0,1,458,2.043968571872125,-2.299045867988796,1.1,-3.2
0,1,459,2.032767015427868,-2.304563169733064,1.1,-3.2
0,1,460,2.0244022710435408,-2.308708325827577,1.1,-3.2
0,1,461,2.015370272487302,-2.31326602835399,1.1,-3.2
0,1,462,2.0074020677343505,-2.3174001861636424,1.1,-3.2
0,1,463,1.999088672210949,-2.321842557780848,1.1,-3.2
0,1,464,1.981630824796118,-2.3316534843483647,1.1,-3.2
0,1,465,1.974442489732857,-2.335877683995139,1.1,-3.2
0,1,466,1.9563972241236447,-2.346929523407907,1.1,-3.2
0,1,467,1.9400847130908963,-2.3571877547002598,1.1,-3.2
0,1,468,1.9197786752365082,-2.370511427242103,1.1,-3.2
0,1,469,1.9197786752365082,-2.370511427242103,1.1,-3.2
0,1,470,1.9066876872284129,-2.3795471022909753,1.1,-3.2
0,1,471,1.8899876470908672,-2.391577729924878,1.1,-3.2
0,1,472,1.8788743239999404,-2.399723997711843,1.1,-3.2
0,1,473,1.8678504647255685,-2.4080938465219104,1.1,-3.2
0,1,474,1.8513533910888913,-2.4208173913819877,1.1,-3.2
0,1,475,1.8422178177754438,-2.4280441635377557,1.1,-3.2
0,1,476,1.8239900559176596,-2.4427310245880065,1.1,-3.2
0,1,477,1.8130875609683152,-2.4518423185933265,1.1,-3.2
0,1,478,1.8007396830869276,-2.4624569784728143,1.1,-3.2
0,1,479,1.729850675186206,-2.543352508967377,-0.8,-3.7
0,1,480,1.7293390530915198,-2.5443128941825655,-0.8,-3.7
0,1,481,1.7290573151296547,-2.5448537454283278,-0.8,-3.7
0,1,482,1.7287901991800985,-2.5453919149212676,-0.8,-3.7
0,1,483,1.7283393717228903,-2.5463911720147205,-0.8,-3.7
0,1,484,1.7280787796306163,-2.54698371298074,-0.8,-3.7
0,1,485,1.7276981896393864,-2.547803376660271,-0.8,-3.7
0,1,486,1.726867790385083,-2.5495819770517376,-0.8,-3.7
0,1,487,1.7255473681986921,-2.552429419091721,-0.8,-3.7
0,1,488,1.7228356757061922,-2.558736266177506,-0.8,-3.7
0,1,489,1.7193769739184475,-2.567770919234199,-0.8,-3.7
0,1,490,1.7179594492814463,-2.571965771168318,-0.8,-3.7
0,1,491,1.7165882619045048,-2.576277300884339,-0.8,-3.7
0,1,492,1.715306116003469,-2.5805963494075312,-0.8,-3.7
0,1,493,1.713815956766496,-2.585799261149252,-0.8,-3.7
0,1,494,1.7118731836783052,-2.593000524320146,-0.8,-3.7
0,1,495,1.7094097595893463,-2.6036455819375526,-0.8,-3.7
0,1,496,1.7077297107451117,-2.6113866577560203,-0.8,-3.7
0,1,497,1.7065761985098542,-2.6175021315188687,-0.8,-3.7
0,1,498,1.7048896245405496,-2.629559891918022,-0.8,-3.7
0,1,499,1.704289852229186,-2.6362471674419106,-0.8,-3.7
0,1,500,1.7038135988530898,-2.643766467364175,-0.8,-3.7
0,1,501,1.7036331609563091,-2.6478257770932188,-0.8,-3.7
0,1,502,1.7034613492622859,-2.652652045704206,-0.8,-3.7
0,1,503,1.7033017267517954,-2.65812583137553,-0.8,-3.7
0,1,504,1.7030888284719659,-2.6657787894274043,-0.8,-3.7
0,1,505,1.7030888284719659,-2.6657787894274043,-0.8,-3.7
0,1,506,1.7028734236498773,-2.673618523735986,-0.8,-3.7
0,1,507,1.7024389908489268,-2.684684630481185,-0.8,-3.7
0,1,508,1.7019651831946319,-2.696675761512215,-0.8,-3.7
0,1,509,1.7018669601204277,-2.69933965002159,-0.8,-3.7
0,1,510,1.7014345669546664,-2.716389601988569,-0.8,-3.7
0,1,511,1.7013260005695259,-2.728751247288682,-0.8,-3.7
0,1,512,1.7012694056046327,-2.7474975186515427,-0.8,-3.7
0,1,513,1.7011573129016462,-2.757178712093615,-0.8,-3.7
0,1,514,1.7004761007096474,-2.777074982052372,-0.8,-3.7
0,1,515,1.6996021845119456,-2.7894144881740783,-0.8,-3.7
0,1,516,1.698351474841825,-2.802089157616702,-0.8,-3.7
0,1,517,1.6955887217778467,-2.8234494314400673,-0.8,-3.7
0,1,518,1.691105225745202,-2.848554809317995,-0.8,-3.7
0,1,519,1.6863569293545893,-2.8695366255328483,-0.8,-3.7
0,1,520,1.684201162041393,-2.8778295477980804,-0.8,-3.7
0,1,521,1.6752148624287992,-2.9070946831848445,-0.8,-3.7
0,1,522,1.6720690053980056,-2.9158957845489053,-0.8,-3.7
0,1,523,1.6682221739775465,-2.925731946466108,-0.8,-3.7
0,1,524,1.6637640394208688,-2.9362273358838404,-0.8,-3.7
0,1,525,1.6618870196083577,-2.9404891128387476,-0.8,-3.7
0,1,526,1.656328113008896,-2.952429962777902,-0.8,-3.7
0,1,527,1.6532886797174433,-2.958691562993017,-0.8,-3.7
0,1,528,1.649591400596008,-2.9660621975448977,-0.8,-3.7
0,1,529,1.643964558249946,-2.9766256709632,-0.8,-3.7
0,1,530,1.6408462584089265,-2.98209475410336,-0.8,-3.7
0,1,531,1.638389346802948,-2.9862609189525076,-0.8,-3.7
0,1,532,1.635992739983048,-2.9902987139502297,-0.8,-3.7
0,1,533,1.6314267401791644,-2.9981031085995844,-0.8,-3.7
0,1,534,1.628705563405607,-3.0029023729712843,-0.8,-3.7
0,1,535,1.6244956608985268,-3.0106607076146767,-0.8,-3.7
0,1,536,1.6209279355999706,-3.017708384734052,-0.8,-3.7
0,1,537,1.6160871672621258,-3.0285837569036684,-0.8,-3.7
0,1,538,1.612017900173012,-3.0409246228047797,-0.8,-3.7
0,1,539,1.6104351798621976,-3.047589968793014,-0.8,-3.7
0,1,540,1.6086521823801037,-3.0611033867047994,-0.8,-3.7
0,1,541,1.6085105041672638,-3.066432557707149,-0.8,-3.7
0,1,542,1.608693026841237,-3.071734265350428,-0.8,-3.7
0,1,543,1.609182258071097,-3.076989748107252,-0.8,-3.7
0,1,544,1.6127830034661637,-3.093922560083397,-0.8,-3.7
0,1,545,1.6173438663495847,-3.1067630826908057,-0.8,-3.7
0,1,546,1.620195348851082,-3.113093112042404,-0.8,-3.7
0,1,547,1.6252395711320984,-3.1229474345605586,-0.8,-3.7
0,1,548,1.632018656463575,-3.1346740732585165,-0.8,-3.7
0,1,549,1.6349296980912846,-3.13925963248372,-0.8,-3.7
0,1,550,1.642711764626185,-3.150532831067409,-0.8,-3.7
0,1,551,1.646934220865605,-3.156101688640614,-0.8,-3.7
0,1,552,1.6522041479358243,-3.162626911418134,-0.8,-3.7
0,1,553,1.6601991767179838,-3.1719889906135643,-0.8,-3.7
0,1,554,1.6628364441822618,-3.174980537841136,-0.8,-3.7
0,1,555,1.6705643756521302,-3.1836114240888547,-0.8,-3.7
0,1,556,1.6756408683448953,-3.1892301854703637,-0.8,-3.7
0,1,557,1.6790519021736963,-3.192972095653966,-0.8,-3.7
0,1,558,1.685961060809028,-3.2003275629656933,-0.8,-3.7
0,1,559,1.6894136162709323,-3.2039558858927677,-0.8,-3.7
0,1,560,1.7008199064024494,-3.2158266247741545,-0.8,-3.7
0,1,561,1.7008199064024494,-3.2158266247741545,-0.8,-3.7
0,1,562,1.7089324874909773,-3.224029642167234,-0.8,-3.7
0,1,563,1.7178175485353442,-3.233025325416934,-0.8,-3.7
0,1,564,1.7221107568449767,-3.2375599193898252,-0.8,-3.7
0,1,565,1.7271717725423414,-3.2431196241041036,-0.8,-3.7
0,1,566,1.733033542526649,-3.2499616113899603,-0.8,-3.7
0,1,567,1.7380157647157872,-3.256211940206211,-0.8,-3.7
0,1,568,1.7429795416719718,-3.2628526545759646,-0.8,-3.7
0,1,569,1.750308823159437,-3.2736090715958155,-0.8,-3.7
0,1,570,1.7581317064928863,-3.2864389879745675,-0.8,-3.7
0,1,571,1.7617844210216327,-3.293024204298365,-0.8,-3.7
0,1,572,1.7665022256394267,-3.302292188268375,-0.8,-3.7
0,1,573,1.7714238029850542,-3.31311860740502,-0.8,-3.7
0,1,574,1.776852248317533,-3.3269677432654006,-0.8,-3.7
0,1,575,1.7792030726318548,-3.3339363091999297,-0.8,-3.7
0,1,576,1.7813412738651315,-3.34097892187259,-0.8,-3.7
0,1,577,1.7836154592536635,-3.34954251034751,-0.8,-3.7
0,1,578,1.7863946820632453,-3.362512285480321,-0.8,-3.7
0,1,579,1.7885623291596602,-3.3768751341777348,-0.8,-3.7
0,1,580,1.7892916346453789,-3.3838666654225933,-0.8,-3.7
0,1,581,1.7901239137945224,-3.3948122258152043,-0.8,-3.7
0,1,582,1.7907860776433029,-3.4095873678797703,-0.8,-3.7
0,1,583,1.7908971641128169,-3.416214331654294,-0.8,-3.7
0,1,584,1.7910750494997123,-3.4281944040073884,-0.8,-3.7
0,1,585,1.791342953449265,-3.4376591107875343,-0.8,-3.7
0,1,586,1.7919866916788916,-3.4488105277384538,-0.8,-3.7
0,1,587,1.7924720715113438,-3.4546074606126287,-0.8,-3.7
0,1,588,1.7939502351497334,-3.4682582019840504,-0.8,-3.7
0,1,589,1.7953244859564064,-3.477819933034296,-0.8,-3.7
0,1,590,1.7958484682078184,-3.481071799689661,-0.8,-3.7
0,1,591,1.7988494215105018,-3.497542878700194,-0.8,-3.7
0,1,592,1.8023009171707143,-3.513965183492498,-0.8,-3.7
0,1,593,1.8065250119059357,-3.530746201905853,-0.8,-3.7
0,1,594,1.8107560094759814,-3.5444077171222053,-0.8,-3.7
0,1,595,1.8164469969886177,-3.559750659761021,-0.8,-3.7
0,1,596,1.8207674105637497,-3.569820647924547,-0.8,-3.7
0,1,597,1.8280340983627805,-3.584509776799258,-0.8,-3.7
0,1,598,1.8333034988515735,-3.59382224160295,-0.8,-3.7
0,1,599,1.8378319233052431,-3.601303412017934,-0.8,-3.7
0,1,600,1.8484193638313688,-3.616932648982411,-0.8,-3.7
0,1,601,1.8504474449385246,-3.6196489914014838,-0.8,-3.7
0,1,602,1.8587676522564487,-3.6301308312861322,-0.8,-3.7
0,1,603,1.8651887890193295,-3.637617790812697,-0.8,-3.7
0,1,604,1.8739310160691385,-3.647053299588929,-0.8,-3.7
0,1,605,1.8795099553035943,-3.652704366511343,-0.8,-3.7
0,1,606,1.8852049458639035,-3.658123048433844,-0.8,-3.7
0,1,607,1.8979731608138604,-3.6694298916414723,-0.8,-3.7
0,1,608,1.9099168136099467,-3.678979087462408,-0.8,-3.7
0,1,609,1.922424382711926,-3.6878690715281697,-0.8,-3.7
0,1,610,1.930013911738813,-3.692758585437216,-0.8,-3.7
0,1,611,1.9386784832205752,-3.698155114599868,-0.8,-3.7
0,1,612,1.9461613628905035,-3.7025726283399023,-0.8,-3.7
0,1,613,1.9512659428013606,-3.7054085545190576,-0.8,-3.7
0,1,614,1.9653760127975224,-3.7127225438632587,-0.8,-3.7
0,1,615,1.9756808812035973,-3.717680869902989,-0.8,-3.7
0,1,616,1.9908468188372173,-3.724046912069127,-0.8,-3.7
0,1,617,2.0060093650408897,-3.7290915906888262,-0.8,-3.7
0,1,618,2.0139874515812877,-3.7311197567703873,-0.8,-3.7
0,1,619,2.0385561870448146,-3.734685342360026,-0.8,-3.7
0,1,620,2.0451706381875945,-3.734984840737009,-0.8,-3.7
0,1,621,2.0534559628172286,-3.734973356230041,-0.8,-3.7
0,1,622,2.0714621610311474,-3.733880264992862,-0.8,-3.7
0,1,623,2.0746837846956065,-3.7335638450551216,-0.8,-3.7
0,1,624,2.089247819270387,-3.7315836774047475,-0.8,-3.7
0,1,625,2.0941495483898227,-3.730703992514736,-0.8,-3.7
0,1,626,2.0974252808069496,-3.730050446644751,-0.8,-3.7
0,1,627,2.1122365665923803,-3.7264987984107787,-0.8,-3.7
0,1,628,2.1187983611705317,-3.7245834194379523,-0.8,-3.7
0,1,629,2.1269438823784994,-3.721894014256362,-0.8,-3.7
0,1,630,2.139740552760232,-3.716793305806079,-0.8,-3.7
0,1,631,2.1460430012697365,-3.7139356298219353,-0.8,-3.7
0,1,632,2.1613511648485644,-3.706092473612772,-0.8,-3.7
0,1,633,2.1701677840404936,-3.700892317760729,-0.8,-3.7
0,1,634,2.1800127371166105,-3.694408464861442,-0.8,-3.7
0,1,635,2.185389303174602,-3.690615663032789,-0.8,-3.7
0,1,636,2.1982432052758156,-3.680911189207497,-0.8,-3.7
0,1,637,2.1982432052758156,-3.680911189207497,-0.8,-3.7
0,1,638,2.2089991817111376,-3.6720246480357948,-0.8,-3.7
0,1,639,2.218018624133651,-3.6642042944375586,-0.8,-3.7
0,1,640,2.226662929223894,-3.6562978376256745,-0.8,-3.7
0,1,641,2.2338732069689864,-3.6493925126532654,-0.8,-3.7
0,1,642,2.2378612978070604,-3.6455014202496576,-0.8,-3.7
0,1,643,2.2446877127565954,-3.638861210364112,-0.8,-3.7
0,1,644,2.2494180274131326,-3.63423226593252,-0.8,-3.7
0,1,645,2.2541274317239126,-3.6296956985546034,-0.8,-3.7
0,1,646,2.2598367722637303,-3.624272441600691,-0.8,-3.7
0,1,647,2.260799428641099,-3.6233681610927198,-0.8,-3.7
0,1,648,2.2666261991590124,-3.617853404708204,-0.8,-3.7
0,1,649,2.276903955347114,-3.6081033690581545,-0.8,-3.7
0,1,650,2.2813038082494357,-3.6039398572537333,-0.8,-3.7
0,1,651,2.2870594760142944,-3.5984854919607456,-0.8,-3.7
0,1,652,2.299233750071762,-3.5868260079269745,-0.8,-3.7
0,1,653,2.306782579757827,-3.579495625959117,-0.8,-3.7
0,1,654,2.3144485538741573,-3.5720335915184145,-0.8,-3.7
0,1,655,2.3209469237599425,-3.5657869530787947,-0.8,-3.7
0,1,656,2.3343971125013536,-3.553353482190609,-0.8,-3.7
0,1,657,2.351660788861232,-3.5386783076331345,-0.8,-3.7
0,1,658,2.360809520391803,-3.5315275052473734,-0.8,-3.7
0,1,659,2.362351430299462,-3.530355583065981,-0.8,-3.7
0,1,660,2.3750268224818583,-3.5211285758377926,-0.8,-3.7
0,1,661,2.383137674200445,-3.5155242920464174,-0.8,-3.7
0,1,662,2.3996820772147793,-3.504850139162016,-0.8,-3.7
0,1,663,2.404687242229486,-3.5018086322080615,-0.8,-3.7
0,1,664,2.4250464461037757,-3.4904046539555895,-0.8,-3.7
0,1,665,2.426770413470633,-3.4895117314185584,-0.8,-3.7
0,1,666,2.4421802400593196,-3.482004068997161,-0.8,-3.7
0,1,667,2.450753779519897,-3.478189957889598,-0.8,-3.7
0,1,668,2.459337122287843,-3.4746459941920187,-0.8,-3.7
0,1,669,2.4761377207561357,-3.468497828494867,-0.8,-3.7
0,1,670,2.482651426938245,-3.466323874801648,-0.8,-3.7
0,1,671,2.498556671717209,-3.4611945307829908,-0.8,-3.7
0,1,672,2.5063934206185383,-3.4587316672786894,-0.8,-3.7
0,1,673,2.5156997797096006,-3.4559062001419507,-0.8,-3.7
0,1,674,2.5203357610223023,-3.454536229646761,-0.8,-3.7
0,1,675,2.543409377411535,-3.447851269289,-0.8,-3.7
0,1,676,2.552811491429522,-3.445211029110179,-0.8,-3.7
0,1,677,2.5591582426957205,-3.443504068595047,-0.8,-3.7
0,1,678,2.573685175086518,-3.439821822975267,-0.8,-3.7
0,1,679,2.581840017718807,-3.437880432669955,-0.8,-3.7
0,1,680,2.5915661948986064,-3.435701410714106,-0.8,-3.7
0,1,681,2.605784363575525,-3.432783268539654,-0.8,-3.7
0,1,682,2.613376781743065,-3.43129058459296,-0.8,-3.7
0,1,683,2.6294716722753204,-3.4281646615614902,-0.8,-3.7
0,1,684,2.635290558339141,-3.4269903043947467,-0.8,-3.7
0,1,685,2.6411340242379526,-3.4257504193604134,-0.8,-3.7
0,1,686,2.65001151701446,-3.42367981768872,-0.8,-3.7
0,1,687,2.663628659286853,-3.4197104545463497,-0.8,-3.7
0,1,688,2.682674620988645,-3.412646151993768,-0.8,-3.7
0,1,689,2.692178675704704,-3.4085618946426286,-0.8,-3.7
0,1,690,2.7059092191915526,-3.4022117549619932,-0.8,-3.7
0,1,691,2.714627703551016,-3.3980003693366423,-0.8,-3.7
0,1,692,2.720184299205399,-3.3952690313972296,-0.8,-3.7
0,1,693,2.7256082820126175,-3.3925879615142653,-0.8,-3.7
0,1,694,2.7323063393331206,-3.38925187432426,-0.8,-3.7
0,1,695,2.7455937963525576,-3.3826350682824153,-0.8,-3.7
0,1,696,2.750884253432834,-3.380022045251137,-0.8,-3.7
0,1,697,2.764133544727557,-3.3735498981702494,-0.8,-3.7
0,1,698,2.772235394503507,-3.36971992399194,-0.8,-3.7
0,1,699,2.7832668492519406,-3.364571922221848,-0.8,-3.7
0,1,700,2.7888577139899993,-3.361949690462736,-0.8,-3.7
0,1,701,2.8016139164258234,-3.355920580969296,-0.8,-3.7
0,1,702,2.807361118656645,-3.353184757899543,-0.8,-3.7
0,1,703,2.8146142596243515,-3.349685397264353,-0.8,-3.7
0,1,704,2.821950761029302,-3.3460997293542616,-0.8,-3.7
0,1,705,2.8351093479362053,-3.339540793042504,-0.8,-3.7
0,1,706,2.847937959625772,-3.3330245065047897,-0.8,-3.7
0,1,707,2.862245616786553,-3.3257141818960134,-0.8,-3.7
0,1,708,2.876818771794083,-3.318743745836946,-0.8,-3.7
0,1,709,2.895041315202386,-3.3110934728032233,-0.8,-3.7
0,1,710,2.903072639540564,-3.308198720554339,-0.8,-3.7
0,1,711,2.9113783012054784,-3.3055135466016363,-0.8,-3.7
0,1,712,2.9339912937758843,-3.2998283481496085,-0.8,-3.7
0,1,713,2.939273508702921,-3.298838974876318,-0.8,-3.7
0,1,714,2.9495411114929015,-3.297333859949904,-0.8,-3.7
0,1,715,2.959418987360031,-3.2964683844174867,-0.8,-3.7
0,1,716,2.967292067916609,-3.296186940162011,-0.8,-3.7
0,1,717,2.9835132565811793,-3.296795807787054,-0.8,-3.7
0,1,718,2.991485765608652,-3.2976681124119245,-0.8,-3.7
0,1,719,3.0011971550662637,-3.299252362968313,-0.8,-3.7
0,1,720,3.0067829752728654,-3.300453661504563,-0.8,-3.7
0,1,721,3.016820027147593,-3.3031234886668046,-0.8,-3.7
0,1,722,3.0260835157040566,-3.306090950640627,-0.8,-3.7
0,1,723,3.0354247910647554,-3.3092039682396703,-0.8,-3.7
0,1,724,3.045114543211554,-3.312467973559331,-0.8,-3.7
0,1,725,3.052760360169593,-3.3150892872713524,-0.8,-3.7
0,1,726,3.0671196536923944,-3.320582097745823,-0.8,-3.7
0,1,727,3.0733644421394124,-3.323177475623479,-0.8,-3.7
0,1,728,3.0824893663837907,-3.3272296870272546,-0.8,-3.7
0,1,729,3.097628163173611,-3.334870812789218,-0.8,-3.7
0,1,730,3.112830014316341,-3.3436684699511434,-0.8,-3.7
0,1,731,3.12484716526959,-3.351607542438568,-0.8,-3.7
0,1,732,3.1313482402651163,-3.356298072591396,-0.8,-3.7
0,1,733,3.1376193823884932,-3.361156670524485,-0.8,-3.7
0,1,734,3.149251013828341,-3.3710622383670525,-0.8,-3.7
0,1,735,3.1546722233021334,-3.375969674608724,-0.8,-3.7
0,1,736,3.1651368773820656,-3.385595332053537,-0.8,-3.7
0,1,737,3.1651368773820656,-3.385595332053537,-0.8,-3.7
0,1,738,3.176669505412222,-3.396034957273062,-0.8,-3.7
0,1,739,3.180929188281044,-3.3998282713784174,-0.8,-3.7
0,1,740,3.1962682906546527,-3.413499616012377,-0.8,-3.7
0,1,741,3.200739944643846,-3.4175406004379445,-0.8,-3.7
0,1,742,3.2052105144963066,-3.42162216973701,-0.8,-3.7
0,1,743,3.216383115347267,-3.431948525165897,-0.8,-3.7
0,1,744,3.226331027876364,-3.441292914147616,-0.8,-3.7
0,1,745,3.2373814665236473,-3.451697023749568,-0.8,-3.7
0,1,746,3.248870420121179,-3.4622163165008972,-0.8,-3.7
0,1,747,3.255003228573475,-3.467492128368638,-0.8,-3.7
0,1,748,3.261418358182857,-3.472768596251474,-0.8,-3.7
0,1,749,3.2795241758261438,-3.486406884890707,-0.8,-3.7
0,1,750,3.2868537478665196,-3.491492396859539,-0.8,-3.7
0,1,751,3.3072791598722584,-3.505013720778053,-0.8,-3.7
0,1,752,3.3231776628008993,-3.5152093969490203,-0.8,-3.7
0,1,753,3.337810358594588,-3.524120766030864,-0.8,-3.7
0,1,754,3.3510488069845943,-3.53200285295763,-0.8,-3.7
0,1,755,3.365965837531949,-3.5404594110368164,-0.8,-3.7
0,1,756,3.373378104597091,-3.5445603382368835,-0.8,-3.7
0,1,757,3.380717877123889,-3.548611986532491,-0.8,-3.7
0,1,758,3.389475261096375,-3.5534568039294143,-0.8,-3.7
0,1,759,3.4040569642675065,-3.5615352801593585,-0.8,-3.7
0,1,760,3.4127351750779313,-3.566373730871199,-0.8,-3.7
0,1,761,3.4298830711038786,-3.576297065371248,-0.8,-3.7
0,1,762,3.438391927169692,-3.5813946731772233,-0.8,-3.7
0,1,763,3.4553578892887877,-3.591852729661092,-0.8,-3.7
0,1,764,3.4665940859364963,-3.5991295275923996,-0.8,-3.7
0,1,765,3.4707772842363362,-3.601940789366349,-0.8,-3.7
0,1,766,3.4777380310561314,-3.6067797571301536,-0.8,-3.7
0,1,767,3.491551222076325,-3.6169836945701617,-0.8,-3.7
0,1,768,3.505108786883753,-3.6276489340392244,-0.8,-3.7
0,1,769,3.5195707526571782,-3.6401032256173123,-0.8,-3.7
0,1,770,3.523419493191225,-3.6436524751497488,-0.8,-3.7
0,1,771,3.53472191690672,-3.654753689621388,-0.8,-3.7
0,1,772,3.547882045826377,-3.6689721364975334,-0.8,-3.7
0,1,773,3.559919802664722,-3.6837463268916486,-0.8,-3.7
0,1,774,3.571935093569149,-3.7010205787298847,-0.8,-3.7
0,1,775,3.5776263337916787,-3.7106016202383887,-0.8,-3.7
0,1,776,3.585223038147914,-3.725735275206882,-0.8,-3.7
0,1,777,3.5879939568602275,-3.7323378303944192,-0.8,-3.7
0,1,778,3.5906739613488523,-3.73895609112837,-0.8,-3.7
0,1,779,3.5914278322526125,-3.740966187458913,-0.8,-3.7
0,1,780,3.592301460477182,-3.743377545015179,-0.8,-3.7
0,1,781,3.593836275637368,-3.7482396813095953,-0.8,-3.7
0,1,782,3.5944785116210873,-3.7506435907388163,-0.8,-3.7
0,1,783,3.5952015008177463,-3.753976188494501,-0.8,-3.7
0,1,784,3.5958706643974954,-3.7579167794698756,-0.8,-3.7
0,1,785,3.5962483470156505,-3.760891944985098,-0.8,-3.7
0,1,786,3.596790409097549,-3.768825441368686,-0.8,-3.7
0,1,787,3.596880317768494,-3.7767512926939832,-0.8,-3.7
0,1,788,3.596591859774213,-3.784603978826883,-0.8,-3.7
0,1,789,3.5959361611279106,-3.793190840112374,-0.8,-3.7
0,1,790,3.5951409935884153,-3.8008402773700363,-0.8,-3.7
0,1,791,3.5943669652955803,-3.807259400801583,-0.8,-3.7
0,1,792,3.5934667133526523,-3.8138907324005427,-0.8,-3.7
0,1,793,3.5921698677038068,-3.8225018971897025,-0.8,-3.7
0,1,794,3.5902960510158017,-3.833221333020181,-0.8,-3.7
0,1,795,3.5876783202329894,-3.8461075208805946,-0.8,-3.7
0,1,796,3.583651685912296,-3.8642692506225793,-0.8,-3.7
0,1,797,3.5815576531338227,-3.8733765869876087,-0.8,-3.7
0,1,798,3.577043839688884,-3.8929631213259976,-0.8,-3.7
0,1,799,3.5754222527789645,-3.9000026379014923,-0.8,-3.7
0,1,800,3.5734336755630456,-3.908782578331263,-0.8,-3.7
0,1,801,3.5714556348546385,-3.91756258276696,-0.8,-3.7
0,1,802,3.5679851557016313,-3.9333808488826163,-0.8,-3.7
0,1,803,3.5672177634956417,-3.936853140046975,-0.8,-3.7
0,1,804,3.5660714523716885,-3.942012164421423,-0.8,-3.7
0,1,805,3.564166830548663,-3.950500854703756,-0.8,-3.7
0,1,806,3.5607166933926333,-3.965466104050265,-0.8,-3.7
0,1,807,3.558380841730922,-3.975218444759459,-0.8,-3.7
0,1,808,3.556377296672097,-3.983210149056631,-0.8,-3.7
0,1,809,3.5515557219379668,-4.001761926973094,-0.8,-3.7
0,1,810,3.548725923423112,-4.012243553249829,-0.8,-3.7
0,1,811,3.548725923423112,-4.012243553249829,-0.8,-3.7
0,1,812,3.545074152275915,-4.025249034263757,-0.8,-3.7
0,1,813,3.539110681401542,-4.046295488317446,-0.8,-3.7
0,1,814,3.535564570662116,-4.058840127097644,-0.8,-3.7
0,1,815,3.535564570662116,-4.058840127097644,-0.8,-3.7
0,1,816,3.5343883862833243,-4.062967139734313,-0.8,-3.7
0,1,817,3.5320297139151005,-4.07118448427108,-0.8,-3.7
0,1,818,3.5268821514244126,-4.088723043915437,-0.8,-3.7
0,1,819,3.525286256382356,-4.094034844343484,-0.8,-3.7
0,1,820,3.523238834786391,-4.1006309461567865,-0.8,-3.7
0,1,821,3.5207110304122957,-4.108510744328147,-0.8,-3.7
0,1,822,3.5189850722373723,-4.113709723032874,-0.8,-3.7
0,1,823,3.514619137567715,-4.126463057400947,-0.8,-3.7
0,1,824,3.5100490647938356,-4.139098042009324,-0.8,-3.7
0,1,825,3.507665638995174,-4.145389793220797,-0.8,-3.7
0,1,826,3.505225317392401,-4.151612990289698,-0.8,-3.7
0,1,827,3.500686355898712,-4.162696112996228,-0.8,-3.7
0,1,828,3.4975457288749685,-4.170045700508728,-0.8,-3.7
0,1,829,3.4943676565058666,-4.177231598099223,-0.8,-3.7
0,1,830,3.4896181172911365,-4.187424837906153,-0.8,-3.7
0,1,831,3.4817893379376152,-4.2035899554401475,-0.8,-3.7
0,1,832,3.4792584798677058,-4.208725796249159,-0.8,-3.7
0,1,833,3.4739904332106724,-4.219900727002897,-0.8,-3.7
0,1,834,3.469066690608545,-4.231483751825596,-0.8,-3.7
0,1,835,3.4655791359172636,-4.240075568337446,-0.8,-3.7
0,1,836,3.463032230116656,-4.24655496077919,-0.8,-3.7
0,1,837,3.4588560609842416,-4.257566925387508,-0.8,-3.7
0,1,838,3.4548907151308037,-4.26892538365544,-0.8,-3.7
0,1,839,3.450675384377088,-4.283388432967606,-0.8,-3.7
0,1,840,3.4485224016726477,-4.293706951631969,-0.8,-3.7
