0,0,0,1.50159876786675,-0.9939389725355792,1,-5.0
0,0,1,1.5016113719574293,-0.9938842486139102,1,-5.0
0,0,2,1.5015961057355462,-0.9937120729788923,1,-5.0
0,0,3,1.501555989357236,-0.9935407527945468,1,-5.0
0,0,4,1.5016407204003337,-0.9933626320450482,1,-5.0
0,0,5,1.5024960943787815,-0.9933000685007366,1,-5.0
0,0,6,1.505338108766913,-0.993201288273429,1,-5.0
0,0,7,1.5065520509678851,-0.9931802114235118,1,-5.0
0,0,8,1.510069767654338,-0.9932568234359328,1,-5.0
0,0,9,1.5119687319991735,-0.9933416517968139,1,-5.0
0,0,10,1.5144305885918945,-0.9934647129757932,1,-5.0
0,0,11,1.5171849799128292,-0.9936748501230861,1,-5.0
0,0,12,1.522498926330689,-0.9941722944745154,1,-5.0
0,0,13,1.5286711683582845,-0.9948901343817521,1,-5.0
0,0,14,1.5320953331744869,-0.9953280983060535,1,-5.0
0,0,15,1.5357484053838537,-0.9958491865963572,1,-5.0
0,0,16,1.547025402876372,-0.9976685032368231,1,-5.0
0,0,17,1.5492176102402353,-0.9980681429837226,1,-5.0
0,0,18,1.560722013269573,-1.0004236045343253,1,-5.0
0,0,19,1.5654822548516527,-1.0015253099599932,1,-5.0
0,0,20,1.5702414394697537,-1.00273351426647,1,-5.0
0,0,21,1.57960595385889,-1.0053557089215206,1,-5.0
0,0,22,1.5889657515037228,-1.0080510203752149,1,-5.0
0,0,23,1.5925118996842018,-1.009071290467896,1,-5.0
0,0,24,1.604298020826403,-1.012757611867835,1,-5.0
0,0,25,1.6101466271543794,-1.014673682406762,1,-5.0
0,0,26,1.6205765475209855,-1.0182642097691657,1,-5.0
0,0,27,1.6287174377623963,-1.0211032366352173,1,-5.0
0,0,28,1.6357735287289825,-1.0235214071969572,1,-5.0
0,0,29,1.6417532877317298,-1.0255457221955382,1,-5.0
0,0,30,1.6489413431258821,-1.0280654858641707,1,-5.0
0,0,31,1.6597540564060003,-1.03197182397866,1,-5.0
0,0,32,1.6719741960694612,-1.036340621245983,1,-5.0
0,0,33,1.6819583101937303,-1.0398890189848697,1,-5.0
0,0,34,1.6870232838644104,-1.0417347714541223,1,-5.0
0,0,35,1.692122000831005,-1.0436379162044467,1,-5.0
0,0,36,1.7049625242335065,-1.0487478066841205,1,-5.0
0,0,37,1.7141249920333812,-1.052790500129487,1,-5.0
0,0,38,1.7261298100736062,-1.0585315027470301,1,-5.0
0,0,39,1.7328085969774398,-1.0619917851174432,1,-5.0
0,0,40,1.7381732718587632,-1.0648992589307111,1,-5.0
0,0,41,1.7448743158932574,-1.0686716030303625,1,-5.0
0,0,42,1.7501362406805627,-1.0717705299350397,1,-5.0
0,0,43,1.762847469090549,-1.0797935939490864,1,-5.0
0,0,44,1.770243537824517,-1.0847662101525573,1,-5.0
0,0,45,1.7784781174302902,-1.0906899649489001,1,-5.0
0,0,46,1.789592861242333,-1.0991836258399228,1,-5.0
0,0,47,1.7940037264246478,-1.1026343966189678,1,-5.0
0,0,48,1.7973192711122283,-1.1053028710099926,1,-5.0
0,0,49,1.8062203043840723,-1.1128751268638282,1,-5.0
0,0,50,1.8095612192595059,-1.1159005398760635,1,-5.0
0,0,51,1.8139985524417543,-1.1201001748457307,1,-5.0
0,0,52,1.8204490495043957,-1.126606764136869,1,-5.0
0,0,53,1.8264858043348962,-1.1332036648094141,1,-5.0
0,0,54,1.8366857195905795,-1.1459195258717143,1,-5.0
0,0,55,1.839533116674078,-1.1499557159572733,1,-5.0
0,0,56,1.8455755662983677,-1.1594399133404094,1,-5.0
0,0,57,1.8481677035908812,-1.1638715856782913,1,-5.0
0,0,58,1.8514766451029283,-1.1699607793813795,1,-5.0
0,0,59,1.853632190378072,-1.1742829204197576,1,-5.0
0,0,60,1.8556016725686337,-1.1785537834612645,1,-5.0
0,0,61,1.8586335326063155,-1.1859329419523386,1,-5.0
0,0,62,1.8594842663866802,-1.188237019548351,1,-5.0
0,0,63,1.8615056177324123,-1.1939586458402645,1,-5.0
0,0,64,1.862662503895817,-1.197256638301075,1,-5.0
0,0,65,1.8648521581466293,-1.2033602193531765,1,-5.0
0,0,66,1.8661565416385,-1.206829245081689,1,-5.0
0,0,67,1.8676681831454949,-1.2107522829450534,1,-5.0
0,0,68,1.8687739061829285,-1.2135337735883438,1,-5.0
0,0,69,1.8706223489154865,-1.2180160676861174,1,-5.0
0,0,70,1.8718796968677882,-1.2209049590713013,1,-5.0
0,0,71,1.8735833915505584,-1.2246527858090215,1,-5.0
0,0,72,1.875792819543546,-1.2292492568495357,1,-5.0
0,0,73,1.8771891069916202,-1.232003672904509,1,-5.0
0,0,74,1.8787037020015513,-1.2348541959382566,1,-5.0
0,0,75,1.8807682633819598,-1.2385773918897502,1,-5.0
0,0,76,1.8844157627409266,-1.2447901861752884,1,-5.0
0,0,77,1.8888487818237145,-1.2518451426129604,1,-5.0
0,0,78,1.8912892216004138,-1.2554921019449703,1,-5.0
0,0,79,1.8940801183623048,-1.2595381947533884,1,-5.0
0,0,80,1.8958414771048995,-1.262053512686963,1,-5.0
0,0,81,1.8986987082463773,-1.2661280097612133,1,-5.0
0,0,82,1.9016058926367008,-1.270374123293895,1,-5.0
0,0,83,1.9035704301712122,-1.2733600398980616,1,-5.0
0,0,84,1.9056695493642775,-1.2769020937208455,1,-5.0
0,0,85,1.9081589024889147,-1.2813001398137338,1,-5.0
0,0,86,1.9097867991813486,-1.2843083409573945,1,-5.0
0,0,87,1.911115494534628,-1.286833611253337,1,-5.0
0,0,88,1.9125013702685958,-1.2894942239829694,1,-5.0
0,0,89,1.9143313725185898,-1.293114798455456,1,-5.0
0,0,90,1.917429661099588,-1.2994730860456591,1,-5.0
0,0,91,1.921516702629109,-1.3083045167710141,1,-5.0
0,0,92,1.9231669690622872,-1.3120279822731906,1,-5.0
0,0,93,1.9252271584346283,-1.316863684442511,1,-5.0
0,0,94,1.9272609403190641,-1.3219051761482117,1,-5.0
0,0,95,1.9276652066586144,-1.3229297139466754,1,-5.0
0,0,96,1.9304653060691699,-1.3302506309325168,1,-5.0
0,0,97,1.9331341138583253,-1.3378353205866051,1,-5.0
0,0,98,1.9342317374334894,-1.3411633260874933,1,-5.0
0,0,99,1.9376515707323745,-1.3522914054156352,1,-5.0
0,0,100,1.9396428834332213,-1.359709743560556,1,-5.0
0,0,101,1.9422105303479786,-1.3697620755911315,1,-5.0
0,0,102,1.942943185148633,-1.372803352684842,1,-5.0
0,0,103,1.9447459036599175,-1.3812040515984598,1,-5.0
0,0,104,1.9455383089663436,-1.3855499035529886,1,-5.0
0,0,105,1.9455383089663436,-1.3855499035529886,1,-5.0
0,0,106,1.9468859785808668,-1.3945181015781907,1,-5.0
0,0,107,1.947558851428956,-1.4001811115118246,1,-5.0
0,0,108,1.9481512607510096,-1.406788819101172,1,-5.0
0,0,109,1.9483466366474254,-1.4099774681377528,1,-5.0
0,0,110,1.9484860890478592,-1.4130365835768766,1,-5.0
0,0,111,1.9487543428379623,-1.421808089711096,1,-5.0
0,0,112,1.9487961696254597,-1.4275833121418546,1,-5.0
0,0,113,1.9485283138229863,-1.4372847810861682,1,-5.0
0,0,114,1.9482994253463903,-1.4410361591504792,1,-5.0
0,0,115,1.9480797782074177,-1.4437361492130425,1,-5.0
0,0,116,1.9477551252695844,-1.4471529185149212,1,-5.0
0,0,117,1.9474078038061597,-1.450420289948335,1,-5.0
0,0,118,1.947048892063016,-1.4537009732731405,1,-5.0
0,0,119,1.9463155857990717,-1.4604398399442104,1,-5.0
0,0,120,1.9456532882846806,-1.4670344151426504,1,-5.0
0,0,121,1.9449155128338649,-1.4758149890209944,1,-5.0
0,0,122,1.9443070746782392,-1.4872083620600278,1,-5.0
0,0,123,1.9442136273735406,-1.4990183285750094,1,-5.0
0,0,124,1.9445395494581321,-1.5089597390701317,1,-5.0
0,0,125,1.9449980981027188,-1.5178172385036557,1,-5.0
0,0,126,1.9466160587694228,-1.5380949401044817,1,-5.0
0,0,127,1.94817989954858,-1.5533025159620057,1,-5.0
0,0,128,1.9494325557052852,-1.5631305508565267,1,-5.0
0,0,129,1.9499977589810573,-1.5671379077529046,1,-5.0
0,0,130,1.950948788280828,-1.5732169997608971,1,-5.0
0,0,131,1.952786314285793,-1.58350418399798,1,-5.0
0,0,132,1.955467098249687,-1.5961081499561824,1,-5.0
0,0,133,1.9599321992306362,-1.6131517380276488,1,-5.0
0,0,134,1.9618571305939068,-1.619531601750255,1,-5.0
0,0,135,1.9719529502798068,-1.6472871456516318,1,-5.0
0,0,136,1.9767352960298525,-1.657920147001614,1,-5.0
0,0,137,1.9819542232107656,-1.6683521331752467,1,-5.0
0,0,138,1.9909644973706406,-1.6838892627913657,1,-5.0
0,0,139,2.004370723763415,-1.7023539435321429,1,-5.0
0,0,140,2.012055717224689,-1.711004222532361,1,-5.0
0,0,141,2.024009871933053,-1.7223102304407008,1,-5.0
0,0,142,2.0348206793972956,-1.7307550430117296,1,-5.0
0,0,143,2.038806949035664,-1.733686067179807,1,-5.0
0,0,144,2.0465871324976987,-1.739241207799895,1,-5.0
0,0,145,2.055286718146119,-1.745280839274631,1,-5.0
0,0,146,2.0600461704372015,-1.7485691627410072,1,-5.0
0,0,147,2.069246923951987,-1.7548921764469916,1,-5.0
0,0,148,2.074888707712019,-1.7587818053182005,1,-5.0
0,0,149,2.0850153221866523,-1.7656319203006399,1,-5.0
0,0,150,2.090623412271792,-1.7693678619979287,1,-5.0
0,0,151,2.0939616657640343,-1.771587634133284,1,-5.0
0,0,152,2.0972643977172636,-1.7737950720760753,1,-5.0
0,0,153,2.104859796666866,-1.7789341061328738,1,-5.0
0,0,154,2.1156447665429208,-1.7863521248175749,1,-5.0
0,0,155,2.118906982652369,-1.7886285612067072,1,-5.0
0,0,156,2.1265869528889567,-1.793998126948085,1,-5.0
0,0,157,2.1311068762254775,-1.7971600663856677,1,-5.0
0,0,158,2.140521736751387,-1.8037309174074014,1,-5.0
0,0,159,2.1453084341165023,-1.8070683006692332,1,-5.0
0,0,160,2.155256914097723,-1.8139874993171534,1,-5.0
0,0,161,2.1616813561072594,-1.818444152292893,1,-5.0
0,0,162,2.1668872138994453,-1.8220741996623857,1,-5.0
0,0,163,2.1734485124981044,-1.8266967151283642,1,-5.0
0,0,164,2.181394884981061,-1.832428705719588,1,-5.0
0,0,165,2.1934190942499177,-1.841458086366204,1,-5.0
0,0,166,2.2001112627003416,-1.846713072619925,1,-5.0
0,0,167,2.2108611309880737,-1.855535386446256,1,-5.0
0,0,168,2.218941399398485,-1.8624341039112295,1,-5.0
0,0,169,2.225558950733491,-1.86827198081094,1,-5.0
0,0,170,2.233275955626357,-1.875319826929109,1,-5.0
0,0,171,2.237052468595234,-1.8788419890097678,1,-5.0
0,0,172,2.242079172866423,-1.8835500671435006,1,-5.0
0,0,173,2.25805680546111,-1.8991061025422689,1,-5.0
0,0,174,2.25805680546111,-1.8991061025422689,1,-5.0
0,0,175,2.2663031329795755,-1.907586569176894,1,-5.0
0,0,176,2.274421526972412,-1.9160699641773669,1,-5.0
0,0,177,2.2847959099975084,-1.927000658019229,1,-5.0
0,0,178,2.295273659619687,-1.9380601478571573,1,-5.0
0,0,179,2.302277034600995,-1.9457004832111977,1,-5.0
0,0,180,2.3081455111324303,-1.952214155818542,1,-5.0
0,0,181,2.3197824855581275,-1.9656363898540385,1,-5.0
0,0,182,2.3278028731106666,-1.9754471046566113,1,-5.0
0,0,183,2.3323266221446306,-1.9812367921149774,1,-5.0
0,0,184,2.336803410223854,-1.9871636644947854,1,-5.0
0,0,185,2.3412117497480502,-1.993223049045555,1,-5.0
0,0,186,2.344470926624897,-1.997861486813616,1,-5.0
0,0,187,2.349823795112284,-2.0057456215577387,1,-5.0
0,0,188,2.3560345339773123,-2.015377379579587,1,-5.0
0,0,189,2.3638791081504498,-2.0284411436585708,1,-5.0
0,0,190,2.372841898347642,-2.0453680644149554,1,-5.0
0,0,191,2.3760123090774097,-2.0520695553357884,1,-5.0
0,0,192,2.3774965991547434,-2.0553723813410905,1,-5.0
0,0,193,2.38025841728192,-2.06187138131063,1,-5.0
0,0,194,2.3827130879518856,-2.06809609523,1,-5.0
0,0,195,2.3872152940126035,-2.0811297659569465,1,-5.0
0,0,196,2.388047208749626,-2.0838436414603385,1,-5.0
0,0,197,2.3908401687475713,-2.0939930482657925,1,-5.0
0,0,198,2.3921904277326473,-2.099765589991224,1,-5.0
0,0,199,2.394655034176259,-2.1119787171539497,1,-5.0
0,0,200,2.3959454422458073,-2.1200130897182925,1,-5.0
0,0,201,2.396471940067693,-2.123965311726859,1,-5.0
0,0,202,2.397545584323657,-2.1327625350404187,1,-5.0
0,0,203,2.3980697803867383,-2.137172567041286,1,-5.0
0,0,204,2.398510744884534,-2.1409188532954735,1,-5.0
0,0,205,2.3993822097382873,-2.148840379954424,1,-5.0
0,0,206,2.3995923721556514,-2.1509298931866163,1,-5.0
0,0,207,2.399694882456495,-2.1519904818527715,1,-5.0
0,0,208,2.400370800268282,-2.1597190661480283,1,-5.0
0,0,209,2.401444329255373,-2.1763054986956036,1,-5.0
0,0,210,2.4020598530462447,-2.189984656519332,1,-5.0
0,0,211,2.402826992679508,-2.2045374943121225,1,-5.0
0,0,212,2.4037456670689052,-2.2172912774047355,1,-5.0
0,0,213,2.404874755962171,-2.2307673705325537,1,-5.0
0,0,214,2.4054128945644404,-2.2369152006010236,1,-5.0
0,0,215,2.4064649023326523,-2.2494430225107434,1,-5.0
0,0,216,2.4075301407290493,-2.2655046205430827,1,-5.0
0,0,217,2.4081222392408694,-2.276918811108053,1,-5.0
0,0,218,2.408554431252749,-2.2866509530593166,1,-5.0
0,0,219,2.408753060233644,-2.2914457470749943,1,-5.0
0,0,220,2.4092786372034842,-2.3056288571263637,1,-5.0
0,0,221,2.4095427644600145,-2.3134055977645565,1,-5.0
0,0,222,2.409916679189868,-2.3258546936982905,1,-5.0
0,0,223,2.4102042257011185,-2.3383102618501863,1,-5.0
0,0,224,2.4104051593322926,-2.34454927064647,1,-5.0
0,0,225,2.410736560004025,-2.3523943170589368,1,-5.0
0,0,226,2.4111053613786657,-2.358736913019905,1,-5.0
0,0,227,2.412321619332087,-2.371692091752899,1,-5.0
0,0,228,2.4139776657382295,-2.383424762817411,1,-5.0
0,0,229,2.414859607266268,-2.388554874184128,1,-5.0
0,0,230,2.416570301476088,-2.3971887499340117,1,-5.0
0,0,231,2.4209448812783227,-2.4145860705102393,1,-5.0
0,0,232,2.421454476409167,-2.416317307129965,1,-5.0
0,0,233,2.42586826130641,-2.4300995804659573,1,-5.0
0,0,234,2.4290032151716088,-2.4385973290308036,1,-5.0
0,0,235,2.4331559485775176,-2.448678228241415,1,-5.0
0,0,236,2.4353773628237203,-2.4536444573369063,1,-5.0
0,0,237,2.4416797787428246,-2.4665816622279637,1,-5.0
0,0,238,2.4458040404392247,-2.47445668880729,1,-5.0
0,0,239,2.4536016430000367,-2.488246864840366,1,-5.0
0,0,240,2.4611942566271603,-2.500212884492106,1,-5.0
0,0,241,2.4652485363222327,-2.506149198595352,1,-5.0
0,0,242,2.4695071775608106,-2.5119936163806704,1,-5.0
0,0,243,2.478519339998254,-2.5234190690925886,1,-5.0
0,0,244,2.4844480974914425,-2.5303693338555187,1,-5.0
0,0,245,2.4905724543188663,-2.5369850356418873,1,-5.0
0,0,246,2.498131762413695,-2.5446721858808505,1,-5.0
0,0,247,2.5074599665627764,-2.5533097328919956,1,-5.0
0,0,248,2.5129466035369883,-2.5581572191962656,1,-5.0
0,0,249,2.5199902262723404,-2.564017738805443,1,-5.0
0,0,250,2.5286670487849072,-2.5709007407656714,1,-5.0
0,0,251,2.540767697942187,-2.5796490158796206,1,-5.0
0,0,252,2.553424001774368,-2.587927583817737,1,-5.0
0,0,253,2.566381994082999,-2.595552925486338,1,-5.0
0,0,254,2.572916239806726,-2.599033565130696,1,-5.0
0,0,255,2.587505151694248,-2.6060027104101695,1,-5.0
0,0,256,2.5954114547711242,-2.609412868293554,1,-5.0
0,0,257,2.6060926247198255,-2.6137861936193474,1,-5.0
0,0,258,2.6060926247198255,-2.6137861936193474,1,-5.0
0,0,259,2.617952141756907,-2.6181985525704508,1,-5.0
0,0,260,2.6293664500017933,-2.622141939564471,1,-5.0
0,0,261,2.6404922698457844,-2.625733127792148,1,-5.0
0,0,262,2.6499585166255892,-2.628566371135751,1,-5.0
0,0,263,2.6565681143400273,-2.6304728889775015,1,-5.0
0,0,264,2.6668450062796385,-2.633401840527953,1,-5.0
0,0,265,2.673116676358486,-2.6351775213576563,1,-5.0
0,0,266,2.680516296445674,-2.6372595239036465,1,-5.0
0,0,267,2.6853945247826356,-2.638631894150426,1,-5.0
0,0,268,2.6902627270678536,-2.640012284198722,1,-5.0
0,0,269,2.6939298440949115,-2.641060502114554,1,-5.0
0,0,270,2.707400736559921,-2.644830072701266,1,-5.0
0,0,271,2.7174054574611892,-2.6475553533903176,1,-5.0
0,0,272,2.723764250722792,-2.6492439351297055,1,-5.0
0,0,273,2.7288506051973553,-2.6505641960405018,1,-5.0
0,0,274,2.738904529455816,-2.6530693992647643,1,-5.0
0,0,275,2.7488662361932934,-2.655558334964991,1,-5.0
0,0,276,2.7513487248373334,-2.656177628485509,1,-5.0
0,0,277,2.7612450333961345,-2.6585747686533856,1,-5.0
0,0,278,2.7662849472065223,-2.6597977802522683,1,-5.0
0,0,279,2.767563575297398,-2.6601077715279784,1,-5.0
0,0,280,2.7767575961830393,-2.6622923718730362,1,-5.0
0,0,281,2.783555087979003,-2.663895749018753,1,-5.0
0,0,282,2.797448343090732,-2.6671721903036496,1,-5.0
0,0,283,2.80309479027727,-2.668531941919124,1,-5.0
0,0,284,2.8102343286575207,-2.670293506275568,1,-5.0
0,0,285,2.8131169874095714,-2.6710138819596745,1,-5.0
0,0,286,2.8262276037893366,-2.6744344911434625,1,-5.0
0,0,287,2.835056098796622,-2.676837604437281,1,-5.0
0,0,288,2.849959583769275,-2.681073282084279,1,-5.0
0,0,289,2.8574433606138077,-2.6832892287477788,1,-5.0
0,0,290,2.87085600519538,-2.687375654797765,1,-5.0
0,0,291,2.879774119682561,-2.690157403559261,1,-5.0
0,0,292,2.890060769164499,-2.693481710028671,1,-5.0
0,0,293,2.906070060929035,-2.6987098081025294,1,-5.0
0,0,294,2.911931942846099,-2.7005475804486836,1,-5.0
0,0,295,2.922273418162485,-2.703694930484528,1,-5.0
0,0,296,2.932485429467128,-2.7067128138136676,1,-5.0
0,0,297,2.946919902393635,-2.710920946686719,1,-5.0
0,0,298,2.9540865813092636,-2.713006425575769,1,-5.0
0,0,299,2.9626000382734676,-2.715579548399281,1,-5.0
0,0,300,2.9780108500486264,-2.7207317818199552,1,-5.0
0,0,301,2.982176623618998,-2.722304562635283,1,-5.0
0,0,302,2.993280588997231,-2.7270242559069886,1,-5.0
0,0,303,3.0043911594402033,-2.732621080970985,1,-5.0
0,0,304,3.016531317108763,-2.739981574247699,1,-5.0
0,0,305,3.0178298012890936,-2.7408555445341243,1,-5.0
0,0,306,3.0300377312723046,-2.750126485895173,1,-5.0
0,0,307,3.0345955249202277,-2.7540583305509454,1,-5.0
0,0,308,3.038991358914305,-2.7580986385126813,1,-5.0
0,0,309,3.0482846265601333,-2.767378836102529,1,-5.0
0,0,310,3.0512387415474413,-2.770539536639081,1,-5.0
0,0,311,3.05780526437385,-2.7779502444626583,1,-5.0
0,0,312,3.0622739153901035,-2.78328844870408,1,-5.0
0,0,313,3.0674297170382854,-2.7897453492115427,1,-5.0
0,0,314,3.069102573202515,-2.7919038609612907,1,-5.0
0,0,315,3.073252715514678,-2.7973128883809144,1,-5.0
0,0,316,3.077308080975079,-2.802669190218075,1,-5.0
0,0,317,3.082107802250701,-2.809037805023946,1,-5.0
0,0,318,3.09170717345478,-2.8218971365544445,1,-5.0
0,0,319,3.09419842907224,-2.8252253103426734,1,-5.0
0,0,320,3.0984456250633827,-2.8308975381122803,1,-5.0
0,0,321,3.102837556246707,-2.8367279099183174,1,-5.0
0,0,322,3.111063806698819,-2.8477101995219285,1,-5.0
0,0,323,3.119487849211802,-2.8592811009595533,1,-5.0
0,0,324,3.122271030623828,-2.863221913623109,1,-5.0
0,0,325,3.1297130011086485,-2.873893917863412,1,-5.0
0,0,326,3.13841786083114,-2.886080021057683,1,-5.0
0,0,327,3.1489910829493097,-2.8997870058884976,1,-5.0
0,0,328,3.1595805538003554,-2.9119161785228203,1,-5.0
0,0,329,3.164748630102029,-2.9173033089839016,1,-5.0
0,0,330,3.177549057733523,-2.9292249542459503,1,-5.0
0,0,331,3.186868523827157,-2.9368168732140223,1,-5.0
0,0,332,3.1983603313189257,-2.945128003982697,1,-5.0
0,0,333,3.2085385451952213,-2.9515649404551696,1,-5.0
0,0,334,3.218953401342554,-2.957348563581355,1,-5.0
0,0,335,3.2277914857486842,-2.96162718454161,1,-5.0
0,0,336,3.2402480942970864,-2.966787011897499,1,-5.0
0,0,337,3.2562283989576444,-2.9727799155735264,1,-5.0
0,0,338,3.265196115652709,-2.975744227496585,1,-5.0
0,0,339,3.2705874085609583,-2.977447841476419,1,-5.0
0,0,340,3.2831281644832364,-2.9812154814160143,1,-5.0
0,0,341,3.290284541838761,-2.9832511285703713,1,-5.0
0,0,342,3.3064548644840692,-2.9876125995445917,1,-5.0
0,0,343,3.3137894284297604,-2.9894384980892657,1,-5.0
0,0,344,3.331015792443621,-2.9931387406396714,1,-5.0
0,0,345,3.343051873845004,-2.9952570954944284,1,-5.0
0,0,346,3.3614511988670017,-2.9977274405787675,1,-5.0
0,0,347,3.3675766458367837,-2.9983482738947913,1,-5.0
0,0,348,3.3859344085750367,-2.9995069589281997,1,-5.0
0,0,349,3.38992922654521,-2.9996105319429534,1,-5.0
0,0,350,3.397760015631578,-2.9996836690124558,1,-5.0
0,0,351,3.4053224681556964,-2.9995846399501382,1,-5.0
0,0,352,3.4196280964458095,-2.9988850883854097,1,-5.0
0,0,353,3.4280875610126014,-2.998289119385575,1,-5.0
0,0,354,3.4346480747181825,-2.99763392750826,1,-5.0
0,0,355,3.4426026747459777,-2.996718367429556,1,-5.0
0,0,356,3.4472536443738653,-2.9961214708535944,1,-5.0
0,0,357,3.4592143883496536,-2.9943272738314373,1,-5.0
0,0,358,3.4663897796579826,-2.993053190350958,1,-5.0
0,0,359,3.4705937342328443,-2.992273324266956,1,-5.0
0,0,360,3.481559585632566,-2.990035264138581,1,-5.0
0,0,361,3.4868931517381427,-2.988819693734063,1,-5.0
0,0,362,3.492096929724724,-2.987579525430429,1,-5.0
0,0,363,3.497166202765415,-2.9863231756384567,1,-5.0
0,0,364,3.5107252196764924,-2.9828183093381826,1,-5.0
0,0,365,3.5131486732174593,-2.98214253779147,1,-5.0
0,0,366,3.5226582879338655,-2.979404929359872,1,-5.0
0,0,367,3.5339956403430044,-2.976036176826022,1,-5.0
0,0,368,3.535098300306941,-2.975712869244981,1,-5.0
0,0,369,3.53944160629393,-2.9744297627840455,1,-5.0
0,0,370,3.5501432430043867,-2.9713798086584533,1,-5.0
0,0,371,3.55941765600675,-2.968836150364945,1,-5.0
0,0,372,3.5645842121975777,-2.9674614875586474,1,-5.0
0,0,373,3.5787041391085173,-2.963745338735511,1,-5.0
0,0,374,3.5934660371651947,-2.959902525707515,1,-5.0
0,0,375,3.6076488881330575,-2.956379293641002,1,-5.0
0,0,376,3.626607937916612,-2.9519343725418774,1,-5.0
0,0,377,3.6467046022407636,-2.947974391655469,1,-5.0
0,0,378,3.6571679096667804,-2.946267601164098,1,-5.0
0,0,379,3.672172208310369,-2.9442476532268183,1,-5.0
0,0,380,3.689394384317659,-2.9424534383741414,1,-5.0
0,0,381,3.697883317844074,-2.9418039977650063,1,-5.0
0,0,382,3.706398939274219,-2.9413361475817505,1,-5.0
0,0,383,3.7312745502773987,-2.9408270544911765,1,-5.0
0,0,384,3.739256118089415,-2.940973254695602,1,-5.0
0,0,385,3.754976728464854,-2.941684667737874,1,-5.0
0,0,386,3.7664880046547857,-2.9425873047410365,1,-5.0
0,0,387,3.775893996999654,-2.9435504477839287,1,-5.0
0,0,388,3.7868398637398113,-2.9449704572885587,1,-5.0
0,0,389,3.7921566490607197,-2.9457813006427607,1,-5.0
0,0,390,3.7991107656110676,-2.9469205488547097,1,-5.0
0,0,391,3.8059701676080993,-2.948103760932415,1,-5.0
0,0,392,3.819490432051186,-2.950669823565274,1,-5.0
0,0,393,3.832734186867499,-2.9535470928851195,1,-5.0
0,0,394,3.8488918882949865,-2.957605034884599,1,-5.0
0,0,395,3.8581927926698913,-2.960262371754935,1,-5.0
0,0,396,3.8672526773057596,-2.9629694904886157,1,-5.0
0,0,397,3.8806653330027476,-2.9670240202770035,1,-5.0
0,0,398,3.8881824208611806,-2.9693635197244412,1,-5.0
0,0,399,3.894262565988168,-2.971328834748355,1,-5.0
0,0,400,3.904887673199278,-2.974921390574159,1,-5.0
0,0,401,3.912357521081946,-2.977614734974552,1,-5.0
0,0,402,3.9254846050819316,-2.982589909466091,1,-5.0
0,0,403,3.9355105006625575,-2.9864505754874107,1,-5.0
0,0,404,3.9411190392534605,-2.98860128960993,1,-5.0
0,0,405,3.948108344053347,-2.9912803330285787,1,-5.0
0,0,406,1.5016787294337426,-0.9947662009346648,1,-5.0
0,1,0,1.5018116668905546,-0.9948118931855631,1,-5.0
0,1,1,1.502246270926683,-0.9947148093808731,1,-5.0
0,1,2,1.5040245487928898,-0.9945410910743229,1,-5.0
0,1,3,1.5056922923417584,-0.9944082360188308,1,-5.0
0,1,4,1.50686687388396,-0.9943291920374713,1,-5.0
0,1,5,1.5081613284897766,-0.9942406876653094,1,-5.0
0,1,6,1.5095650846809274,-0.9941528123163778,1,-5.0
0,1,7,1.5136734102460632,-0.9938989007837331,1,-5.0
0,1,8,1.5164778044356384,-0.9937317389897861,1,-5.0
0,1,9,1.5200555697066065,-0.9935571102843019,1,-5.0
0,1,10,1.5271478989064164,-0.993273074397886,1,-5.0
0,1,11,1.5333661805973053,-0.9930846448103106,1,-5.0
0,1,12,1.5383992757820262,-0.992935935034846,1,-5.0
0,1,13,1.5427903185978455,-0.9928423186605563,1,-5.0
0,1,14,1.5442601795806348,-0.9928249212992922,1,-5.0
0,1,15,1.5479775965485354,-0.9928059666408001,1,-5.0
0,1,16,1.552495223457061,-0.9927625806895071,1,-5.0
0,1,17,1.5586140876534234,-0.9926491430774689,1,-5.0
0,1,18,1.562474231125037,-0.9925773568381088,1,-5.0
0,1,19,1.567149976127012,-0.9924405228997875,1,-5.0
0,1,20,1.57209892851005,-0.9923134613455492,1,-5.0
0,1,21,1.5785703233502004,-0.992179894468695,1,-5.0
0,1,22,1.5878590608589134,-0.9920063393543934,1,-5.0
0,1,23,1.596437305096241,-0.9919004456243087,1,-5.0
0,1,24,1.6033843052399024,-0.9918369803509078,1,-5.0
0,1,25,1.6063947784499093,-0.9918214660687011,1,-5.0
0,1,26,1.6162326387481631,-0.9917731262657817,1,-5.0
0,1,27,1.6271446331159725,-0.9917454981033301,1,-5.0
0,1,28,1.6309886224544043,-0.9917399860983671,1,-5.0
0,1,29,1.6599747299322603,-0.9917476827618015,1,-5.0
0,1,30,1.6683289745728895,-0.9917518418136761,1,-5.0
0,1,31,1.6802219397028275,-0.9917555913069412,1,-5.0
0,1,32,1.694515787777866,-0.9917590654107287,1,-5.0
0,1,33,1.7026569299303997,-0.991763118315792,1,-5.0
0,1,34,1.7087900901747415,-0.991752965855151,1,-5.0
0,1,35,1.724173840315751,-0.9915800722406568,1,-5.0
0,1,36,1.72676446637865,-0.9915353703449767,1,-5.0
0,1,37,1.7342079033098838,-0.9913664504863858,1,-5.0
0,1,38,1.7460941178636686,-0.9911497873593349,1,-5.0
0,1,39,1.7518399814745527,-0.9911029722221885,1,-5.0
0,1,40,1.7586290928597095,-0.9911262372881656,1,-5.0
0,1,41,1.766546115055841,-0.991359772347272,1,-5.0
0,1,42,1.7769444492258035,-0.9920252073417142,1,-5.0
0,1,43,1.7804683719291614,-0.9923175630034247,1,-5.0
0,1,44,1.7934637630900836,-0.9937096726450368,1,-5.0
0,1,45,1.8006281337105887,-0.9947085697623579,1,-5.0
0,1,46,1.8103383517337062,-0.9963789264047954,1,-5.0
0,1,47,1.8152343471592907,-0.9973397281117609,1,-5.0
0,1,48,1.8200951867379611,-0.9983731314586373,1,-5.0
0,1,49,1.8296582744788588,-1.0006699082127333,1,-5.0
0,1,50,1.8354536013043021,-1.0022333757200095,1,-5.0
0,1,51,1.8454360384231003,-1.0052600996379784,1,-5.0
0,1,52,1.8535469944221294,-1.0080803302359802,1,-5.0
0,1,53,1.8545208636584074,-1.0084264157881184,1,-5.0
0,1,54,1.8592893350698396,-1.0101343731907695,1,-5.0
0,1,55,1.8630227382072277,-1.0114804447764016,1,-5.0
0,1,56,1.870198540583131,-1.0141944505011395,1,-5.0
0,1,57,1.8745433745295161,-1.0158924129139482,1,-5.0
0,1,58,1.8813803907698994,-1.0186235104349282,1,-5.0
0,1,59,1.8822567409306428,-1.0189698132391245,1,-5.0
0,1,60,1.8877655399598048,-1.0211483862290864,1,-5.0
0,1,61,1.897990255790039,-1.0249669338900425,1,-5.0
0,1,62,1.9048810625457706,-1.0272793651284622,1,-5.0
0,1,63,1.9086321649859672,-1.0284135790987337,1,-5.0
0,1,64,1.921589093617908,-1.0316307591476468,1,-5.0
0,1,65,1.9350123807582436,-1.034085373783954,1,-5.0
0,1,66,1.9476519900884688,-1.0357657968875498,1,-5.0
0,1,67,1.9568871194746518,-1.03668718802561,1,-5.0
0,1,68,1.962448529800526,-1.0371836631002203,1,-5.0
0,1,69,1.9774675272527424,-1.0382435673365824,1,-5.0
0,1,70,1.9870693740842562,-1.0385868987964908,1,-5.0
0,1,71,1.9947855977962303,-1.0387730009502039,1,-5.0
0,1,72,1.9967190625202627,-1.038803685461727,1,-5.0
0,1,73,2.0044360193364748,-1.0388693822012953,1,-5.0
0,1,74,2.0121308231147617,-1.0388635301947857,1,-5.0
0,1,75,2.0293151847822357,-1.0387382973091042,1,-5.0
0,1,76,2.038809974829028,-1.0386951897869525,1,-5.0
0,1,77,2.0540668309743406,-1.038675853409538,1,-5.0
0,1,78,2.065312235860709,-1.0386951953077777,1,-5.0
0,1,79,2.078105717662922,-1.0388140523915315,1,-5.0
0,1,80,2.081708399115865,-1.0388823170108654,1,-5.0
0,1,81,2.097775880257719,-1.0395037779011733,1,-5.0
0,1,82,2.1066816176189693,-1.0401023165129266,1,-5.0
0,1,83,2.1138214800326995,-1.0407450663516473,1,-5.0
0,1,84,2.1337126577295034,-1.0434071670689742,1,-5.0
0,1,85,2.148371464118823,-1.0462016533309775,1,-5.0
0,1,86,2.1574662234989215,-1.0482990936351502,1,-5.0
0,1,87,2.1698866792735343,-1.051621536431215,1,-5.0
0,1,88,2.1836293583914657,-1.055917073449723,1,-5.0
0,1,89,2.195252519710741,-1.0601090718695088,1,-5.0
0,1,90,2.203395362683127,-1.0633040257595974,1,-5.0
0,1,91,2.2114440111203004,-1.0667135350375405,1,-5.0
0,1,92,2.2193941558416284,-1.0703549383458997,1,-5.0
0,1,93,2.228767565170802,-1.0750488124757243,1,-5.0
0,1,94,2.234904227065218,-1.0784001577761866,1,-5.0
0,1,95,2.240976111816713,-1.081952057049371,1,-5.0
0,1,96,2.2469350173467126,-1.0856910960504111,1,-5.0
0,1,97,2.2541353320293616,-1.0905953959349646,1,-5.0
0,1,98,2.2609686569080027,-1.095674817691663,1,-5.0
0,1,99,2.268561710920299,-1.1018931932477047,1,-5.0
0,1,100,2.277638730216443,-1.1104068570734476,1,-5.0
0,1,101,2.287315727077706,-1.1212887216447003,1,-5.0
0,1,102,2.2906580803646213,-1.1256371382249961,1,-5.0
0,1,103,2.2937391062020103,-1.1299704964041914,1,-5.0
0,1,104,2.3005588289771786,-1.1408568235547516,1,-5.0
0,1,105,2.302950551250169,-1.1451225265567089,1,-5.0
0,1,106,2.3071165506204054,-1.1532187525391346,1,-5.0
0,1,107,2.3106710787407674,-1.1608177837328333,1,-5.0
0,1,108,2.31401835531944,-1.1682613926362146,1,-5.0
0,1,109,2.315977642062048,-1.1727397770806895,1,-5.0
0,1,110,2.31829512351562,-1.1780090093979827,1,-5.0
0,1,111,2.3190704540235054,-1.1797827052896688,1,-5.0
0,1,112,2.322188878834139,-1.1872781976841997,1,-5.0
0,1,113,2.324850731243739,-1.1944414362225644,1,-5.0
0,1,114,2.3273940584182755,-1.202029490163742,1,-5.0
0,1,115,2.3290655253855657,-1.2076023730738719,1,-5.0
0,1,116,2.33089302827233,-1.2143791513312723,1,-5.0
0,1,117,2.3333775172820634,-1.2254947682453552,1,-5.0
0,1,118,2.333578295745075,-1.2265736579826265,1,-5.0
0,1,119,2.3347743140945005,-1.2337869076134054,1,-5.0
0,1,120,2.3354810615902677,-1.2386273115463813,1,-5.0
0,1,121,2.335870785760497,-1.2414427797113,1,-5.0
0,1,122,2.3367136627991663,-1.2479268719557541,1,-5.0
0,1,123,2.337144548978824,-1.2515927107867568,1,-5.0
0,1,124,2.3372522580150554,-1.2525018789646598,1,-5.0
0,1,125,2.337968624686911,-1.2588415801688813,1,-5.0
0,1,126,2.3384064314556827,-1.2633056364589932,1,-5.0
0,1,127,2.339015365620818,-1.2696143233110824,1,-5.0
0,1,128,2.3396919767223077,-1.2773110251198,1,-5.0
0,1,129,2.3399191080630977,-1.280383640394947,1,-5.0
0,1,130,2.340494624937828,-1.2908310739602549,1,-5.0
0,1,131,2.340611612427984,-1.2949137310806864,1,-5.0
0,1,132,2.3408025384972886,-1.3059041152120805,1,-5.0
0,1,133,2.340832901287062,-1.3079054751108006,1,-5.0
0,1,134,2.340854032134048,-1.312860684905769,1,-5.0
0,1,135,2.340803220347859,-1.3197822882154446,1,-5.0
0,1,136,2.3406081918650132,-1.3276190729228936,1,-5.0
0,1,137,2.3404269284490447,-1.3324824329370746,1,-5.0
0,1,138,2.340078142313092,-1.3422729211360993,1,-5.0
0,1,139,2.3399568056280557,-1.3462511705835547,1,-5.0
0,1,140,2.3397405185287288,-1.3533354428263227,1,-5.0
0,1,141,2.3396249945268885,-1.3574587892775254,1,-5.0
0,1,142,2.339519294450774,-1.361646533890436,1,-5.0
0,1,143,2.3394367817312443,-1.3659074222229728,1,-5.0
0,1,144,2.3393917974461265,-1.370260550661911,1,-5.0
0,1,145,2.3394637060455645,-1.3793485905507505,1,-5.0
0,1,146,2.3396839969179073,-1.3853562357205502,1,-5.0
0,1,147,2.3399086940860556,-1.389089536150025,1,-5.0
0,1,148,2.340064940633497,-1.3916265132271346,1,-5.0
0,1,149,2.340338402631097,-1.3954977329761507,1,-5.0
0,1,150,2.3406397314681406,-1.399418028449502,1,-5.0
0,1,151,2.3416050496536034,-1.4098519236990963,1,-5.0
0,1,152,2.341872646623668,-1.4124293018905834,1,-5.0
0,1,153,2.3421514889357637,-1.4149999152486321,1,-5.0
0,1,154,2.3436684029355934,-1.4289366324375503,1,-5.0
0,1,155,2.343804591534984,-1.4301846732169972,1,-5.0
0,1,156,2.344874166484241,-1.4401091046681964,1,-5.0
0,1,157,2.3460211195144494,-1.4514124540403044,1,-5.0
0,1,158,2.34654167407133,-1.4565169176288149,1,-5.0
0,1,159,2.3476631494123694,-1.4669918418125922,1,-5.0
0,1,160,2.34891917342292,-1.4778314481252057,1,-5.0
0,1,161,2.3494226910991642,-1.4819488797287574,1,-5.0
0,1,162,2.3511789226293582,-1.495691462784953,1,-5.0
0,1,163,2.352938763832372,-1.5083268390829827,1,-5.0
0,1,164,2.355570912184316,-1.5243385825009301,1,-5.0
0,1,165,2.3579474055705565,-1.5363129367247992,1,-5.0
0,1,166,2.3606045804841163,-1.5481636630469944,1,-5.0
0,1,167,2.363334080725434,-1.5595846593599527,1,-5.0
0,1,168,2.3649902381560914,-1.566511759624267,1,-5.0
0,1,169,2.366294048356567,-1.5719589550850592,1,-5.0
0,1,170,2.3679130155836634,-1.5787184140300836,1,-5.0
0,1,171,2.3701037891804044,-1.5882182158334688,1,-5.0
0,1,172,2.3713325991759784,-1.5936324393645147,1,-5.0
0,1,173,2.3742898491274316,-1.6071769709328356,1,-5.0
0,1,174,2.375955681050482,-1.615425254989413,1,-5.0
0,1,175,2.377570111046852,-1.6237962206107681,1,-5.0
0,1,176,2.3778412651552348,-1.6251929977838857,1,-5.0
0,1,177,2.3807094600603986,-1.640713767383302,1,-5.0
0,1,178,2.3809777691656775,-1.6421492563323203,1,-5.0
0,1,179,2.3820550065297184,-1.6479314388931887,1,-5.0
0,1,180,2.3831226176944895,-1.6537356071933125,1,-5.0
0,1,181,2.3857987473501403,-1.6684023365662157,1,-5.0
0,1,182,2.387480403225337,-1.6772611762465701,1,-5.0
0,1,183,2.3889754998945456,-1.6846891982606942,1,-5.0
0,1,184,2.390573076997405,-1.6921792481774869,1,-5.0
0,1,185,2.3941860310471097,-1.7073318256069219,1,-5.0
0,1,186,2.39617933210374,-1.7149491931708853,1,-5.0
0,1,187,2.399506588575425,-1.7268977325258803,1,-5.0
0,1,188,2.403715707474226,-1.7412004530258722,1,-5.0
0,1,189,2.4061834673318963,-1.7495529207946974,1,-5.0
0,1,190,2.406995897653309,-1.7523148323106195,1,-5.0
0,1,191,2.4086214543902766,-1.7577947876861186,1,-5.0
0,1,192,2.411801170690808,-1.7686388006928297,1,-5.0
0,1,193,2.4133658828757794,-1.7740244851533433,1,-5.0
0,1,194,2.4152829978788755,-1.7808237624982066,1,-5.0
0,1,195,2.418353428493296,-1.7918044782776217,1,-5.0
0,1,196,2.421798696951263,-1.8041070685761595,1,-5.0
0,1,197,2.424657598284963,-1.8150526544527512,1,-5.0
0,1,198,2.42631814733268,-1.8219779373136484,1,-5.0
0,1,199,2.4281695900902567,-1.830445328157387,1,-5.0
0,1,200,2.4304032693184037,-1.841985876138749,1,-5.0
0,1,201,2.433548983443898,-1.8628768054178018,1,-5.0
0,1,202,2.434860680317988,-1.875030261670334,1,-5.0
0,1,203,2.4353562457617253,-1.8809847886833286,1,-5.0
0,1,204,2.4357413486028214,-1.8867799449538123,1,-5.0
0,1,205,2.4362760420901566,-1.8992781417953775,1,-5.0
0,1,206,2.4365249962289344,-1.9059635348594446,1,-5.0
0,1,207,2.437007657467555,-1.9202423938246027,1,-5.0
0,1,208,2.437452401249982,-1.932978533924083,1,-5.0
0,1,209,2.437648404631843,-1.9381057305230704,1,-5.0
0,1,210,2.4378282507956044,-1.9433039280248745,1,-5.0
0,1,211,2.4379680985993,-1.9485916420518028,1,-5.0
0,1,212,2.4381185914205505,-1.9606492001068567,1,-5.0
0,1,213,2.4380872430081073,-1.9714803034358017,1,-5.0
0,1,214,2.4380070498662194,-1.9769274586645262,1,-5.0
0,1,215,2.4379149751105733,-1.9810035797797372,1,-5.0
0,1,216,2.437758597187548,-1.98637502763034,1,-5.0
0,1,217,2.437538450269061,-1.991644735410233,1,-5.0
0,1,218,2.4372114026772285,-1.9980788467527124,1,-5.0
0,1,219,2.436932565466486,-2.003127618098198,1,-5.0
0,1,220,2.436784680991294,-2.005617281950383,1,-5.0
0,1,221,2.4359284175861755,-2.0214976396321327,1,-5.0
0,1,222,2.4355077306260196,-2.032389850059366,1,-5.0
0,1,223,2.4352390823182795,-2.0445977009837084,1,-5.0
0,1,224,2.435232145439012,-2.053311985194205,1,-5.0
0,1,225,2.435318380323018,-2.0583703724357494,1,-5.0
0,1,226,2.435541892271698,-2.0647958490307636,1,-5.0
0,1,227,2.436006030983827,-2.07269908539619,1,-5.0
0,1,228,2.437260399523326,-2.084930117841889,1,-5.0
0,1,229,2.438515169736836,-2.093322937087768,1,-5.0
0,1,230,2.440132936161407,-2.10178767509009,1,-5.0
0,1,231,2.4443774312660462,-2.118623547999822,1,-5.0
0,1,232,2.446898899568477,-2.126737133378818,1,-5.0
0,1,233,2.4499590689508017,-2.1359157370441517,1,-5.0
0,1,234,2.4548431448678936,-2.1486443439209957,1,-5.0
0,1,235,2.4575090000473483,-2.1548792786119,1,-5.0
0,1,236,2.4609385135418766,-2.1623063580334585,1,-5.0
0,1,237,2.4664802256003058,-2.1731331029270406,1,-5.0
0,1,238,2.4696172030421955,-2.178985532604576,1,-5.0
0,1,239,2.4729443789308765,-2.1847684932275038,1,-5.0
0,1,240,2.4750422128724057,-2.1882435730635685,1,-5.0
0,1,241,2.4803306929072733,-2.1964168563046926,1,-5.0
0,1,242,2.4819509288560484,-2.1987412445393546,1,-5.0
0,1,243,2.4870529767289566,-2.205635614943923,1,-5.0
0,1,244,2.5014011090316117,-2.222142378903783,1,-5.0
0,1,245,2.509547879630042,-2.230295791969503,1,-5.0
0,1,246,2.514590145956881,-2.2351232790236155,1,-5.0
0,1,247,2.5205608876594368,-2.2406518103726185,1,-5.0
0,1,248,2.5255019206495013,-2.2451199996682467,1,-5.0
0,1,249,2.5304130024655356,-2.2494642025184732,1,-5.0
0,1,250,2.538229495573404,-2.256251562458597,1,-5.0
0,1,251,2.544069595535783,-2.2611992818468494,1,-5.0
0,1,252,2.5460020254591713,-2.2628302191841834,1,-5.0
0,1,253,2.5537365786360926,-2.269370765479219,1,-5.0
0,1,254,2.5586356366706475,-2.273579796052058,1,-5.0
0,1,255,2.5615840485803107,-2.2761514635090827,1,-5.0
0,1,256,2.569508452037275,-2.2831863444615936,1,-5.0
0,1,257,2.5776196348416147,-2.290598675251059,1,-5.0
0,1,258,2.5838687469218686,-2.296411471625811,1,-5.0
0,1,259,2.5891740316649527,-2.3013849674024303,1,-5.0
0,1,260,2.598865319721815,-2.310542672435564,1,-5.0
0,1,261,2.6021303698817073,-2.313640415451822,1,-5.0
0,1,262,2.610911772930654,-2.3220181029751306,1,-5.0
0,1,263,2.6120202702108486,-2.3230724574381427,1,-5.0
0,1,264,2.620958663348765,-2.3315723620874564,1,-5.0
0,1,265,2.6323118018226888,-2.342245590999638,1,-5.0
0,1,266,2.6391977595002065,-2.348713410335864,1,-5.0
0,1,267,2.6426454130501065,-2.3519612999521393,1,-5.0
0,1,268,2.646102541976433,-2.355212587046048,1,-5.0
0,1,269,2.650711699984808,-2.3595596362009883,1,-5.0
0,1,270,2.662210554819339,-2.370547871636727,1,-5.0
0,1,271,2.6724948902661647,-2.380581296297319,1,-5.0
0,1,272,2.6759163492527,-2.383939387053929,1,-5.0
0,1,273,2.6793348882086536,-2.38730238160056,1,-5.0
0,1,274,2.6884171262193144,-2.39633135429424,1,-5.0
0,1,275,2.6940592119952593,-2.401982190197333,1,-5.0
0,1,276,2.698540238833929,-2.4065185996431953,1,-5.0
0,1,277,2.707457979534804,-2.415680041995211,1,-5.0
0,1,278,2.718416918884653,-2.4274074808412203,1,-5.0
0,1,279,2.7270040858597495,-2.4371494117091093,1,-5.0
0,1,280,2.7312097753641993,-2.4421838949258103,1,-5.0
0,1,281,2.7353530125385697,-2.447330016655121,1,-5.0
0,1,282,2.745357464479135,-2.4607827401437405,1,-5.0
0,1,283,2.7472709845757137,-2.463570607679213,1,-5.0
0,1,284,2.7545929250822634,-2.4750597412134874,1,-5.0
0,1,285,2.7604241785016224,-2.485491108535089,1,-5.0
0,1,286,2.7662860243739944,-2.497635230676123,1,-5.0
0,1,287,2.768867051026306,-2.503725672695107,1,-5.0
0,1,288,2.771208173912708,-2.5097727548921713,1,-5.0
0,1,289,2.776491488751052,-2.526052694857253,1,-5.0
0,1,290,2.7776817156553033,-2.5303299902788923,1,-5.0
0,1,291,2.779857772114578,-2.5387040048598353,1,-5.0
0,1,292,2.7812348184497644,-2.5441680760316205,1,-5.0
0,1,293,2.7829041673236996,-2.5509307801287187,1,-5.0
0,1,294,2.7863059538568193,-2.564309662422496,1,-5.0
0,1,295,2.789941779765485,-2.577861127308663,1,-5.0
0,1,296,2.7922843519123575,-2.586206112563582,1,-5.0
0,1,297,2.795549295614918,-2.5976195501332144,1,-5.0
0,1,298,2.7976840123729616,-2.6048965875455665,1,-5.0
0,1,299,2.799416572544007,-2.6107579884581544,1,-5.0
0,1,300,2.8016028768420673,-2.6181409123054316,1,-5.0
0,1,301,2.8046788040308006,-2.6285673508403145,1,-5.0
0,1,302,2.806453411841122,-2.634590251842182,1,-5.0
0,1,303,2.8082422780574965,-2.640659454354069,1,-5.0
0,1,304,2.812221406847414,-2.6544372061023984,1,-5.0
0,1,305,2.814866461335861,-2.663727309499845,1,-5.0
0,1,306,2.8187602761957233,-2.6778177011257687,1,-5.0
0,1,307,2.823308846748956,-2.6970928008683455,1,-5.0
0,1,308,2.8251692932784884,-2.707104715388174,1,-5.0
0,1,309,2.8266544191737726,-2.7173332295212886,1,-5.0
0,1,310,2.8279363176544394,-2.7294513108729186,1,-5.0
0,1,311,2.828537274906964,-2.7381476570846512,1,-5.0
0,1,312,2.8287656552135876,-2.7433360548857926,1,-5.0
0,1,313,2.8288718650490465,-2.75870454027832,1,-5.0
0,1,314,2.828657581709837,-2.7653666934454177,1,-5.0
0,1,315,2.8283019735548955,-2.771952515101143,1,-5.0
0,1,316,2.8275237066911494,-2.781680227956171,1,-5.0
0,1,317,2.825071996305978,-2.800197387066729,1,-5.0
0,1,318,2.8228042327586365,-2.8132461572396195,1,-5.0
0,1,319,2.821792006087953,-2.818919260520331,1,-5.0
0,1,320,2.8199140222224806,-2.8301603429652737,1,-5.0
0,1,321,2.8190876040473927,-2.835816230256651,1,-5.0
0,1,322,2.817966808238208,-2.845921557427323,1,-5.0
0,1,323,2.817505190477826,-2.8534430349542834,1,-5.0
0,1,324,2.817370130153607,-2.8661569312492565,1,-5.0
0,1,325,2.818302040931508,-2.882846216635012,1,-5.0
0,1,326,2.8189954890631572,-2.889626530007743,1,-5.0
0,1,327,2.8212268054001983,-2.9046412187248514,1,-5.0
0,1,328,2.822688689829589,-2.9126676926922737,1,-5.0
0,1,329,2.8236041637104563,-2.917347408730609,1,-5.0
0,1,330,2.82609657787692,-2.929290722499784,1,-5.0
0,1,331,2.8279268315426953,-2.9377666215138647,1,-5.0
0,1,332,2.8310463594875004,-2.9525012260151837,1,-5.0
0,1,333,2.8328807394520172,-2.961615439704412,1,-5.0
0,1,334,2.83585590143092,-2.977180239949172,1,-5.0
0,1,335,2.837969483860543,-2.989007966491639,1,-5.0
0,1,336,2.839167966422102,-2.995629973310718,1,-5.0
0,1,337,2.839887007256546,-2.999612790503168,1,-5.0
0,1,338,2.8424324323642844,-3.014311164013375,1,-5.0
0,1,339,2.8431184461486083,-3.0183406322614106,1,-5.0
0,1,340,2.8442593859957053,-3.025066400363822,1,-5.0
0,1,341,2.8456258720584153,-3.0331516936945033,1,-5.0
0,1,342,2.8474408669904006,-3.0439301765548317,1,-5.0
0,1,343,2.848339552234155,-3.049322634395074,1,-5.0
0,1,344,2.848784933254027,-3.0520212154217816,1,-5.0
0,1,345,2.849932197884242,-3.0587569507497587,1,-5.0
0,1,346,2.851806232816787,-3.069516877658423,1,-5.0
0,1,347,2.852748864726955,-3.0748775135388327,1,-5.0
0,1,348,2.8558728306401084,-3.0935283156859423,1,-5.0
0,1,349,2.8564377003873065,-3.0975297884856894,1,-5.0
0,1,350,2.8572419124230604,-3.1042593655963384,1,-5.0
0,1,351,2.8583175538631913,-3.1166325231864445,1,-5.0
0,1,352,2.8588613559206024,-3.13076515970896,1,-5.0
0,1,353,2.8588862758842146,-3.133631698618213,1,-5.0
0,1,354,2.858713141662513,-3.145115347572347,1,-5.0
0,1,355,2.8580523287012958,-3.156534577610647,1,-5.0
0,1,356,2.857335627535796,-3.163615353929401,1,-5.0
0,1,357,2.8561783275598165,-3.171993828559412,1,-5.0
0,1,358,2.8549981625204355,-3.1787011272664856,1,-5.0
0,1,359,2.852717414487088,-3.1888017134186954,1,-5.0
0,1,360,2.851385505780945,-3.193590852539136,1,-5.0
0,1,361,2.8506904517556717,-3.195902289231237,1,-5.0
0,1,362,2.8499787019986558,-3.1981374149426003,1,-5.0
0,1,363,2.8465982347967604,-3.2074614213164603,1,-5.0
0,1,364,2.8458142529495314,-3.2093802832430405,1,-5.0
0,1,365,2.8442027016705205,-3.213055254492945,1,-5.0
0,1,366,2.8425328096227265,-3.2165898352535867,1,-5.0
0,1,367,2.8394728334236157,-3.2225566215690424,1,-5.0
0,1,368,2.833067245070474,-3.233230205796937,1,-5.0
0,1,369,2.8303503415013807,-3.2371368873834094,1,-5.0
0,1,370,2.826301885088179,-3.2423390396571934,1,-5.0
0,1,371,2.8219951093688835,-3.247166500601939,1,-5.0
0,1,372,2.8194069238538924,-3.249761187578787,1,-5.0
0,1,373,2.8140005139952944,-3.2546463527158753,1,-5.0
0,1,374,2.8111926202651705,-3.256951769447204,1,-5.0
0,1,375,2.808357801783549,-3.2591534293726507,1,-5.0
0,1,376,2.8020384994964846,-3.2636670812719726,1,-5.0
0,1,377,2.7999724702947,-3.265073507304601,1,-5.0
0,1,378,2.7958675587411954,-3.2678146275234994,1,-5.0
0,1,379,2.7876925180626224,-3.2730211250738104,1,-5.0
0,1,380,2.7849684565838224,-3.2747050334318804,1,-5.0
0,1,381,2.7822289484374494,-3.276397163097901,1,-5.0
0,1,382,2.779471367011418,-3.2780795053612057,1,-5.0
0,1,383,2.773184953470621,-3.2818387430943785,1,-5.0
0,1,384,2.769639351248987,-3.2839059719710875,1,-5.0
0,1,385,2.7667732827857403,-3.2855775314424416,1,-5.0
0,1,386,2.7631326148183404,-3.287728093345042,1,-5.0
0,1,387,2.7557846894103033,-3.2921561094370206,1,-5.0
0,1,388,2.7520331582721758,-3.2944932853769844,1,-5.0
0,1,389,2.743685737533761,-3.299890205589145,1,-5.0
0,1,390,2.73426315307518,-3.3063770762627382,1,-5.0
0,1,391,2.723958135971727,-3.3141739523762834,1,-5.0
0,1,392,2.717246075172552,-3.3198723271254176,1,-5.0
0,1,393,2.706411009533236,-3.330386478907891,1,-5.0
0,1,394,2.6947527039357904,-3.3437088081553203,1,-5.0
0,1,395,2.6888852370070633,-3.3514479231962557,1,-5.0
0,1,396,2.685553856653856,-3.356219935756082,1,-5.0
0,1,397,2.6813433388705774,-3.362730720041583,1,-5.0
0,1,398,2.673752608205338,-3.376131229769617,1,-5.0
0,1,399,2.669441890971801,-3.384636007314121,1,-5.0
0,1,400,2.6628236941653465,-3.3981795028162765,1,-5.0
0,1,401,2.6596592723446753,-3.404897219842899,1,-5.0
0,1,402,2.653471611415901,-3.4181883924951375,1,-5.0
0,1,403,2.6472807634693876,-3.431367660219051,1,-5.0
0,1,404,2.64256962704857,-3.4413417508288635,1,-5.0
0,1,405,2.638567707350761,-3.449714934414755,1,-5.0
0,1,406,2.637754766514622,-3.4513951816044703,1,-5.0
0,1,407,2.629320816875415,-3.4683326958725327,1,-5.0
0,1,408,2.6248335832592837,-3.476937524895135,1,-5.0
0,1,409,2.6239055282508055,-3.47867030586991,1,-5.0
0,1,410,2.6131027341154955,-3.498011074395188,1,-5.0
0,1,411,2.6001391680776638,-3.5197030168073096,1,-5.0
0,1,412,2.588695409256612,-3.5378016571576736,1,-5.0
0,1,413,2.582969322690581,-3.5464871330553347,1,-5.0
0,1,414,2.5751992149986105,-3.558022429603583,1,-5.0
0,1,415,2.5653882440238327,-3.572116703119626,1,-5.0
0,1,416,2.5609823849256856,-3.578193367197161,1,-5.0
0,1,417,2.550896967498487,-3.59149103214589,1,-5.0
0,1,418,2.5463740312201373,-3.597249363546517,1,-5.0
0,1,419,2.5362039172326627,-3.60971662080133,1,-5.0
0,1,420,2.5259724847954184,-3.6216342040765332,1,-5.0
0,1,421,2.521434539353835,-3.6266899574156537,1,-5.0
0,1,422,2.5158344827023655,-3.632746223043376,1,-5.0
0,1,423,2.510287032781909,-3.6385614319030464,1,-5.0
0,1,424,2.5091876849741763,-3.639708142698099,1,-5.0
0,1,425,2.505913292154755,-3.64311626541211,1,-5.0
0,1,426,2.4963012860709375,-3.653182716274191,1,-5.0
0,1,427,2.49210801240923,-3.6576244016122432,1,-5.0
0,1,428,2.487955886039774,-3.66208699170163,1,-5.0
0,1,429,2.483813265774128,-3.666596208779518,1,-5.0
0,1,430,2.478657181763262,-3.6723140791531472,1,-5.0
0,1,431,2.470480857245216,-3.681784118559537,1,-5.0
0,1,432,2.4653801851854227,-3.687885253659205,1,-5.0
0,1,433,2.4602796705869947,-3.6940961074964034,1,-5.0
0,1,434,2.45222559308984,-3.7041229424639224,1,-5.0
0,1,435,2.4414442342890834,-3.7178504788659206,1,-5.0
0,1,436,2.4366139665253574,-3.7241005231356437,1,-5.0
0,1,437,2.4318931401159865,-3.730351868555605,1,-5.0
0,1,438,2.418887726942992,-3.747715794811749,1,-5.0
0,1,439,2.4152417039999525,-3.752679395998312,1,-5.0
0,1,440,2.407166146811056,-3.763748285014084,1,-5.0
0,1,441,2.4018017336661694,-3.771012788170074,1,-5.0
0,1,442,2.3945935407262695,-3.7806214276814503,1,-5.0
0,1,443,2.39100640920454,-3.7854083131958625,1,-5.0
0,1,444,2.3865112599581266,-3.7913680313477336,1,-5.0
0,1,445,2.379213065472389,-3.8009713941791508,1,-5.0
0,1,446,2.3773708039340478,-3.8033914137776574,1,-5.0
0,1,447,2.3709149710565693,-3.8118710390343997,1,-5.0
0,1,448,2.3653277539468562,-3.8191894662639907,1,-5.0
0,1,449,2.3543064978428965,-3.833633008800422,1,-5.0
0,1,450,2.3471049864679068,-3.8430851445868357,1,-5.0
0,1,451,2.342657953333285,-3.8489282095652952,1,-5.0
0,1,452,2.3373435550508543,-3.8558880754611944,1,-5.0
0,1,453,2.3311200760019766,-3.864037117826943,1,-5.0
0,1,454,2.324985838325644,-3.872106842549398,1,-5.0
0,1,455,2.3215157354758467,-3.876674028351751,1,-5.0
0,1,456,2.312967761252032,-3.887925490141873,1,-5.0
0,1,457,2.309590296561511,-3.8923522721842745,1,-5.0
0,1,458,2.305411800089477,-3.8978395528489247,1,-5.0
0,1,459,2.3012774346321696,-3.903272404977994,1,-5.0
0,1,460,2.298801492393821,-3.906508266152763,1,-5.0
0,1,461,2.2938169515690277,-3.9129643410876636,1,-5.0
0,1,462,2.283151336885441,-3.9266826454407457,1,-5.0
0,1,463,2.2807348192374874,-3.9298095518260032,1,-5.0
0,1,464,2.2775443458141944,-3.933988733286892,1,-5.0
0,1,465,2.271300406836816,-3.9424988757690684,1,-5.0
0,1,466,2.2682347366698488,-3.9469040838658427,1,-5.0
0,1,467,2.2623635583858417,-3.9562310705069295,1,-5.0
0,1,468,2.259434284323168,-3.9613417350165463,1,-5.0
0,1,469,2.2498224762494896,-3.981075318287397,1,-5.0
0,1,470,2.2472676033948726,-3.987306990615118,1,-5.0
0,1,471,2.2437516602644623,-3.996769441728478,1,-5.0
0,1,472,2.2400673352404317,-4.008146647907224,1,-5.0
0,1,473,2.2364054503065955,-4.0213314446039385,1,-5.0
0,1,474,2.2347331633243166,-4.027848215693346,1,-5.0
0,1,475,2.231264579864693,-4.042217437360814,1,-5.0
0,1,476,2.2283950230417324,-4.054719074598096,1,-5.0
0,1,477,2.2266760114099307,-4.06250951445451,1,-5.0
0,1,478,2.2247324672846576,-4.0718109726655625,1,-5.0
0,1,479,2.22285640578806,-4.081032616845677,1,-5.0
0,1,480,2.22067445491848,-4.091782059491015,1,-5.0
0,1,481,2.2173483184084533,-4.10864083133032,1,-5.0
0,1,482,2.213711119418386,-4.125269372919081,1,-5.0
0,1,483,2.2129737922035138,-4.128279685299442,1,-5.0
0,1,484,2.2118179056793843,-4.132793673332952,1,-5.0
0,1,485,2.2078446953549493,-4.146258161100011,1,-5.0
0,1,486,2.20277038271584,-4.159676337045872,1,-5.0
0,1,487,2.197310359665801,-4.171352928513222,1,-5.0
0,1,488,2.1934397313842675,-4.178319803495295,1,-5.0
0,1,489,2.1892764086240053,-4.184828048998928,1,-5.0
0,1,490,2.1839234609369553,-4.192009259740246,1,-5.0
0,1,491,2.175260935858951,-4.201534049183893,1,-5.0
0,1,492,2.1722060656420585,-4.204424605330066,1,-5.0
0,1,493,2.1616322341750522,-4.213193755466112,1,-5.0
0,1,494,2.1584194072034304,-4.215557760669249,1,-5.0
0,1,495,2.1541346030203434,-4.218545671031608,1,-5.0
0,1,496,2.137044684133573,-4.2288151545986405,1,-5.0
0,1,497,2.1359997352745084,-4.229368227531863,1,-5.0
0,1,498,2.1339239043739573,-4.230447983034438,1,-5.0
0,1,499,2.1247348800460206,-4.2350625899427845,1,-5.0
0,1,500,2.116629071947968,-4.239060422502679,1,-5.0
0,1,501,2.1082098823782496,-4.24324960401928,1,-5.0
0,1,502,2.1036862671659105,-4.2455079489161704,1,-5.0
0,1,503,2.0964353818755295,-4.249151670617653,1,-5.0
0,1,504,2.0881510445239106,-4.253336767605739,1,-5.0
0,1,505,2.0756100023538004,-4.25965810699837,1,-5.0
0,1,506,2.059746041702667,-4.267848408038181,1,-5.0
0,1,507,2.0521480778879293,-4.271846364302989,1,-5.0
0,1,508,2.0442520767089323,-4.276088078306639,1,-5.0
0,1,509,2.0360805647401707,-4.280564261140641,1,-5.0
0,1,510,2.0276552608514757,-4.285305581491088,1,-5.0
0,1,511,2.0168217649672187,-4.291635444997494,1,-5.0
0,1,512,2.0124103245063876,-4.29430422774792,1,-5.0
0,1,513,1.9852398106376288,-4.311854057656221,1,-5.0
0,1,514,1.9620983926465423,-4.32850253409143,1,-5.0
0,1,515,1.948247915682209,-4.339642671379587,1,-5.0
0,1,516,1.9347960393078563,-4.351458543601552,1,-5.0
0,1,517,1.9220738055216366,-4.363623615284029,1,-5.0
0,1,518,1.9048933782641502,-4.3820502918492314,1,-5.0
0,1,519,1.8950671363075162,-4.394009165517311,1,-5.0
0,1,520,1.8920913053758899,-4.397898287130204,1,-5.0
0,1,521,1.8853380642811182,-4.4073736444501295,1,-5.0
0,1,522,1.87732768298569,-4.42004961276104,1,-5.0
0,1,523,1.8693554587366628,-4.435290579026364,1,-5.0
0,1,524,1.8646507626248088,-4.446155449495827,1,-5.0
0,1,525,1.8622269218720033,-4.451930834575099,1,-5.0
0,1,526,1.860531996576765,-4.456118497212182,1,-5.0
0,1,527,1.8584472002771277,-4.46158594299662,1,-5.0
0,1,528,1.8556196021406413,-4.469527984520061,1,-5.0
0,1,529,1.8535104808503446,-4.475834327204016,1,-5.0
0,1,530,1.8519769868712395,-4.480661720816386,1,-5.0
0,1,531,1.8420361645798176,-4.517428043759354,1,-5.0
0,1,532,1.8415381257325407,-4.5233803990484605,1,-5.0
0,1,533,1.8474116514412244,-4.506025694502303,1,-5.0
0,1,534,1.8437768234718135,-4.5239024823117475,1,-5.0
0,1,535,1.8428475085838392,-4.532887381713951,1,-5.0
0,1,536,1.8421451947656504,-4.541029388150325,1,-5.0
0,1,537,1.8415001241869473,-4.549586784259552,1,-5.0
0,1,538,1.841225121203934,-4.556911807839673,1,-5.0
0,1,539,1.8412348578575746,-4.562974099279121,1,-5.0
0,1,540,1.8415967289895039,-4.567929243496859,1,-5.0
0,1,541,1.84176897323339,-4.574321207815286,1,-5.0
0,1,542,1.8420438870563043,-4.580474096286385,1,-5.0
0,1,543,1.8422921437870081,-4.587546991037217,1,-5.0
0,1,544,1.842417855252535,-4.596302996737869,1,-5.0
0,1,545,1.843004825220221,-4.6017118415243745,1,-5.0
0,1,546,1.8447176063500992,-4.592691958383457,1,-5.0
