Column3;Column4;Column5
0;1.5014330550894999;-0.9944177060457995
1;1.5029120914100398;-0.9941975922238144
2;1.5040389285810816;-0.9941197885068588
3;1.5054402302333472;-0.9940388990424647
4;1.5075167103553941;-0.9939117799027913
5;1.5125628597293026;-0.9935921496421832
6;1.5153653096925888;-0.9934005695250739
7;1.5213089978715937;-0.9930590604127423
8;1.527639351711705;-0.9928643717242039
9;1.5344860183882691;-0.9928150488760168
10;1.5411882855042331;-0.9930164088048822
11;1.5550939749353712;-0.9942452893250519
12;1.5596875195026794;-0.9949591043239733
13;1.564282228460088;-0.9958480670969201
14;1.5740002489854112;-0.9984992149155781
15;1.580887207515666;-1.0012538464510765
16;1.584250102550042;-1.0029433903422937
17;1.5879765481046588;-1.0051079415594704
18;1.5910436129400591;-1.0071308453732684
19;1.5984421392126797;-1.0128734131257464
20;1.6054688649027593;-1.019164379263568
21;1.614587177513896;-1.0283957237166856
22;1.619727507757116;-1.034066656661324
23;1.6283482110357574;-1.0444737471527095
24;1.6376393105294431;-1.0571369060581433
25;1.6451738481177078;-1.069126580065065
26;1.6485423046053103;-1.0751855163604604
27;1.655012840267864;-1.088515725794711
28;1.6593739028496584;-1.099098414077045
29;1.6619893470077332;-1.1059818494929885
30;1.66367122168438;-1.1105089722041084
31;1.6656454355747072;-1.1161217220640578
32;1.6693047978573403;-1.1273097756470767
33;1.6709778809571838;-1.1328852891996937
34;1.672895186579679;-1.1395921966619404
35;1.6750975819093719;-1.1474790039182041
36;1.6772698274223221;-1.1555212299562456
37;1.6791037861021372;-1.162499749688219
38;1.6797228980901995;-1.1648555056504852
39;1.6842754933189081;-1.1838137121322367
40;1.6881626587885663;-1.2041696592687001
41;1.6890133728534842;-1.2095404245782202
42;1.6900333211911762;-1.2162186531060029
43;1.6910507330660924;-1.2228485385535617
44;1.6918740304379045;-1.22814282014571
45;1.6940022051440644;-1.2415191565358281
46;1.6950799891223096;-1.248396353696733
47;1.696107888339027;-1.2553952616517112
48;1.6979688860322733;-1.2694771975671475
49;1.6988572087334157;-1.276572344786242
50;1.7005877491301404;-1.292638154816701
51;1.702307337670063;-1.3152852041657126
52;1.702603924447672;-1.3212245930454565
53;1.7029343883912238;-1.3299967916845283
54;1.7036404713608357;-1.3472303094104496
55;1.7039478117209468;-1.3529492668425156
56;1.705039421723989;-1.3688137755715908
57;1.705887612579928;-1.3776228892686648
58;1.708869117433068;-1.398794147221032
59;1.7106055168325043;-1.408089699017696
60;1.714576580355087;-1.425327580872331
61;1.7174968646953503;-1.4360004106396902
62;1.7196297441031916;-1.4433153412117137
63;1.7242719783483873;-1.4584328129862507
64;1.7286759601842305;-1.4726783086613182
65;1.7306534723267364;-1.47909127193234
66;1.7326532578955323;-1.485496450938393
67;1.7367056897208677;-1.4982899458638947
68;1.7392044057376754;-1.505976457834566
69;1.7426384450376584;-1.5162114856530153
70;1.747018309729413;-1.529009436257979
71;1.7501437219319034;-1.5379600917930178
72;1.7537568401049382;-1.548053291183847
73;1.756446304686448;-1.555518169074072
74;1.763343420793841;-1.5755915436134555
75;1.7659124205646184;-1.5833054211100257
76;1.7695190675252908;-1.5951253558785288
77;1.7736443018409918;-1.61157511920127
78;1.775841515504018;-1.6231279828619742
79;1.7767446998610272;-1.629015852751767
80;1.7786567692920097;-1.646924804293221
81;1.778764629224716;-1.6484013468371133
82;1.7792584334437593;-1.6613950818794274
83;1.779236184437628;-1.6696359026528929
84;1.7791316898470435;-1.675038835895203
85;1.7789284766337103;-1.680428030673874
86;1.7775689303562865;-1.6978095570307115
87;1.775783224569652;-1.7103663582112973
88;1.7745551399490473;-1.7176526218770332
89;1.773896088831289;-1.7212817388256225
90;1.7724506100901802;-1.7284434854635478
91;1.7708280026316905;-1.735525754073822
92;1.7676686549029987;-1.7474219171203167
93;1.7636270960063838;-1.760039811082729
94;1.759612383584486;-1.7710793916853036
95;1.7551716934122583;-1.782025834972201
96;1.7504315093829712;-1.792256740998514
97;1.74807379698855;-1.7971155342712521
98;1.7439996965416735;-1.8056411857992525
99;1.7414067655117778;-1.8112925777233277
100;1.7392902579627596;-1.8161226145896798
101;1.7371885777775975;-1.8211404133750728
102;1.730886542084578;-1.8375694686947155
103;1.730036251426635;-1.8399167063057005
104;1.7261823596183175;-1.8507452473478092
105;1.7211200555948476;-1.8658630598386594
106;1.7162974123145753;-1.8821660281692456
107;1.7129933581409333;-1.895033195068746
108;1.711351218149667;-1.9021660080450573
109;1.7080425733958293;-1.9174091191978258
110;1.7068948621838442;-1.9228210540741404
111;1.7055017106362687;-1.9295376553032957
112;1.702700601126061;-1.9429304634148936
113;1.7016176684588726;-1.9483027706405203
114;1.6969125793065907;-1.969671572379805
115;1.6941179077720696;-1.9805763246334185
116;1.6922049106009225;-1.9875623551956987
117;1.690203644134655;-1.9946291080588991
118;1.6860372105273562;-2.0087879334924135
119;1.6834183406118222;-2.017416748579971
120;1.6786264430260325;-2.0321474678713636
121;1.6731421152238888;-2.047248699165154
122;1.6700286587647004;-2.054930889722795
123;1.661511644521371;-2.073602376464333
124;1.655792843400102;-2.084520662117644
125;1.6477881332638198;-2.0982526709937943
126;1.6362176508399888;-2.1155206319128728
127;1.6279878875528992;-2.1263197769414313
128;1.6227067017173;-2.1327091807913865
129;1.6184598840949835;-2.1375650500951275
130;1.6152854844246642;-2.141038496080237
131;1.6038933490195695;-2.1524899483467728
132;1.5941609642032974;-2.1614243404738143
133;1.5875222982311752;-2.16737678112979
134;1.575776156454556;-2.1778467977997837
135;1.570430038563746;-2.182631325374114
136;1.5565576284642126;-2.1946577451821896
137;1.5517158893907912;-2.198658829506334
138;1.5456170458424199;-2.203511600174339
139;1.5403755905384993;-2.2075842322783226
140;1.5393157045905834;-2.208391034195281
141;1.5287694217153744;-2.216216961165995
142;1.5235070587495887;-2.2199760777624933
143;1.5173054472327712;-2.224249911885262
144;1.5082750784361187;-2.230272334025243
145;1.5023290987152822;-2.234188900851979
146;1.4945338792098806;-2.2390858398483027
147;1.4821831900239628;-2.246647975063118
148;1.4722266837189835;-2.2525825240263027
149;1.4669378038953744;-2.255535252935813
150;1.4546521878012155;-2.261929059132952
151;1.4475365514663132;-2.2652371133797096
152;1.4362951432482147;-2.2698452393958304
153;1.4298395434409457;-2.2721016073423104
154;1.4220211543661703;-2.274457661850435
155;1.4117185641786254;-2.276915017441749
156;1.4055167056365254;-2.2779963604358056
157;1.393428168949897;-2.2792562029509953
158;1.3812025661445826;-2.279628872072723
159;1.3742348177213046;-2.279510708006667
160;1.3704877777098528;-2.2793725905045013
161;1.3668060075753052;-2.279227690196993
162;1.3577686902027777;-2.2787353117955784
163;1.3490990176537934;-2.2781781404395107
164;1.3368539771698018;-2.2771496191420857
165;1.327087543807468;-2.2765741949671376
166;1.316361723191528;-2.2765034683698424
167;1.307301463585354;-2.2767991106379757
168;1.3007684732217988;-2.2772155608184543
169;1.2893846462619807;-2.278266544512311
170;1.282705453446476;-2.279046551156255
171;1.2730418591055424;-2.280272417865015
172;1.2621017500274185;-2.2817792422826857
173;1.2504649082370227;-2.2838014166095824
174;1.243152119591226;-2.2854488476735795
175;1.2318110250236514;-2.2887666647307676
176;1.218911888404893;-2.2937134727536934
177;1.2127720835771083;-2.296482763586779
178;1.2013245996289386;-2.302334490689802
179;1.195129921739105;-2.3057653942255203
180;1.1912925940970576;-2.3079692457250673
181;1.1876676337621799;-2.310091005655072
182;1.177836035363131;-2.3159202851870604
183;1.1700209822255376;-2.320524767186753
184;1.1650261057692346;-2.323558925327081
185;1.160676263541123;-2.3262844586253992
186;1.1563183629147773;-2.3290949386513526
187;1.1489106625371575;-2.334139707224786
188;1.1451151360713536;-2.3368298270432786
189;1.141526701683391;-2.3393902539346305
190;1.1354491663632575;-2.3437063906018696
191;1.1316209255964946;-2.3463708612079173
192;1.1291317579003768;-2.348079887332845
193;1.1228947759475976;-2.3523075077190048
194;1.1190209618643066;-2.3548306079704147
195;1.1143804150411385;-2.3577429405641293
196;1.1095583904970139;-2.3606846719053083
197;1.0980371859217202;-2.3670316020013313
198;1.0926208460499538;-2.3696680618484267
199;1.0794075276616455;-2.3750961849372776
200;1.0729663341770792;-2.3772934489903497
201;1.0718802012753696;-2.377629000602696
202;1.060949121820855;-2.3804690307299907
203;1.0566106420248988;-2.3813029803279484
204;1.0449502097022627;-2.3827427384287105
205;1.0358483500210325;-2.3832262035879928
206;1.0310886207414365;-2.383308342987598
207;1.0263241884930159;-2.3833207287130582
208;1.0155725535283158;-2.3831929278232944
209;1.0061406839431208;-2.3829679045685546
210;0.9960698146918919;-2.3826433150853155
211;0.9915236422568281;-2.3825436327472893
212;0.9869328337026894;-2.3825111913686667
213;0.9813208328128584;-2.3826008871180915
214;0.976477341060028;-2.382791737264962
215;0.970378282519432;-2.3831908934236696
216;0.9537995024685482;-2.3848445381346868
217;0.9443213015734956;-2.386200087320033
218;0.938160309988181;-2.3872929412460073
219;0.9241018452124212;-2.3906344838535714
220;0.9152366032668355;-2.3933210784295578
221;0.9033736447149039;-2.3975066808141374
222;0.8917493929413283;-2.4019889197069704
223;0.8897915069679324;-2.4027649108789797
224;0.8860145679014066;-2.4042608513924524
225;0.8788791162618731;-2.4070952895330806
226;0.8703986360327379;-2.41043366921596
227;0.8662751537615649;-2.412027025086309
228;0.863810585603666;-2.4129689109541625
229;0.8538325683029134;-2.41671983725562
230;0.8451956095454479;-2.41985931928918
231;0.834039711173887;-2.4240034799112764
232;0.8311144323465768;-2.425117534094638
233;0.8260819527033926;-2.427067121495467
234;0.8197714063634465;-2.429560857496041
235;0.8084576375341446;-2.4341427439871417
236;0.7941384320277083;-2.439912109720978
237;0.7870924373152706;-2.4428058563290476
238;0.7798223758374874;-2.4458260886873493
239;0.7710796845800956;-2.449443719388974
240;0.7465234284164339;-2.459853643960629
241;0.7399801965808455;-2.4627669688243294
242;0.7332999681555781;-2.4658268321865178
243;0.7160935023522261;-2.4742821115056386
244;0.7108197158859688;-2.4770281380133357
245;0.6915920924658674;-2.487632905777877
246;0.6751215946909378;-2.4971995131549045
247;0.6620666297916763;-2.5050107146098632
248;0.6456140611431922;-2.514756929048476
249;0.6355643645740434;-2.520438632138553
250;0.6304511944667868;-2.523211479954197
251;0.6217320127308003;-2.527709989208166
252;0.6110374552322657;-2.532898415093362
253;0.5944342417192257;-2.54024186156398
254;0.5752901265398265;-2.5477954014942106
255;0.5675787743141403;-2.5505839891258786
256;0.5479629089596806;-2.556900135274403
257;0.5173657600353183;-2.5640299308575805
258;0.5093816895337214;-2.565281880461728
259;0.49791696067488816;-2.5665988984610246
260;0.4806006208419159;-2.5673523327925825
261;0.4660562168263319;-2.5667672413077227
262;0.45417330384328625;-2.565423143581266
263;0.44388087058326003;-2.5636276981719783
264;0.4380857707185835;-2.5624454620817425
265;0.42748705776580737;-2.5602236917031624
266;0.42308841680724457;-2.559244170259792
267;0.4138399915455133;-2.5570283786218493
268;0.4056366438160296;-2.554790379777603
269;0.40182824858312627;-2.553662276870613
270;0.39259961888795747;-2.5509531576707785
271;0.3871629217121263;-2.549380158282729
272;0.3809793242492235;-2.547631741314135
273;0.3647782174226782;-2.5432779715457903
274;0.3510239138773179;-2.5397555321629355
275;0.34178676569816685;-2.537380625266848
276;0.33224851347285167;-2.5348953132362744
277;0.3207111079433282;-2.5318284161311273
278;0.3149174557710882;-2.530255120517195
279;0.2903599846113278;-2.5233070425285122
280;0.2776667304841168;-2.519536587411172
281;0.2687690351098111;-2.5167876003699208
282;0.24773368710711124;-2.509965993311524
283;0.23565762373984156;-2.505771325451956
284;0.2203017667633279;-2.4999744160092674
285;0.2039238312477606;-2.492946250162713
286;0.19628840135259631;-2.4892395560043648
287;0.18204849200934742;-2.481293694730469
288;0.17534637663421385;-2.477055938211703
289;0.15918675942204416;-2.464733031569958
290;0.15345858834643508;-2.459390039570002
291;0.15005276362996803;-2.455857648458169
292;0.14622112577016716;-2.4515112175281164
293;0.13970251694141236;-2.443054405887427
294;0.13687813130194074;-2.438923176853195
295;0.13530020986302319;-2.436479760070755
296;0.13240690179999098;-2.4316734917767207
297;0.12945265774819192;-2.4263074468070656
298;0.1278979608217913;-2.4233570486036036
299;0.12602680125364882;-2.419696358612574
300;0.12262173157973387;-2.412366214287906
301;0.11890767228657484;-2.4030847257485624
302;0.116619728907279;-2.396642550026023
303;0.11554300521044464;-2.3936220929095198
304;0.11449167810447627;-2.390715785648765
305;0.1125533074236634;-2.3855395824105763
306;0.10980625672503432;-2.3783727259947796
307;0.10812725270190612;-2.3739512124631243
308;0.10630788703246973;-2.3690709266596697
309;0.10479938482262657;-2.364886194205922
310;0.10088156198283006;-2.353569357797236
311;0.09841416530306936;-2.3462364523545314
312;0.09423984989151647;-2.333312403781734
313;0.08604230040796824;-2.3080127319262163
314;0.08087939407003199;-2.2929302898680564
315;0.07431455999752272;-2.2754431255560057
316;0.07241803906233772;-2.270557144905512
317;0.06235319087150699;-2.2456467307563632
318;0.05869180765557417;-2.2371685780331925
319;0.05717206415177607;-2.2337528023517983
320;0.053168077900267854;-2.225198885279618
321;0.04462997265598577;-2.2080687430581802
322;0.035378838519743994;-2.1910513872038764
323;0.030432406538401388;-2.1826208277174555
324;0.021274568838197474;-2.167835560098588
325;0.009920091887640562;-2.150565666585022
326;0.00353194514504576;-2.1414332000500407
327;-0.0007724063619891771;-2.135386361177611
328;-0.010779884916535018;-2.122139416032951
329;-0.02333585450820799;-2.1066288034302363
330;-0.03230754989871423;-2.0959939487008326
331;-0.04199398849590852;-2.0845664643536392
332;-0.05112924813946499;-2.073420802174383
333;-0.05594958642733187;-2.067155228897473
334;-0.06161885036313007;-2.059489794168701
335;-0.07070550230575626;-2.0462903840981066
336;-0.07804360559686044;-2.0342901814439647
337;-0.08226120607418708;-2.0265901941750735
338;-0.08669405931975264;-2.0176090431198714
339;-0.08839603316449364;-2.013852007531546
340;-0.09268473076098907;-2.0031633118804777
341;-0.09645501681576986;-1.9911876145365324
342;-0.09844293819858305;-1.9823239215443254
343;-0.09929701686265353;-1.9769515656825218
344;-0.09976412790091571;-1.972785082799206
345;-0.10023525982585926;-1.9653256652965323
346;-0.10033426731585983;-1.9621410715925602
347;-0.10037283743445452;-1.9591657111624274
348;-0.10039944683152129;-1.9553659390481395
349;-0.10041683630649169;-1.9533405308817158
350;-0.1004275107536812;-1.950528978743791
351;-0.10048071370769675;-1.9421954564861956
352;-0.10050943028938435;-1.9397608963360895
353;-0.10051744114353495;-1.9355336564851255
354;-0.10038630877312404;-1.9261656748354434
355;-0.10023197239777004;-1.9208370910975505
356;-0.09984522388614184;-1.9115152776874926
357;-0.09957738611740813;-1.905216250099237
358;-0.09917615439366978;-1.8971210139046384
359;-0.09850009658734953;-1.886914864692583
360;-0.0972537010144399;-1.8731052202201846
361;-0.09532888944655513;-1.856903005228284
362;-0.090903878854309;-1.829900243346038
363;-0.08764548280443338;-1.8141996905926885
364;-0.08295431293569326;-1.795971343694255
365;-0.08295431293569326;-1.795971343694255
366;-0.0770529947410673;-1.7773253687462196
367;-0.07314410645608148;-1.7665667628059263
368;-0.06547176933999518;-1.7483018037446263
369;-0.06182361095133451;-1.740705283649201
370;-0.05744403259954552;-1.7321648900453528
371;-0.04898045086154715;-1.716303916286074
372;-0.04564408298566653;-1.709922109250187
373;-0.04184594834363284;-1.7022531735433937
374;-0.03488890103574571;-1.6862600773569376
375;-0.03009330885926886;-1.673452332911432
376;-0.027076069504485586;-1.6648025194861082
377;-0.024654582232081113;-1.6576599859156838
378;-0.021893936066453717;-1.6489868792081026
379;-0.019264939269509066;-1.6400952440175482
380;-0.01678349994038126;-1.6309959055320198
381;-0.015252211062576638;-1.6249072192282044
382;-0.013839027530088819;-1.618871143338993
383;-0.010925266302061868;-1.6057051146549945
384;-0.008095305918513585;-1.591639820128528
385;-0.005198669249307278;-1.5767219965206414
386;-0.004429276888740548;-1.5726635081246487
387;-0.0010825872545533383;-1.55381165624335
388;0.0008974712944455191;-1.5412389980899681
389;0.0027059718927388027;-1.526471504856683
390;0.0032683054126939597;-1.5203282942950935
391;0.003790631081013965;-1.512507295597619
392;0.004422614660212928;-1.4922661401609671
393;0.004467388744610546;-1.4789037261993279
394;0.004443925907007967;-1.4731232544776847
395;0.004407643616403092;-1.4674201647694192
396;0.004335458828418719;-1.4519930847297604
397;0.004150965063524802;-1.436489732986347
398;0.0039844352817391075;-1.4280573603608626
399;0.003818078330558433;-1.4126549880664507
400;0.003807753193567742;-1.4013338274940272
401;0.004027146822323453;-1.3869564478729985
402;0.004096689663178392;-1.3840598365633956
403;0.0042857709816655305;-1.3767785855456685
404;0.004754372458574131;-1.3606154913657713
405;0.005005350826089444;-1.3532021176600744
406;0.005333204422985342;-1.3442566094037
407;0.005910875040718244;-1.3307119569344403
408;0.006052754580500267;-1.3276859311951508
409;0.006753424964857227;-1.3140181812515144
410;0.007110288850761262;-1.3079360590669407
411;0.008068869744145798;-1.292811197309484
412;0.008270081062600184;-1.289800292594448
413;0.009240440162367115;-1.276216511030245
414;0.009967811946853542;-1.267072089699039
415;0.011902972264346029;-1.2470659555974632
416;0.012601184799719741;-1.2408877553934923
417;0.014860987308488113;-1.2237825709604246
418;0.015827674268619415;-1.2175225630290885
419;0.018289777894689375;-1.203373190382596
420;0.021401898991341078;-1.18774083352953
421;0.024241393490567628;-1.1753689575140955
422;0.028034312310848252;-1.1614040371532763
423;0.03042311500483561;-1.1536415225561825
424;0.038474237527331166;-1.130875784573619
425;0.04193145214129553;-1.1224927430354323
426;0.046564751933051325;-1.1121050005195459
427;0.04940208430005755;-1.105932805701117
428;0.055607489540182346;-1.0930771653828044
429;0.0567322804101362;-1.0908171460686464
430;0.05894389498550315;-1.0863112242210478
431;0.06562278089911536;-1.0731038542422684
432;0.06954545692246028;-1.0655847988117675
433;0.07066541949861682;-1.0634361585318328
434;0.07290470357277005;-1.0591114885284998
435;0.07573938182871501;-1.0535830371671486
436;0.07926858894149176;-1.046530053618873
437;0.08815753927266323;-1.0286517345109911
438;0.0916389829987151;-1.0215843023966416
439;0.09905838126399713;-1.0065824606495783
440;0.10361441983311188;-0.9974274140616715
441;0.11122677839308316;-0.9823123334111177
442;0.11505273883330512;-0.9747835369827664
443;0.12272517125913246;-0.9597603755025645
444;0.1273378371131541;-0.9507653550201576
445;0.1341557727888685;-0.9375288053118858
446;0.13860671355703907;-0.9289657758984345
447;0.1408004702285244;-0.9247542390818679
448;0.14585176737642383;-0.9150843550154355
449;0.1501316196546431;-0.9069733882336559
450;0.15294746849904395;-0.9016198749989826
451;0.15570192633656044;-0.8962649693234113
452;0.15974240064440165;-0.8881794980587194
453;0.16431247855038383;-0.8786208105079097
454;0.16683034998890883;-0.8730917908350636
455;0.17283945300238202;-0.8594261469723147
456;0.17510002843642955;-0.8540976866370691
457;0.1789489744228577;-0.8450096183699689
458;0.1838375671274061;-0.8336845204605327
459;0.18659173352677647;-0.8274950888013993
460;0.18940625944209935;-0.8213590375442222
461;0.19287689220499227;-0.8139703622284843
462;0.19838153937199962;-0.8028192871552398
463;0.20090647671358722;-0.7978159373182417
464;0.20731983894257308;-0.7853032634778772
465;0.21060676932156178;-0.7790756237601915
466;0.21806831112929748;-0.7652954010321585
467;0.22574961467313145;-0.7517198525006527
468;0.23501709281295108;-0.7358720452547919
469;0.23644862824974863;-0.7334364677488656
470;0.24549570545774024;-0.7172263183203623
471;0.24880697565565063;-0.710704286097432
472;0.25266902575581995;-0.7026570196506662
473;0.25762515912355605;-0.6918772467389165
474;0.2627741511221513;-0.68007602608161
475;0.2627741511221513;-0.68007602608161
476;0.2698327738206888;-0.6638999319007864
477;0.27365074391364314;-0.65539547024573
478;0.2809374133469692;-0.6393841324635314
479;0.2831856128414058;-0.6343501761823652
480;0.28929746424837194;-0.6204141559791104
481;0.2926321669807698;-0.6127239157672912
482;0.2974677906950458;-0.6013287161689546
483;0.2974677906950458;-0.6013287161689546
484;0.30344769446416464;-0.5875969207895383
485;0.3062075054490027;-0.5813833570697972
486;0.3112001485566755;-0.570155616730165
487;0.3171957088176434;-0.5563618584470237
488;0.3171957088176434;-0.5563618584470237
489;0.3230779629781044;-0.5426725483939098
490;0.326297896655826;-0.5352492450983432
491;0.3295095572443182;-0.5278081136381423
492;0.3295095572443182;-0.5278081136381423
493;0.33218355134256544;-0.5215888939340473
494;0.33483014336133443;-0.5153275033276628
495;0.33995386647812226;-0.5025211984358341
496;0.3424439759231532;-0.4959718129796844
497;0.34915116893974124;-0.47749427989069393
498;0.3536081641926071;-0.4643203345540788
499;0.35526823833918725;-0.4591537371194097
500;0.36136122653255576;-0.44022089109077867
501;0.36136122653255576;-0.44022089109077867
502;0.36720419859605136;-0.4206748822606492
503;0.3710967353612211;-0.4055820301282954
504;0.3732903905114121;-0.39563214029747956
505;0.37596721669562366;-0.3808789782310154
506;0.3770527216394369;-0.3734305924650029
507;0.3779912112704325;-0.36609059864401056
508;0.37896559080791903;-0.3575424537841144
509;0.3794075427395087;-0.35336601703948317
510;0.3808621130737915;-0.338512665394521
511;0.3812362550121335;-0.3345680226679827
512;0.3824354825465836;-0.3216551270209083
513;0.3831705249242957;-0.3140036098537066
514;0.38406877056423994;-0.304941231568548
515;0.38443394552582316;-0.30096908975128206
516;0.3857953397308239;-0.2847143794616664
517;0.38671344166450333;-0.27083098448831405
518;0.38704963574746326;-0.2636937953001499
519;0.38739813625156133;-0.25049331686800624
520;0.38744268993984304;-0.24015907373045134
521;0.38733783027601654;-0.231445409564102
522;0.38722735050879475;-0.2243135977776723
523;0.3870810009574388;-0.21039763862407385
524;0.38708035754547176;-0.20902473171366767
525;0.38731376125166966;-0.19674049256524168
526;0.3877161963675661;-0.18848264058141662
527;0.3879854193254527;-0.18430645111938407
528;0.38852307380134116;-0.1772669959704853
529;0.3899560898596532;-0.16165234842458684
530;0.39055198044975936;-0.1560917237137577
531;0.39341738227385425;-0.13216420840290594
532;0.3946295060996269;-0.12161989031876207
533;0.3971389305953975;-0.09969355123994197
534;0.3981508917458853;-0.09122927820104597
535;0.4002899368454551;-0.07235149679602457
536;0.4019207187810255;-0.057431161999736184
537;0.4027424945823061;-0.04991098711585435
538;0.40427204660387644;-0.0362912516477557
539;0.40603836836572443;-0.021006375753508007
540;0.40801355810261214;-0.005598503735826897
541;0.4104386825357352;0.011497369630415187
542;0.41161278442761307;0.019312347489924175
543;0.41407626620972415;0.03483553248633476
544;0.417286008396615;0.05331573921371653
545;0.4200381213877662;0.06727874560682033
546;0.42171487121722134;0.07508268486147326
547;0.42171487121722134;0.07508268486147326
548;0.42615014270650625;0.09388662715787803
549;0.43100156349155494;0.11240656762616992
550;0.4335591924009595;0.12134475062957435
551;0.4365828210861274;0.13151045589186075
552;0.4404036082717412;0.14433228313351879
553;0.44251147965442167;0.15142206360416657
554;0.4483745281274837;0.1713413171227486
555;0.45043948165760833;0.1784889443443215
556;0.45454758108939824;0.19280188004686338
557;0.45744600091650073;0.202830996199941
558;0.45911234280146257;0.2085766317308393
559;0.4624789127613734;0.2201780699948837
560;0.4670525808955813;0.23639108329306716
561;0.47112465620656757;0.25139044441748776
562;0.4735168676917288;0.2605354300005101
563;0.47585436506893214;0.26971537264064294
564;0.47775741589603277;0.2773354451112354
565;0.47962505113575443;0.2849160268541385
566;0.48142907428532805;0.2924557105438148
567;0.4835475927231338;0.3014103964110047
568;0.48748682241549895;0.31770627704947124
569;0.49068592606463224;0.3310144171890659
570;0.4945481372071883;0.3472194086408599
571;0.4945481372071883;0.3472194086408599
572;0.49661862950222724;0.3560610208744336
573;0.49833659761369326;0.3634066399042242
574;0.5017413172678792;0.37803506391365516
575;0.505305060427604;0.3925529012980309
576;0.507704525639145;0.4012816805989288
577;0.5121539141774103;0.4160069244239871
578;0.5171761118379455;0.43099235511238876
579;0.5198452884416151;0.4384290008090451
580;0.523125048979728;0.44718460432788715
581;0.5247951671552896;0.4515477896382399
582;0.5270851196652677;0.4573659094880292
583;0.533846799520662;0.47351036154762216
584;0.5397437568086091;0.4864836491487899
585;0.5465330355506872;0.5002118228578487
586;0.5539284025384819;0.514911055410759
587;0.5594674663713897;0.5257216161970215
588;0.5631610431945536;0.5325665565359865
589;0.567036254921167;0.5394646120961469
590;0.5719463726582228;0.5478102022394106
591;0.5796014684916029;0.5601725811908573
592;0.5899767595240255;0.5755331653021917
593;0.5959281508566582;0.5840361872991089
594;0.6000531334501797;0.5900488743298393
595;0.6088994947418976;0.6034525678888903
596;0.6135845083661906;0.6110481785854746
597;0.6166672668095526;0.6162733092969561
598;0.6257351023957317;0.6326942748336765
599;0.6257351023957317;0.6326942748336765
600;0.6307725232545977;0.6424086820154341
601;0.6355713809180003;0.6519549139533513
602;0.6382300693888068;0.657315560542419
603;0.6454302752390121;0.6717437661455044
604;0.6540468862277989;0.688434273302192
605;0.6617463530576417;0.7024092392258322
606;0.6678292235503825;0.7124695689384298
607;0.6762692183830823;0.7250177811829331
608;0.6855803257271877;0.7373370928619365
609;0.6904702053107662;0.7432579479897559
610;0.6954592669340619;0.7488937005001165
611;0.7005291335196051;0.7542482261770953
612;0.7055548723188697;0.7592116514623218
613;0.7172397421718992;0.7691708493969268
614;0.722803801274054;0.7730673614252256
615;0.7305987622497243;0.7774595650719375
616;0.7380311196874647;0.7803876614937049
617;0.7415490067399543;0.7813895044719054
618;0.7485990881442635;0.7825449468136
619;0.7543880596079775;0.7825484198128071
620;0.761603329368659;0.7815477867651128
621;0.7684156506230915;0.779652527335146
622;0.7770582154359095;0.776082329314227
623;0.7874219980881658;0.7703339163307081
624;0.7970247291670021;0.7637951011331584
625;0.8018320239649724;0.7601633679281696
626;0.8066995168933118;0.7563682894242617
627;0.8116755589855943;0.7523923750241268
628;0.8219870870832809;0.7439906774868532
629;0.8284345820953806;0.7387028869107729
630;0.8373568043685259;0.731386021952683
631;0.8442850176296568;0.7256824693691524
632;0.864021343417355;0.7087209174282055
633;0.8758018660145637;0.6977294251428265
634;0.8898911251945534;0.6835802074070149
635;0.8983868081908487;0.6743868021716999
636;0.9113941189077354;0.6598430864949817
637;0.9239646015565042;0.6450312547337973
638;0.9391800505346449;0.6274508041641332
639;0.9428474512934317;0.6233652425260231
640;0.9465926324076186;0.6192596749834219
641;0.9517159336429658;0.613776141953118
642;0.9663103007859357;0.5985030589562046
643;0.9812879621106706;0.5832722517775633
644;0.9949248635747868;0.5695587791213403
645;1.0084059784375885;0.5556678687154348
646;1.0231953928069644;0.5401969040475192
647;1.0298228674927266;0.5330268688624465
648;1.0363242737630418;0.5257104279457453
649;1.0438522141721156;0.5167920194167024
650;1.0523083794170527;0.5061136964415145
651;1.0570381462702656;0.4998032352535976
652;1.0673358974187845;0.4853092563349268
653;1.0727674841863901;0.4771651405102261
654;1.0780274622327606;0.46891445288804257
655;1.0830563482148492;0.4606219566108898
656;1.0887072660409196;0.450701151890644
657;1.0922916560180702;0.4441140697340805
658;1.100733759600535;0.4276015752469222
659;1.1030729490232303;0.422661835514228
660;1.1094678190938525;0.40814152986026975
661;1.1158277100805172;0.3926405984303252
662;1.1216727930631178;0.3782657433359044
663;1.1244510723310115;0.3714357676937695
664;1.1271445726230447;0.3647777799016917
665;1.131477470771391;0.35427554847246023
666;1.1354522130112128;0.3450052172718632
667;1.143257934775961;0.32873103043048574
668;1.1503936530455257;0.3163554139447582
669;1.1549507601058526;0.30930527228120713
670;1.1610336410861553;0.3008303382692085
671;1.1676692302185268;0.29248584806012273
672;1.1781987943577474;0.28043004071504823
673;1.1943277065033535;0.264598908058364
674;1.2074964088395939;0.25347103590682685
675;1.2153503755455441;0.24725052844285184
676;1.2217859666453363;0.24230125593792862
677;1.2330544083949513;0.23374579077781735
678;1.240328634338756;0.22820825310743642
679;1.2560896276662252;0.21616823655527997
680;1.2610595480242255;0.21244151244862963
681;1.277307910056898;0.2005802827752239
682;1.288627186973374;0.1923900818975996
683;1.301396870655398;0.18326054378302947
684;1.3128398742106675;0.17502923771326817
685;1.3203388819680841;0.16941465707447043
686;1.3203388819680841;0.16941465707447043
687;1.3339498812768844;0.15857495014135187
688;1.3401097096596015;0.15327840987085278
689;1.3581931778622027;0.13569437448638438
690;1.3707357348105675;0.12112304574150058
691;1.3749602688701092;0.11549439911735597
692;1.382689769714404;0.10381291470276735
693;1.3898313388906873;0.09038430564252206
694;1.3969340822266259;0.07085175238346546
695;1.3999262300991053;0.057205012175113756
696;1.4018075043618496;0.04211011081433727
697;1.402381904132898;0.03315659540489035
698;1.4026167648567007;0.02426214932278533
699;1.401824895208853;0.004531764192348822
700;1.4011276034954476;-0.0021880529357277178
701;1.4002400259586016;-0.008803330054205359
702;1.3975733416785097;-0.02298672639001567
703;1.396347159902105;-0.028032211968534462
704;1.396347159902105;-0.028032211968534462
705;1.3926778122477113;-0.04029946697808526
706;1.3905931223350023;-0.04621102620800831
707;1.3883610881974893;-0.051915687316433284
708;1.3855927964601626;-0.05837364092377022
709;1.383726614627008;-0.06247942035827738
710;1.381391422841987;-0.06744308709724087
711;1.3758632121354137;-0.078930893587793
712;1.3735855455492112;-0.0836022299316157
713;1.3712422230189116;-0.08840999006993147
714;1.3681903248446736;-0.09466427550690079
715;1.3619136846551105;-0.10731631839938727
716;1.354684584839319;-0.12148455950866026
717;1.3468488644376282;-0.13569004027440562
718;1.3417519344805582;-0.1445417159733603
719;1.3364442971867536;-0.15336376438716365
720;1.3290841550457644;-0.16506432023382106
721;1.3195510987301549;-0.17921215878116803
722;1.3137813744623699;-0.18753975803000542
723;1.3090057855411708;-0.19444281104275718
724;1.3052554524525661;-0.19989899833373173
725;1.2954951838697497;-0.21422802173978783
726;1.292982652973727;-0.2180026870794023
727;1.2842211203985292;-0.2317397945703423
728;1.2805088485770135;-0.23809197512700273
729;1.2768949634166489;-0.24450510407578524
730;1.2733951551008365;-0.2509120604636812
731;1.269388962544419;-0.2584412235565882
732;1.2667923326772672;-0.26339986179591834
733;1.2617831813030087;-0.2733305189513239
734;1.2552964394047847;-0.28706674849302977
735;1.251413956615345;-0.2960535505323398
736;1.2498501146759047;-0.3000264361875957
737;1.245135803845271;-0.3137264341749415
738;1.2404186359802014;-0.33189188176109924
739;1.2386835386460024;-0.34188298723875665
740;1.237629547940673;-0.35776849753625506
741;1.2400691247909195;-0.37871887675318483
742;1.2400691247909195;-0.37871887675318483
743;1.2472059484242126;-0.3993684508407233
744;1.249553994145628;-0.404124985109093
745;1.2526865739727642;-0.4099004931956394
746;1.2567140291302445;-0.4165784891123754
747;1.2626995904736;-0.4253309643699075
748;1.2715501788070975;-0.4365935129091691
749;1.2755019682009425;-0.44114140334985824
750;1.2871669722741386;-0.4532727235277881
751;1.2948460513935562;-0.46072444284738906
752;1.30630863729278;-0.47109213331484573
753;1.312201760397011;-0.4761385347562414
754;1.318118459684102;-0.48108585231855994
755;1.3240080216648529;-0.4859433718350438
756;1.341874980087106;-0.5004153204517767
757;1.355054552730592;-0.5103934106453214
758;1.370682506959062;-0.5212602287382
759;1.379319846969292;-0.5269728506168466
760;1.387861278909658;-0.5324708213883045
761;1.4061022931924525;-0.5441517864820267
762;1.4143976968740775;-0.5495494980058495
763;1.4318246372237362;-0.5610429967013847
764;1.4318246372237362;-0.5610429967013847
765;1.4473013563860562;-0.5711410441881328
766;1.4536238380756918;-0.575225416366638
767;1.46733979479787;-0.5839709384319218
768;1.4723179576771608;-0.5870969177807074
769;1.4862003817341007;-0.5955010256512472
770;1.4994450225876343;-0.6027829941633348
771;1.5062675395196254;-0.6062865193882475
772;1.5144711092040866;-0.6103310128854739
773;1.5239975759002837;-0.6148257691866915
774;1.5280297297778247;-0.6166596862428044
775;1.533339028020539;-0.6190263867638202
776;1.5463201486827989;-0.6246884955114659
777;1.5588910903398;-0.6300966397809286
778;1.5664114393703334;-0.6333550352876582
779;1.5728070168229256;-0.6360543432816693
780;1.5874355127777084;-0.641842586064905
781;1.5971421502169278;-0.6453197632337646
782;1.6026994755782749;-0.6472245982907726
783;1.6095542035656447;-0.6494669788172873
784;1.617666688841634;-0.6520829674510183
785;1.6321812852005908;-0.6563849502905995
786;1.6450545597171788;-0.6600780805358333
787;1.6524962798665686;-0.6622218138198815
788;1.6561245901831392;-0.6632900636178629
789;1.6691397079342074;-0.6674411711111715
790;1.6819686588175429;-0.6721952444354128
791;1.6925480972155746;-0.6770550768365263
792;1.7008839612873277;-0.6815298121763869
793;1.7090495299182271;-0.6865105169279261
794;1.7135128887714113;-0.6895459260341216
795;1.7199228426712854;-0.6943396063752755
796;1.7307462995061156;-0.703631353275889
797;1.7344101088931763;-0.7071221764821451
798;1.7388420957051898;-0.7115918199247262
799;1.7464355867490935;-0.7200291983812476
800;1.7542518466535688;-0.7299893997057757
801;1.7646030333263787;-0.7457679365687139
802;1.7676090435306238;-0.7510828691355237
803;1.7709341557030196;-0.7573760719985275
804;1.7746141433524818;-0.7646808675788968
805;1.7786907314403861;-0.77300166611268
806;1.7837295289725332;-0.7834281377932
807;1.7887982728644425;-0.7939585786233597
808;1.7913916452018432;-0.7993301102301218
809;1.7995525046139795;-0.8159696017575494
810;1.805967243017977;-0.8288863377359713
811;1.8089533641080568;-0.8350522800793114
812;1.8147973235341737;-0.847966130486485
813;1.818685601044186;-0.8575824761810463
814;1.8202801252246534;-0.8618961114901673
815;1.8202801252246534;-0.8618961114901673
816;1.825044795434511;-0.8767559954542206
817;1.8274442208613053;-0.885893436732592
818;1.8306159863639644;-0.9028599571808673
819;1.8315224403187398;-0.9121116628811047
820;1.8316823174216321;-0.9225699411429441
821;1.8307344890114126;-0.9337360510411619
822;1.8293342483176318;-0.9415941119644691
823;1.8284544627722947;-0.9453715179894813
824;1.824062675874129;-0.9596907915646461
825;1.8206870705746443;-0.9683236050743421
826;1.8167945403906056;-0.9772698497167396
827;1.812189824372664;-0.9876997402528394
828;1.8105852129545006;-0.9914789114366068
829;1.8067177225455369;-1.001497485383026
830;1.8045027280567367;-1.00807230199765
831;1.8017931087632568;-1.0175330793556425
832;1.7981870549432564;-1.0331246458456542
833;1.7968901076000237;-1.039764059696346
834;1.7959362959841418;-1.0449874133019552
835;1.7939585430426468;-1.0565285982492396
836;1.792948620744688;-1.0627632608448865
837;1.7919424548378418;-1.0689335225750594
838;1.7909614601987958;-1.0751274795617507
839;1.7902484222059087;-1.0801277691580782
840;1.7884853086447732;-1.09413967062934
841;1.7874909455213215;-1.104082097375183
842;1.7869593947231988;-1.1100525059152695
843;1.7864739896082567;-1.1158423078365527
844;1.7859894561948497;-1.1214859668396904
845;1.7854927570481265;-1.127058780748371
846;1.7851147051364469;-1.1314495819197967
847;1.7847267362906618;-1.1357819337725006
848;1.7834918862423144;-1.1485271339306606
849;1.7824130252656512;-1.1582201555398712
850;1.7815856338675593;-1.1647873645402214
851;1.7809854206984075;-1.1692145144139074
852;1.7796480241729342;-1.178274591283817
853;1.7775051571075555;-1.1910269149427226
854;1.7760369682056674;-1.1992892117963314
855;1.7751535630468334;-1.2040068474081793
856;1.7726803436331138;-1.216698417231772
857;1.7722080992905875;-1.2189395632504179
858;1.770155225768328;-1.2288654329702102
859;1.7688939192486535;-1.2354515363851513
860;1.7675893729718195;-1.2432744763532178
861;1.766323616251589;-1.2525342173984715
862;1.7649519450010367;-1.2657872011142315
863;1.7639258944807212;-1.2799371222799885
864;1.7635576887772537;-1.2865645645873505
865;1.7630852318257404;-1.295025882346729
866;1.7623835246766413;-1.306650855862029
867;1.7621843488330176;-1.3110130880237771
868;1.7619372882906115;-1.317730172304613
869;1.7617236363831297;-1.3257540237041956
870;1.7616628563635277;-1.3303286966881958
871;1.7616552921232234;-1.3395548398547348
872;1.761770951390956;-1.3478000559355086
873;1.762020121111199;-1.3548830611546403
874;1.762230675941364;-1.3596545937490796
875;1.763171812765824;-1.3740353412331772
876;1.7637999862455012;-1.3812297468490884
877;1.7643045471876977;-1.3859151756436257
878;1.7655877002920144;-1.397272616784603
879;1.7665040902570324;-1.404118022486763
880;1.7703248970443952;-1.4246932496897844
881;1.7723033514318327;-1.4324283615553655
882;1.7742155118486302;-1.4388835540167075
883;1.7786987904782117;-1.4516100071542584
884;1.7811537378964237;-1.4577385208757665
885;1.784109416097887;-1.4647281551461928
886;1.7874909613988887;-1.472361434850098
887;1.7908860959118706;-1.4798787100014532
888;1.792882440151183;-1.484306485355743
889;1.7959691936110604;-1.4911605360141238
890;1.7997550964288316;-1.4994960009135696
891;1.8049353687752476;-1.5108772093384522
892;1.808105608660025;-1.517661938556413
893;1.8159975546335687;-1.5336506816268207
894;1.8222892123221806;-1.5455795414055777
895;1.8279365068904587;-1.5560012936623084
896;1.834353502709385;-1.5678886057874515
897;1.8359425967432552;-1.5708693267677059
898;1.8421331094733089;-1.5829403285898023
899;1.8466788683604518;-1.5922625511518955
900;1.8504380666884424;-1.6002135024807218
901;1.8555968393825182;-1.6113761633482953
902;1.8592901995949138;-1.6195075356749287
903;1.861499447754177;-1.6244354847327669
904;1.8710115343469407;-1.6464428076237916
905;1.8746499878169773;-1.6551548457984637
906;1.8782584434539062;-1.6639690676892824
907;1.882499672044103;-1.6746144539466894
908;1.884589585948342;-1.6799838878201614
909;1.8914531059274438;-1.6981404157853686
910;1.895455902917103;-1.7092493559187347
911;1.9011226909687287;-1.7256124268729256
912;1.9075960652495267;-1.7458686489190702
913;1.9130337853918977;-1.7649705972535699
914;1.915582661804698;-1.7746470418830105
915;1.920158602098491;-1.7939090480222042
916;1.9250987948071872;-1.8170194381596252
917;1.9269628911021546;-1.8268696774823412
918;1.9286362859043649;-1.836916230703672
919;1.931685619841795;-1.8595700871262524
920;1.9329201525045547;-1.8720170389171897
921;1.9343151711247937;-1.893026007461145
922;1.9346329546995067;-1.9035991845899347
923;1.933993788495148;-1.9294169386617328
924;1.9332948631329496;-1.9379246759910933
925;1.9312188283984886;-1.954376226664039
926;1.926630430311561;-1.9770353438866668
927;1.9228537674876307;-1.9906527724103158
928;1.9208505114677412;-1.99693500451022
929;1.9177712874258053;-2.005655653292708
930;1.9122737195892647;-2.019137703097393
931;1.9099425540421469;-2.0241960797308547
932;1.9069884207459762;-2.0302580481079238
933;1.902409244650294;-2.0393622652224037
934;1.901655722591855;-2.04077642978874
935;1.9001563847793745;-2.0435198096840717
936;1.8957946301885717;-2.05114729379083
937;1.8939069222969134;-2.05425984918351
938;1.8903406541067516;-2.0597215485323153
939;1.8851114573961676;-2.0669917046575095
940;1.878345931606818;-2.075306470501149
941;1.872947484531191;-2.081210547427958
942;1.8664576288868753;-2.087439602625306
943;1.860118478967868;-2.0928862781054622
944;1.8595094517583313;-2.093376027788198
945;1.8521369612011627;-2.0990382443901594
946;1.8501036734729985;-2.100509140391869
947;1.8451427599378192;-2.1038919045323943
948;1.8397142160159956;-2.1074517256532683
949;1.8366261437523763;-2.109414606115806
950;1.8323855611309612;-2.1119544733622497
951;1.8258357689617029;-2.1155580013106103
952;1.8215063511449647;-2.1177429371092744
953;1.8084935058007803;-2.123468436886769
954;1.803432932491059;-2.1254183024657003
955;1.7924034461393057;-2.1294576314723206
956;1.7871550387955812;-2.1313562370122634
957;1.7803959439186336;-2.133838505132193
958;1.7768424703133487;-2.1351788497865862
959;1.7693983494254424;-2.1381223337038273
960;1.7547683434795387;-2.1447355203001366
961;1.7475903420914911;-2.148467706202213
962;1.7385824471917097;-2.153659231204928
963;1.7237848887872431;-2.1632703618539013
964;1.7151659108961987;-2.1695599327881427
965;1.7009066141839932;-2.1811766601061797
966;1.6833146788075883;-2.197034011086956
967;1.6720404373762012;-2.207689884330513
968;1.659901078352827;-2.2191379253211747
969;1.6526361178949105;-2.2257540507054543
970;1.6387267283814497;-2.237512861587214
971;1.6306254176661874;-2.2439378910473753
972;1.6250188048216285;-2.248229480968885
973;1.612009438416494;-2.2579250651478566
974;1.5972232519097789;-2.2684429992035886
975;1.5882723534056382;-2.274536918150413
976;1.5747842425151533;-2.2836241135640822
977;1.5657719715304763;-2.2897444843563175
978;1.5536016533299113;-2.297922850211821
979;1.5427452568001043;-2.305052265716522
980;1.5229040919236199;-2.3176885261361067
981;1.5151910718672374;-2.322481642640663
982;1.5073954694926;-2.3272684504859433
983;1.5010731354298248;-2.3310882425199373
984;1.4806628994096798;-2.343075977325498
985;1.4758753509868485;-2.345803478494754
986;1.459395813072314;-2.354764263590415
987;1.4543036620661958;-2.3574062715170063
988;1.4369980001804095;-2.3660717592776352
989;1.4264316296939057;-2.371091461288287
990;1.4193447941053448;-2.374344278030161
991;1.40863742353643;-2.3790935022134847
992;1.3855387497209537;-2.388526753882494
993;1.3786879419421014;-2.3911606493708506
994;1.363453684760726;-2.3967694777847446
995;1.3396481048919593;-2.405648793397017
996;1.3191178459436927;-2.4145659835904354
997;1.3174266596342346;-2.415386950163778
998;1.3006118279641137;-2.4242921131053774
999;1.2886598318456228;-2.4317062850518387
1000;1.283607707255233;-2.4352015066207904
1001;1.2619644306556508;-2.453358437229839
1002;1.2540674510227106;-2.461847153457532
1003;1.249273005156631;-2.4677401230170766
1004;1.237923177885411;-2.4846752032997292
1005;1.233721442026419;-2.492431313303419
1006;1.22753004014557;-2.5057078580107954
1007;1.2251200626698537;-2.5112468724135244
1008;1.2171033851442388;-2.531586523781026
1009;1.212989744392401;-2.542506562527743
1010;1.2090503692722463;-2.5528502786353138
1011;1.2064620457962365;-2.559415930236004
1012;1.2051346095229958;-2.562661053257732
1013;1.200537942548005;-2.573469023500012
1014;1.1955055576750304;-2.584919382817007
1015;1.1882203540521077;-2.600982446900042
1016;1.1834960207266116;-2.611492573710017
1017;1.1805409307405852;-2.6183582599644724
1018;1.1776357231952899;-2.6255071456158845
1019;1.1722344533974591;-2.6408630697966577
1020;1.167621615090011;-2.65768666652655
1021;1.1657810097278294;-2.6665703455921075
1022;1.1643348528678956;-2.6756532530220745
1023;1.1630794278279786;-2.686679367143025
1024;1.1626281875608175;-2.692194496453938
1025;1.1620781987996942;-2.7086030407586414
1026;1.1625724343638837;-2.7275874878026616
1027;1.1631467733687224;-2.737235313199306
1028;1.1635857943285886;-2.74337839771468
1029;1.1644884523507117;-2.754998785953627
1030;1.165677583612033;-2.771163260023965
1031;1.1665181058527874;-2.7843200123522616
1032;1.1670690479696462;-2.7922344789040494
1033;1.167580849218626;-2.7987993662161843
1034;1.1687483905726876;-2.81319721045686
1035;1.1694074458081778;-2.8209504591431336
1036;1.1704602152075132;-2.8362419897038
1037;1.1706111422675678;-2.8400617741034324
1038;1.1707990067867202;-2.8543445507652487
1039;1.1707313052680002;-2.863542838249527
1040;1.1704596336363795;-2.8753862435270063
1041;1.1698636038139476;-2.887448955943215
1042;1.1695144011214342;-2.892851572979335
1043;1.1684519952282557;-2.9060616806793376
1044;1.1676945758731163;-2.9136216344700103
1045;1.1665002596656364;-2.9245811747429395
1046;1.1656314578749751;-2.931634721757075
1047;1.1642341678902643;-2.9419177033835004
1048;1.1632564448064253;-2.948547530239542
1049;1.1624438194081121;-2.9540496382608845
1050;1.1613927357044203;-2.960717125021945
1051;1.1606469273732802;-2.9651712101300842
1052;1.158469019699845;-2.9774636174536138
1053;1.1574081409692258;-2.9829382867784284
1054;1.1549883622236239;-2.9944363309753133
1055;1.1541176197019856;-2.9984784080121276
1056;1.1520084416378888;-3.0084070782706567
1057;1.1507785405064443;-3.0143036614997025
1058;1.1492230795595364;-3.022175011275776
1059;1.1482616893719233;-3.0271034061805087
1060;1.1471030522764365;-3.033015901965793
1061;1.1458149419497352;-3.039989763857927
1062;1.1445309320836774;-3.0482434038988275
1063;1.1438862594171286;-3.053653021963677
1064;1.1433469184781508;-3.0604635224566885
1065;1.1432319950059446;-3.0737083050419383
1066;1.1441658785904159;-3.0860322400406863
1067;1.1451241227995934;-3.0932586252432177
1068;1.1464372786560244;-3.101256049483125
1069;1.1483985351721708;-3.111572115395043
1070;1.1502093595850034;-3.120647883288974
1071;1.151148904759056;-3.1255451730253023
1072;1.1517285300673943;-3.128683960647185
1073;1.1522858417109836;-3.13177932996828
1074;1.153800685831367;-3.140519548949355
1075;1.154961761700321;-3.147594546108032
1076;1.156573480116741;-3.157575061898774
1077;1.1585997971176585;-3.1688696768814504
1078;1.1601436755121268;-3.176239140351079
1079;1.164088504532256;-3.19087179954841
1080;1.1671964676249205;-3.1992975600456495
1081;1.1709625019030727;-3.207808063500255
1082;1.1745866183358826;-3.214653440860226
1083;1.187991813306358;-3.232980078319523
1084;1.1943461801840978;-3.239475305154198
1085;1.2058891745356761;-3.2493866414455983
1086;1.2142907788337736;-3.2558515237910997
1087;1.2263648931828834;-3.264497680822778
1088;1.2346491448801822;-3.2702287418637708
1089;1.2437782133730892;-3.2766070534428398
1090;1.2570004475848071;-3.2861311102902526
1091;1.2648211434252987;-3.291900893211841
1092;1.2682298653960986;-3.2944107037036163
1093;1.2825674951093249;-3.3048764530730073
1094;1.301283116644023;-3.3183001567647525
1095;1.3069637892542338;-3.3222993347762224
1096;1.3216463555512639;-3.332480821516795
1097;1.3292972445311266;-3.337670684580612
1098;1.335555219422369;-3.3418600443215185
1099;1.3528445742909052;-3.353107491984296
1100;1.3607890059175813;-3.358125374607315
1101;1.36874244436554;-3.363123960202588
1102;1.384503269083197;-3.3732357993562414
1103;1.393862084777342;-3.3794862172310745
1104;1.4109076532769207;-3.3916477596326793
1105;1.4275674567090326;-3.4048888939464543
1106;1.4275674567090326;-3.4048888939464543
1107;1.437309157571714;-3.4135744901699354
1108;1.4502678243938698;-3.4266250161315996
1109;1.458431105807086;-3.4361010394067173
1110;1.461342979052849;-3.439810364464138
1111;1.4682770567050876;-3.449717180139042
1112;1.469461539149692;-3.4516153034770882
1113;1.472822567013924;-3.4575456933579027
1114;1.4733393736239508;-3.4585552172223215
1115;1.474359526160242;-3.4606599054585416
1116;1.4772403084663865;-3.467869670325596
1117;1.4777826736717266;-3.469470367623982
1118;1.4806135433072245;-3.479755813492632
1119;1.4808469145092729;-3.480815167305011
1120;1.4829040684370625;-3.4924180815881196
1121;1.4842678305330193;-3.5072182842378714
1122;1.4844804872611814;-3.5159189668315665
1123;1.4843030393905243;-3.5248784277397953
1124;1.4839914225078334;-3.530914668084193
1125;1.4821830779333591;-3.547956828730431
1126;1.481692740091039;-3.5511112527278663
1127;1.4789168980176417;-3.56514401323023
1128;1.4770119428591097;-3.5727595415928164
1129;1.4726268905756468;-3.587368189504186
1130;1.4673539172038648;-3.6028363612616188
1131;1.4644720451932822;-3.611280551738709
1132;1.463051287317025;-3.615542738249191
1133;1.4607185484381353;-3.6227435603474203
1134;1.4579102429630064;-3.6316125054275474
1135;1.4551302634397274;-3.640659055829678
1136;1.4532638933199746;-3.646791536183433
1137;1.4513586482180003;-3.6529750254494506
1138;1.4465246529596187;-3.668679578139246
1139;1.4410870025341747;-3.6866140855498486
1140;1.4381181975682007;-3.6966569656005275
1141;1.432628905062593;-3.715387316629611
1142;1.4316306510958916;-3.718832416601876
1143;1.4266626988476063;-3.7361308027316618
1144;1.4237762186282632;-3.7462225050117826
1145;1.4210461420899936;-3.7557958081950367
1146;1.419735523428525;-3.7603985940756157
1147;1.415912385160258;-3.773594680558087
1148;1.4108819733716031;-3.7900004653823354
1149;1.4070571308807567;-3.801627868250794
1150;1.4033205586806883;-3.81257218587972
1151;1.3993551198501994;-3.8239519090317122
1152;1.3974759027996897;-3.8294542369265456
1153;1.395687992943109;-3.83490314474339
1154;1.3905121862065632;-3.8515177670548097
1155;1.3879447384988826;-3.8600515731647733
1156;1.3841811197150666;-3.872797261152166
1157;1.382280842122939;-3.8793425516517788
1158;1.3799482605756448;-3.887455412139694
1159;1.37874251866372;-3.8917100201056707
1160;1.3763030976360207;-3.900598900106634
1161;1.3723378843332719;-3.9164938499808395
1162;1.3702792113060172;-3.9267203990886186
1163;1.3679001061830691;-3.940930257722221
1164;1.3669232513232457;-3.9482266782015305
1165;1.3659592950375399;-3.9575408296721233
1166;1.365083860792278;-3.9785667817843033
1167;1.3651901142576333;-3.9862653139549455
1168;1.3667596882914659;-4.007516631358228
1169;1.3681661540172918;-4.017087771196704
1170;1.369977184766694;-4.026431448905419
1171;1.3721560602436018;-4.035457054492488
1172;1.3751976567404232;-4.045737850857677
1173;1.3786808844409686;-4.055437426800034
1174;1.3786808844409686;-4.055437426800034
1175;1.3849702297688373;-4.070666201894171
1176;1.3919149860597666;-4.084826498920256
1177;1.4108606322626465;-4.116238977917192
1178;1.40122741323176;-4.0958359345201325
1179;1.3987151638096755;-4.088020690096956
1180;1.398601121886563;-4.0877330242251295
1181;1.3984389361934801;-4.0872983164367405
1182;1.3986566958687388;-4.087534718703173
1183;1.4208043072874108;-4.121408311341262
1184;1.4230103320469611;-4.121855015466377
1185;1.4196791001201734;-4.114782393995803
1186;1.4154338458785158;-4.105943067636119
1187;1.412689283353401;-4.098934567235432
