0,0,0,0.1,0.9,0.32642,0.99987,0.340858062903,0.3408580629032893,0:0:0
0,0,1,0.1,0.9,0.32642,0.99987,-1.76444173738,0.3408580629032893,0:0:0
0,0,2,0.1,0.9,0.32642,0.99987,1.14287703444,1.1428770344404404,0:0:0
0,0,3,0.1,0.9,0.32642,0.99987,1.68423984023,1.6842398402280176,0:0:1
0,0,4,0.1,0.9,0.32642,0.99987,-5.23317378928,1.6842398402280176,0:0:1
0,0,5,0.1,0.9,0.32642,0.99987,-4.45120529203,1.6842398402280176,0:0:1
0,0,6,0.1,0.9,0.32642,0.99987,-5.97504133795,1.6842398402280176,0:0:1
0,0,7,0.1,0.9,0.32642,0.99987,-4.81211382922,1.6842398402280176,0:0:1
0,0,8,0.1,0.9,0.32642,0.99987,-1.14287703444,1.6842398402280176,0:0:1
0,0,9,0.1,0.9,0.32642,0.99987,2.85723708151,2.8572370815094463,0:0:1
0,0,10,0.1,0.9,0.32642,0.99987,7.11866518493,7.118665184933446,0:0:1
0,0,11,0.1,0.9,0.32642,0.99987,1.59086929606,7.118665184933446,0:0:1
0,0,12,0.1,0.9,0.32642,0.99987,6.49553183019,7.118665184933446,0:0:1
0,0,13,0.1,0.9,0.32642,0.99987,6.75684581766,7.118665184933446,0:0:1
0,0,14,0.1,0.9,0.32642,0.99987,12.8072696815,12.807269681485295,0:0:1
0,0,15,0.1,0.9,0.32642,0.99987,19.1793107607,19.17931076066175,0:0:1
0,0,16,0.1,0.9,0.32642,0.99987,15.9430375312,19.17931076066175,0:0:2
0,0,17,0.1,0.9,0.32642,0.99987,23.2196270285,23.21962702853073,0:0:2
0,0,18,0.1,0.9,0.32642,0.99987,25.7121604475,25.71216044751458,0:0:2
0,0,19,0.1,0.9,0.32642,0.99987,33.5919968429,33.59199684286709,0:0:2
0,0,20,0.1,0.9,0.32642,0.99987,35.1759843117,35.17598431165296,0:0:2
0,0,21,0.1,0.9,0.32642,0.99987,39.8359843117,39.835984311652965,0:0:2
0,0,22,0.1,0.9,0.32642,0.99987,44.8759843117,44.875984311652964,0:0:2
0,0,23,0.1,0.9,0.32642,0.99987,45.3547759782,45.35477597821919,0:0:2
0,0,24,0.1,0.9,0.32642,0.99987,54.6513141707,54.651314170713334,0:0:2
0,0,25,0.1,0.9,0.32642,0.99987,62.9095785708,62.90957857079172,0:0:2
0,0,26,0.1,0.9,0.32642,0.99987,66.4516775183,66.45167751829523,0:0:2
0,0,27,0.1,0.9,0.32642,0.99987,75.3467237516,75.34672375163268,0:0:2
0,0,28,0.1,0.9,0.32642,0.99987,83.901788528,83.90178852798817,0:0:3
0,0,29,0.1,0.9,0.32642,0.99987,85.50553752,85.50553752001308,0:0:3
0,0,30,0.1,0.9,0.32642,0.99987,93.5830945141,93.58309451414914,0:0:3
0,0,31,0.1,0.9,0.32642,0.99987,98.2125501943,98.21255019429594,0:0:3
0,0,32,0.1,0.9,0.32642,0.99987,105.306279564,105.30627956434466,0:0:3
0,0,33,0.1,0.9,0.32642,0.99987,112.950215091,112.95021509051904,0:0:3
0,0,34,0.1,0.9,0.32642,0.99987,119.653672671,119.65367267062834,0:0:3
0,0,35,0.1,0.9,0.32642,0.99987,125.714610075,125.71461007454108,0:0:3
0,0,36,0.1,0.9,0.32642,0.99987,130.336629819,130.336629819002,0:0:3
0,0,37,0.1,0.9,0.32642,0.99987,137.884432211,137.88443221092135,0:0:3
0,0,38,0.1,0.9,0.32642,0.99987,142.250361117,142.25036111653455,0:0:3
0,0,39,0.1,0.9,0.32642,0.99987,147.838750116,147.83875011571945,0:0:3
0,0,40,0.1,0.9,0.32642,0.99987,156.587337248,156.58733724837077,0:0:3
0,0,41,0.1,0.9,0.32642,0.99987,164.948818756,164.94881875568353,0:0:4
0,0,42,0.1,0.9,0.32642,0.99987,170.572141747,170.57214174726553,0:0:4
0,0,43,0.1,0.9,0.32642,0.99987,178.275141711,178.27514171086898,0:0:4
0,0,44,0.1,0.9,0.32642,0.99987,187.5299622,187.52996220044898,0:0:4
0,0,45,0.1,0.9,0.32642,0.99987,192.575763462,192.5757634619137,0:0:4
0,0,46,0.1,0.9,0.32642,0.99987,195.035118732,195.0351187315861,0:0:4
0,0,47,0.1,0.9,0.32642,0.99987,197.18401449,197.1840144895265,0:0:4
0,0,48,0.1,0.9,0.32642,0.99987,203.89900669,203.89900668997572,0:0:4
0,0,49,0.1,0.9,0.32642,0.99987,212.583815887,212.58381588691668,0:0:4
0,0,50,0.1,0.9,0.32642,0.99987,218.528975177,218.5289751770497,0:0:4
0,0,51,0.1,0.9,0.32642,0.99987,221.936483002,221.93648300204256,0:0:4
0,0,52,0.1,0.9,0.32642,0.99987,225.091290862,225.0912908618659,0:0:5
0,0,53,0.1,0.9,0.32642,0.99987,230.424418434,230.42441843442438,0:0:5
0,0,54,0.1,0.9,0.32642,0.99987,235.369493685,235.36949368499324,0:0:5
0,0,55,0.1,0.9,0.32642,0.99987,244.618168765,244.6181687651309,0:0:5
0,0,56,0.1,0.9,0.32642,0.99987,246.985087732,246.98508773189803,0:0:5
0,0,57,0.1,0.9,0.32642,0.99987,249.165635126,249.16563512647878,0:0:5
0,0,58,0.1,0.9,0.32642,0.99987,251.284922573,251.28492257311137,0:0:5
0,0,59,0.1,0.9,0.32642,0.99987,253.218307612,253.2183076121446,0:0:5
0,0,60,0.1,0.9,0.32642,0.99987,259.615795243,259.6157952425284,0:0:5
0,0,61,0.1,0.9,0.32642,0.99987,265.957652546,265.9576525456915,0:0:5
0,0,62,0.1,0.9,0.32642,0.99987,272.043087198,272.04308719837104,0:0:5
0,0,63,0.1,0.9,0.32642,0.99987,280.179624882,280.17962488212925,0:0:5
0,0,64,0.1,0.9,0.32642,0.99987,279.035712555,280.17962488212925,0:0:5
0,0,65,0.1,0.9,0.32642,0.99987,282.448999338,282.44899933814344,0:0:6
0,0,66,0.1,0.9,0.32642,0.99987,281.252755392,282.44899933814344,0:0:6
0,0,67,0.1,0.9,0.32642,0.99987,284.547027182,284.5470271815681,0:0:6
0,0,68,0.1,0.9,0.32642,0.99987,287.759576402,287.7595764019581,0:0:6
0,0,69,0.1,0.9,0.32642,0.99987,290.91705335,290.9170533499985,0:0:6
0,0,70,0.1,0.9,0.32642,0.99987,289.485174269,290.9170533499985,0:0:6
0,0,71,0.1,0.9,0.32642,0.99987,287.998222915,290.9170533499985,0:0:6
0,0,72,0.1,0.9,0.32642,0.99987,295.560753408,295.5607534083258,0:0:6
0,0,73,0.1,0.9,0.32642,0.99987,303.050039054,303.0500390537904,0:0:6
0,0,74,0.1,0.9,0.32642,0.99987,305.899397136,305.8993971358547,0:0:6
0,0,75,0.1,0.9,0.32642,0.99987,304.18247624,305.8993971358547,0:0:6
0,0,76,0.1,0.9,0.32642,0.99987,304.637954641,305.8993971358547,0:0:6
0,0,77,0.1,0.9,0.32642,0.99987,311.925609046,311.92560904635616,0:0:6
0,0,78,0.1,0.9,0.32642,0.99987,314.597080011,314.59708001066844,0:0:6
0,0,79,0.1,0.9,0.32642,0.99987,314.924198904,314.9241989042577,0:0:7
0,0,80,0.1,0.9,0.32642,0.99987,321.957255116,321.9572551164268,0:0:7
0,0,81,0.1,0.9,0.32642,0.99987,328.900700742,328.9007007415415,0:0:7
0,0,82,0.1,0.9,0.32642,0.99987,331.377919623,331.3779196234184,0:0:7
0,0,83,0.1,0.9,0.32642,0.99987,329.388911762,331.3779196234184,0:0:7
0,0,84,0.1,0.9,0.32642,0.99987,327.459020065,331.3779196234184,0:0:7
0,0,85,0.1,0.9,0.32642,0.99987,325.480013702,331.3779196234184,0:0:7
0,0,86,0.1,0.9,0.32642,0.99987,330.193647039,331.3779196234184,0:0:7
0,0,87,0.1,0.9,0.32642,0.99987,328.111948488,331.3779196234184,0:0:7
0,0,88,0.1,0.9,0.32642,0.99987,330.516669229,331.3779196234184,0:0:7
0,0,89,0.1,0.9,0.32642,0.99987,328.26120605,331.3779196234184,0:0:7
0,0,90,0.1,0.9,0.32642,0.99987,330.480868226,331.3779196234184,0:0:7
0,0,91,0.1,0.9,0.32642,0.99987,337.121954252,337.121954252033,0:0:7
0,0,92,0.1,0.9,0.32642,0.99987,343.65563727,343.6556372698072,0:0:7
0,0,93,0.1,0.9,0.32642,0.99987,350.119306329,350.11930632850687,0:0:8
0,0,94,0.1,0.9,0.32642,0.99987,354.226057388,354.2260573879017,0:0:8
0,0,95,0.1,0.9,0.32642,0.99987,356.096158922,356.0961589215025,0:0:8
0,0,96,0.1,0.9,0.32642,0.99987,355.686517633,356.0961589215025,0:0:8
0,0,97,0.1,0.9,0.32642,0.99987,355.276876345,356.0961589215025,0:0:8
0,0,98,0.1,0.9,0.32642,0.99987,357.035676225,357.0356762250788,0:0:8
0,0,99,0.1,0.9,0.32642,0.99987,360.961886059,360.96188605865996,0:0:8
0,0,100,0.1,0.9,0.32642,0.99987,367.108802812,367.10880281168744,0:0:8
0,0,101,0.1,0.9,0.32642,0.99987,366.648058559,367.10880281168744,0:0:8
0,0,102,0.1,0.9,0.32642,0.99987,372.885826899,372.8858268986023,0:0:8
0,0,103,0.1,0.9,0.32642,0.99987,374.865575051,374.86557505121687,0:0:8
0,0,104,0.1,0.9,0.32642,0.99987,379.160921489,379.1609214894788,0:0:9
0,0,105,0.1,0.9,0.32642,0.99987,376.880675849,379.1609214894788,0:0:9
0,0,106,0.1,0.9,0.32642,0.99987,383.491620573,383.49162057332313,0:0:9
0,0,107,0.1,0.9,0.32642,0.99987,385.854285137,385.85428513671246,0:0:9
0,0,108,0.1,0.9,0.32642,0.99987,392.67780145,392.67780145038165,0:0:9
0,0,109,0.1,0.9,0.32642,0.99987,390.919057508,392.67780145038165,0:0:9
0,0,110,0.1,0.9,0.32642,0.99987,389.31860052,392.67780145038165,0:0:9
0,0,111,0.1,0.9,0.32642,0.99987,394.383783075,394.38378307464603,0:0:9
0,0,112,0.1,0.9,0.32642,0.99987,392.96278667,394.38378307464603,0:0:9
0,0,113,0.1,0.9,0.32642,0.99987,393.910117607,394.38378307464603,0:0:9
0,0,114,0.1,0.9,0.32642,0.99987,392.667688394,394.38378307464603,0:0:9
0,0,115,0.1,0.9,0.32642,0.99987,397.987385305,397.9873853054029,0:0:9
0,0,116,0.1,0.9,0.32642,0.99987,403.237086205,403.23708620523547,0:0:10
0,0,117,0.1,0.9,0.32642,0.99987,406.239337895,406.2393378952526,0:0:10
0,0,118,0.1,0.9,0.32642,0.99987,404.930216519,406.2393378952526,0:0:10
0,0,119,0.1,0.9,0.32642,0.99987,403.57215764,406.2393378952526,0:0:10
0,0,120,0.1,0.9,0.32642,0.99987,410.86737136,410.8673713604713,0:0:10
0,0,121,0.1,0.9,0.32642,0.99987,409.404846414,410.8673713604713,0:0:10
0,0,122,0.1,0.9,0.32642,0.99987,412.166228266,412.1662282662123,0:0:10
0,0,123,0.1,0.9,0.32642,0.99987,410.589793225,412.1662282662123,0:0:10
0,0,124,0.1,0.9,0.32642,0.99987,411.074850161,412.1662282662123,0:0:10
0,0,125,0.1,0.9,0.32642,0.99987,411.455966325,412.1662282662123,0:0:10
0,0,126,0.1,0.9,0.32642,0.99987,418.143269271,418.1432692714369,0:0:10
0,0,127,0.1,0.9,0.32642,0.99987,418.195108829,418.19510882916376,0:0:10
0,0,128,0.1,0.9,0.32642,0.99987,415.919910241,418.19510882916376,0:0:10
0,0,129,0.1,0.9,0.32642,0.99987,415.695837652,418.19510882916376,0:0:11
0,0,130,0.1,0.9,0.32642,0.99987,412.98973024,418.19510882916376,0:0:11
0,0,131,0.1,0.9,0.32642,0.99987,410.11850545,418.19510882916376,0:0:11
0,0,132,0.1,0.9,0.32642,0.99987,415.517095774,418.19510882916376,0:0:11
0,0,133,0.1,0.9,0.32642,0.99987,418.113233159,418.19510882916376,0:0:11
0,0,134,0.1,0.9,0.32642,0.99987,422.308316086,422.3083160860269,0:0:11
0,0,135,0.1,0.9,0.32642,0.99987,426.279890496,426.2798904962731,0:0:11
0,0,136,0.1,0.9,0.32642,0.99987,421.328317206,426.2798904962731,0:0:11
0,0,137,0.1,0.9,0.32642,0.99987,416.273586138,426.2798904962731,0:0:11
0,0,138,0.1,0.9,0.32642,0.99987,413.144466906,426.2798904962731,0:0:11
0,0,139,0.1,0.9,0.32642,0.99987,411.940959509,426.2798904962731,0:0:11
0,0,140,0.1,0.9,0.32642,0.99987,406.112545114,426.2798904962731,0:0:11
0,0,141,0.1,0.9,0.32642,0.99987,404.199309938,426.2798904962731,0:0:12
0,0,142,0.1,0.9,0.32642,0.99987,406.215963232,426.2798904962731,0:0:12
0,0,143,0.1,0.9,0.32642,0.99987,405.905708879,426.2798904962731,0:0:12
0,0,144,0.1,0.9,0.32642,0.99987,401.234657231,426.2798904962731,0:0:12
0,0,145,0.1,0.9,0.32642,0.99987,396.379018658,426.2798904962731,0:0:12
0,0,146,0.1,0.9,0.32642,0.99987,393.527842983,426.2798904962731,0:0:12
0,0,147,0.1,0.9,0.32642,0.99987,388.382774772,426.2798904962731,0:0:12
0,0,148,0.1,0.9,0.32642,0.99987,389.578093649,426.2798904962731,0:0:12
0,0,149,0.1,0.9,0.32642,0.99987,390.652148293,426.2798904962731,0:0:12
0,0,150,0.1,0.9,0.32642,0.99987,389.558015861,426.2798904962731,0:0:12
0,0,151,0.1,0.9,0.32642,0.99987,381.899088837,426.2798904962731,0:0:12
0,0,152,0.1,0.9,0.32642,0.99987,374.240161813,426.2798904962731,0:0:13
0,0,153,0.1,0.9,0.32642,0.99987,373.093927837,426.2798904962731,0:0:13
0,0,154,0.1,0.9,0.32642,0.99987,374.068944468,426.2798904962731,0:0:13
0,0,155,0.1,0.9,0.32642,0.99987,368.619297942,426.2798904962731,0:0:13
0,0,156,0.1,0.9,0.32642,0.99987,363.225717871,426.2798904962731,0:0:13
0,0,157,0.1,0.9,0.32642,0.99987,364.430109537,426.2798904962731,0:0:13
0,0,158,0.1,0.9,0.32642,0.99987,361.367784012,426.2798904962731,0:0:13
0,0,159,0.1,0.9,0.32642,0.99987,354.053200758,426.2798904962731,0:0:13
0,0,160,0.1,0.9,0.32642,0.99987,355.491740328,426.2798904962731,0:0:13
0,0,161,0.1,0.9,0.32642,0.99987,356.930279898,426.2798904962731,0:0:13
0,0,162,0.1,0.9,0.32642,0.99987,349.737017173,426.2798904962731,0:0:14
0,0,163,0.1,0.9,0.32642,0.99987,346.993376623,426.2798904962731,0:0:14
0,0,164,0.1,0.9,0.32642,0.99987,344.249736072,426.2798904962731,0:0:14
0,0,165,0.1,0.9,0.32642,0.99987,345.960023107,426.2798904962731,0:0:14
0,0,166,0.1,0.9,0.32642,0.99987,341.12890303,426.2798904962731,0:0:14
0,0,167,0.1,0.9,0.32642,0.99987,334.14670029,426.2798904962731,0:0:14
0,0,168,0.1,0.9,0.32642,0.99987,331.565957162,426.2798904962731,0:0:14
0,0,169,0.1,0.9,0.32642,0.99987,331.247783352,426.2798904962731,0:0:14
0,0,170,0.1,0.9,0.32642,0.99987,330.929609542,426.2798904962731,0:0:14
0,0,171,0.1,0.9,0.32642,0.99987,324.071608555,426.2798904962731,0:0:14
0,0,172,0.1,0.9,0.32642,0.99987,326.144957691,426.2798904962731,0:0:14
0,0,173,0.1,0.9,0.32642,0.99987,319.447305622,426.2798904962731,0:0:14
0,0,174,0.1,0.9,0.32642,0.99987,315.023657438,426.2798904962731,0:0:14
0,0,175,0.1,0.9,0.32642,0.99987,308.432599301,426.2798904962731,0:0:15
0,0,176,0.1,0.9,0.32642,0.99987,310.730152614,426.2798904962731,0:0:15
0,0,177,0.1,0.9,0.32642,0.99987,310.801394577,426.2798904962731,0:0:15
0,0,178,0.1,0.9,0.32642,0.99987,310.87263654,426.2798904962731,0:0:15
0,0,179,0.1,0.9,0.32642,0.99987,308.83711645,426.2798904962731,0:0:15
0,0,180,0.1,0.9,0.32642,0.99987,311.319022525,426.2798904962731,0:0:15
0,0,181,0.1,0.9,0.32642,0.99987,311.622564995,426.2798904962731,0:0:15
0,0,182,0.1,0.9,0.32642,0.99987,307.569380253,426.2798904962731,0:0:15
0,0,183,0.1,0.9,0.32642,0.99987,301.393707264,426.2798904962731,0:0:15
0,0,184,0.1,0.9,0.32642,0.99987,295.271735779,426.2798904962731,0:0:15
0,0,185,0.1,0.9,0.32642,0.99987,295.862452326,426.2798904962731,0:0:15
0,0,186,0.1,0.9,0.32642,0.99987,298.69073155,426.2798904962731,0:0:15
0,0,187,0.1,0.9,0.32642,0.99987,294.850356635,426.2798904962731,0:0:15
0,0,188,0.1,0.9,0.32642,0.99987,297.793447691,426.2798904962731,0:0:16
0,0,189,0.1,0.9,0.32642,0.99987,296.250119454,426.2798904962731,0:0:16
0,0,190,0.1,0.9,0.32642,0.99987,290.220371925,426.2798904962731,0:0:16
0,0,191,0.1,0.9,0.32642,0.99987,288.730880719,426.2798904962731,0:0:16
0,0,192,0.1,0.9,0.32642,0.99987,291.735372198,426.2798904962731,0:0:16
0,0,193,0.1,0.9,0.32642,0.99987,287.993251075,426.2798904962731,0:0:16
0,0,194,0.1,0.9,0.32642,0.99987,288.748871686,426.2798904962731,0:0:16
0,0,195,0.1,0.9,0.32642,0.99987,291.753363165,426.2798904962731,0:0:16
0,0,196,0.1,0.9,0.32642,0.99987,294.883791412,426.2798904962731,0:0:16
0,0,197,0.1,0.9,0.32642,0.99987,298.130338191,426.2798904962731,0:0:16
0,0,198,0.1,0.9,0.32642,0.99987,299.410920532,426.2798904962731,0:0:16
0,0,199,0.1,0.9,0.32642,0.99987,296.182410124,426.2798904962731,0:0:16
0,0,200,0.1,0.9,0.32642,0.99987,293.350699877,426.2798904962731,0:0:16
0,0,201,0.1,0.9,0.32642,0.99987,290.753462453,426.2798904962731,0:0:16
0,0,202,0.1,0.9,0.32642,0.99987,286.027933251,426.2798904962731,0:0:17
0,0,203,0.1,0.9,0.32642,0.99987,285.973824138,426.2798904962731,0:0:17
0,0,204,0.1,0.9,0.32642,0.99987,288.228370513,426.2798904962731,0:0:17
0,0,205,0.1,0.9,0.32642,0.99987,286.027933251,426.2798904962731,0:0:17
0,0,206,0.1,0.9,0.32642,0.99987,290.717389711,426.2798904962731,0:0:17
0,0,207,0.1,0.9,0.32642,0.99987,295.460955284,426.2798904962731,0:0:17
0,0,208,0.1,0.9,0.32642,0.99987,291.294553583,426.2798904962731,0:0:17
0,0,209,0.1,0.9,0.32642,0.99987,293.963936491,426.2798904962731,0:0:17
0,0,210,0.1,0.9,0.32642,0.99987,298.941974886,426.2798904962731,0:0:17
0,0,211,0.1,0.9,0.32642,0.99987,295.190409719,426.2798904962731,0:0:17
0,0,212,0.1,0.9,0.32642,0.99987,291.60117189,426.2798904962731,0:0:17
0,0,213,0.1,0.9,0.32642,0.99987,290.320589549,426.2798904962731,0:0:18
0,0,214,0.1,0.9,0.32642,0.99987,291.366699067,426.2798904962731,0:0:18
0,0,215,0.1,0.9,0.32642,0.99987,287.912433415,426.2798904962731,0:0:18
0,0,216,0.1,0.9,0.32642,0.99987,286.581101862,426.2798904962731,0:0:18
0,0,217,0.1,0.9,0.32642,0.99987,285.087851606,426.2798904962731,0:0:18
0,0,218,0.1,0.9,0.32642,0.99987,289.99938558,426.2798904962731,0:0:18
0,0,219,0.1,0.9,0.32642,0.99987,290.23326815,426.2798904962731,0:0:18
0,0,220,0.1,0.9,0.32642,0.99987,285.627580614,426.2798904962731,0:0:18
0,0,221,0.1,0.9,0.32642,0.99987,287.300740539,426.2798904962731,0:0:18
0,0,222,0.1,0.9,0.32642,0.99987,281.83148659,426.2798904962731,0:0:18
0,0,223,0.1,0.9,0.32642,0.99987,282.820989772,426.2798904962731,0:0:18
0,0,224,0.1,0.9,0.32642,0.99987,278.970922848,426.2798904962731,0:0:19
0,0,225,0.1,0.9,0.32642,0.99987,274.67108175,426.2798904962731,0:0:19
0,0,226,0.1,0.9,0.32642,0.99987,269.837334322,426.2798904962731,0:0:19
0,0,227,0.1,0.9,0.32642,0.99987,262.460458583,426.2798904962731,0:0:19
0,0,228,0.1,0.9,0.32642,0.99987,256.873154682,426.2798904962731,0:0:19
0,0,229,0.1,0.9,0.32642,0.99987,257.777249164,426.2798904962731,0:0:19
0,0,230,0.1,0.9,0.32642,0.99987,253.336005987,426.2798904962731,0:0:19
0,0,231,0.1,0.9,0.32642,0.99987,253.317878463,426.2798904962731,0:0:19
0,0,232,0.1,0.9,0.32642,0.99987,246.193955892,426.2798904962731,0:0:19
0,0,233,0.1,0.9,0.32642,0.99987,243.504311656,426.2798904962731,0:0:19
0,0,234,0.1,0.9,0.32642,0.99987,234.941317729,426.2798904962731,0:0:20
0,0,235,0.1,0.9,0.32642,0.99987,234.230771424,426.2798904962731,0:0:20
0,0,236,0.1,0.9,0.32642,0.99987,231.169956574,426.2798904962731,0:0:20
0,0,237,0.1,0.9,0.32642,0.99987,223.425547428,426.2798904962731,0:0:20
0,0,238,0.1,0.9,0.32642,0.99987,217.909482423,426.2798904962731,0:0:20
0,0,239,0.1,0.9,0.32642,0.99987,216.904901048,426.2798904962731,0:0:20
0,0,240,0.1,0.9,0.32642,0.99987,215.824539549,426.2798904962731,0:0:20
0,0,241,0.1,0.9,0.32642,0.99987,207.655485817,426.2798904962731,0:0:20
0,0,242,0.1,0.9,0.32642,0.99987,199.486432085,426.2798904962731,0:0:20
0,0,243,0.1,0.9,0.32642,0.99987,191.443992019,426.2798904962731,0:0:20
0,0,244,0.1,0.9,0.32642,0.99987,190.189378498,426.2798904962731,0:0:20
0,0,245,0.1,0.9,0.32642,0.99987,188.824063785,426.2798904962731,0:0:20
0,0,246,0.1,0.9,0.32642,0.99987,180.33405009,426.2798904962731,0:0:21
0,0,247,0.1,0.9,0.32642,0.99987,178.720770601,426.2798904962731,0:0:21
0,0,248,0.1,0.9,0.32642,0.99987,170.001947684,426.2798904962731,0:0:21
0,0,249,0.1,0.9,0.32642,0.99987,161.093386534,426.2798904962731,0:0:21
0,0,250,0.1,0.9,0.32642,0.99987,151.998453811,426.2798904962731,0:0:21
0,0,251,0.1,0.9,0.32642,0.99987,144.935829204,426.2798904962731,0:0:21
0,0,252,0.1,0.9,0.32642,0.99987,137.55567902,426.2798904962731,0:0:21
0,0,253,0.1,0.9,0.32642,0.99987,128.955071878,426.2798904962731,0:0:21
0,0,254,0.1,0.9,0.32642,0.99987,125.641694104,426.2798904962731,0:0:21
0,0,255,0.1,0.9,0.32642,0.99987,117.167482925,426.2798904962731,0:0:21
0,0,256,0.1,0.9,0.32642,0.99987,110.923502457,426.2798904962731,0:0:21
0,0,257,0.1,0.9,0.32642,0.99987,102.121930759,426.2798904962731,0:0:21
0,0,258,0.1,0.9,0.32642,0.99987,96.8162500822,426.2798904962731,0:0:22
0,0,259,0.1,0.9,0.32642,0.99987,89.190522658,426.2798904962731,0:0:22
0,0,260,0.1,0.9,0.32642,0.99987,82.4966172881,426.2798904962731,0:0:22
0,0,261,0.1,0.9,0.32642,0.99987,75.042292401,426.2798904962731,0:0:22
0,0,262,0.1,0.9,0.32642,0.99987,68.0264572131,426.2798904962731,0:0:22
0,0,263,0.1,0.9,0.32642,0.99987,63.3246878558,426.2798904962731,0:0:22
0,0,264,0.1,0.9,0.32642,0.99987,56.176469402,426.2798904962731,0:0:22
0,0,265,0.1,0.9,0.32642,0.99987,46.6964791532,426.2798904962731,0:0:22
0,0,266,0.1,0.9,0.32642,0.99987,39.2619649711,426.2798904962731,0:0:22
0,0,267,0.1,0.9,0.32642,0.99987,31.7510597697,426.2798904962731,0:0:22
0,0,268,0.1,0.9,0.32642,0.99987,22.5305111848,426.2798904962731,0:0:22
0,0,269,0.1,0.9,0.32642,0.99987,18.1011814312,426.2798904962731,0:0:22
0,0,270,0.1,0.9,0.32642,0.99987,10.417171733,426.2798904962731,0:0:22
0,0,271,0.1,0.9,0.32642,0.99987,5.01704825957,426.2798904962731,0:0:23
0,0,272,0.1,0.9,0.32642,0.99987,-4.09928921715,426.2798904962731,0:0:23
0,0,273,0.1,0.9,0.32642,0.99987,-9.46834452687,426.2798904962731,0:0:23
0,0,274,0.1,0.9,0.32642,0.99987,-18.7708905948,426.2798904962731,0:0:23
0,0,275,0.1,0.9,0.32642,0.99987,-25.9432208443,426.2798904962731,0:0:23
0,0,276,0.1,0.9,0.32642,0.99987,-33.468548801,426.2798904962731,0:0:23
0,0,277,0.1,0.9,0.32642,0.99987,-40.9938767577,426.2798904962731,0:0:23
0,0,278,0.1,0.9,0.32642,0.99987,-48.417529255,426.2798904962731,0:0:23
0,0,279,0.1,0.9,0.32642,0.99987,-58.2279493737,426.2798904962731,0:0:23
0,0,280,0.1,0.9,0.32642,0.99987,-62.7908936165,426.2798904962731,0:0:23
0,0,281,0.1,0.9,0.32642,0.99987,-71.1547959894,426.2798904962731,0:0:24
0,0,282,0.1,0.9,0.32642,0.99987,-75.3675548749,426.2798904962731,0:0:24
0,0,283,0.1,0.9,0.32642,0.99987,-84.0392135739,426.2798904962731,0:0:24
0,0,284,0.1,0.9,0.32642,0.99987,-92.8979092544,426.2798904962731,0:0:24
0,0,285,0.1,0.9,0.32642,0.99987,-96.7743963727,426.2798904962731,0:0:24
0,0,286,0.1,0.9,0.32642,0.99987,-100.598979808,426.2798904962731,0:0:24
0,0,287,0.1,0.9,0.32642,0.99987,-107.133671649,426.2798904962731,0:0:24
0,0,288,0.1,0.9,0.32642,0.99987,-116.044274877,426.2798904962731,0:0:24
0,0,289,0.1,0.9,0.32642,0.99987,-125.378292917,426.2798904962731,0:0:24
0,0,290,0.1,0.9,0.32642,0.99987,-134.588999593,426.2798904962731,0:0:24
0,0,291,0.1,0.9,0.32642,0.99987,-141.130591919,426.2798904962731,0:0:24
0,0,292,0.1,0.9,0.32642,0.99987,-147.477821927,426.2798904962731,0:0:24
0,0,293,0.1,0.9,0.32642,0.99987,-154.87442778,426.2798904962731,0:0:25
0,0,294,0.1,0.9,0.32642,0.99987,-165.285555742,426.2798904962731,0:0:25
0,0,295,0.1,0.9,0.32642,0.99987,-175.722958419,426.2798904962731,0:0:25
0,0,296,0.1,0.9,0.32642,0.99987,-185.870574071,426.2798904962731,0:0:25
0,0,297,0.1,0.9,0.32642,0.99987,-195.915024402,426.2798904962731,0:0:25
0,0,298,0.1,0.9,0.32642,0.99987,-203.12642464,426.2798904962731,0:0:25
0,0,299,0.1,0.9,0.32642,0.99987,-207.548473049,426.2798904962731,0:0:25
0,0,300,0.1,0.9,0.32642,0.99987,-211.700551157,426.2798904962731,0:0:25
0,0,301,0.1,0.9,0.32642,0.99987,-218.57310582,426.2798904962731,0:0:25
0,0,302,0.1,0.9,0.32642,0.99987,-224.783127405,426.2798904962731,0:0:25
0,0,303,0.1,0.9,0.32642,0.99987,-234.980636533,426.2798904962731,0:0:25
0,0,304,0.1,0.9,0.32642,0.99987,-245.580076523,426.2798904962731,0:0:26
0,0,305,0.1,0.9,0.32642,0.99987,-253.900997992,426.2798904962731,0:0:26
0,0,306,0.1,0.9,0.32642,0.99987,-264.906170944,426.2798904962731,0:0:26
0,0,307,0.1,0.9,0.32642,0.99987,-273.160050658,426.2798904962731,0:0:26
0,0,308,0.1,0.9,0.32642,0.99987,-284.126799844,426.2798904962731,0:0:26
0,0,309,0.1,0.9,0.32642,0.99987,-295.187590717,426.2798904962731,0:0:26
0,0,310,0.1,0.9,0.32642,0.99987,-303.792425914,426.2798904962731,0:0:26
0,0,311,0.1,0.9,0.32642,0.99987,-312.530325573,426.2798904962731,0:0:26
0,0,312,0.1,0.9,0.32642,0.99987,-322.894938633,426.2798904962731,0:0:26
0,0,313,0.1,0.9,0.32642,0.99987,-333.129288818,426.2798904962731,0:0:26
0,0,314,0.1,0.9,0.32642,0.99987,-343.056022563,426.2798904962731,0:0:26
0,0,315,0.1,0.9,0.32642,0.99987,-353.165416019,426.2798904962731,0:0:27
0,0,316,0.1,0.9,0.32642,0.99987,-362.352291338,426.2798904962731,0:0:27
0,0,317,0.1,0.9,0.32642,0.99987,-367.796991445,426.2798904962731,0:0:27
0,0,318,0.1,0.9,0.32642,0.99987,-376.281649111,426.2798904962731,0:0:27
0,0,319,0.1,0.9,0.32642,0.99987,-387.425966101,426.2798904962731,0:0:27
0,0,320,0.1,0.9,0.32642,0.99987,-398.123718425,426.2798904962731,0:0:27
0,0,321,0.1,0.9,0.32642,0.99987,-402.821525756,426.2798904962731,0:0:27
0,0,322,0.1,0.9,0.32642,0.99987,-407.163605538,426.2798904962731,0:0:27
0,0,323,0.1,0.9,0.32642,0.99987,-417.435853825,426.2798904962731,0:0:27
0,0,324,0.1,0.9,0.32642,0.99987,-428.242007937,426.2798904962731,0:0:27
0,0,325,0.1,0.9,0.32642,0.99987,-437.385473525,426.2798904962731,0:0:27
0,0,326,0.1,0.9,0.32642,0.99987,-443.504256025,426.2798904962731,0:0:28
0,0,327,0.1,0.9,0.32642,0.99987,-451.996102461,426.2798904962731,0:0:28
0,0,328,0.1,0.9,0.32642,0.99987,-460.579352035,426.2798904962731,0:0:28
0,0,329,0.1,0.9,0.32642,0.99987,-466.58876016,426.2798904962731,0:0:28
0,0,330,0.1,0.9,0.32642,0.99987,-475.521032159,426.2798904962731,0:0:28
0,0,331,0.1,0.9,0.32642,0.99987,-481.460291551,426.2798904962731,0:0:28
0,0,332,0.1,0.9,0.32642,0.99987,-493.210833301,426.2798904962731,0:0:28
0,0,333,0.1,0.9,0.32642,0.99987,-504.961375051,426.2798904962731,0:0:28
0,0,334,0.1,0.9,0.32642,0.99987,-511.016396187,426.2798904962731,0:0:28
0,0,335,0.1,0.9,0.32642,0.99987,-517.228417586,426.2798904962731,0:0:28
0,0,336,0.1,0.9,0.32642,0.99987,-528.689277675,426.2798904962731,0:0:28
0,0,337,0.1,0.9,0.32642,0.99987,-535.003911044,426.2798904962731,0:0:28
0,0,338,0.1,0.9,0.32642,0.99987,-546.451294602,426.2798904962731,0:0:29
0,0,339,0.1,0.9,0.32642,0.99987,-555.947254782,426.2798904962731,0:0:29
0,0,340,0.1,0.9,0.32642,0.99987,-564.345691927,426.2798904962731,0:0:29
0,0,341,0.1,0.9,0.32642,0.99987,-575.640166419,426.2798904962731,0:0:29
0,0,342,0.1,0.9,0.32642,0.99987,-579.40499125,426.2798904962731,0:0:29
0,0,343,0.1,0.9,0.32642,0.99987,-583.502155289,426.2798904962731,0:0:29
0,0,344,0.1,0.9,0.32642,0.99987,-590.774853744,426.2798904962731,0:0:29
0,0,345,0.1,0.9,0.32642,0.99987,-595.207619985,426.2798904962731,0:0:29
0,0,346,0.1,0.9,0.32642,0.99987,-602.905615552,426.2798904962731,0:0:29
0,0,347,0.1,0.9,0.32642,0.99987,-607.422420522,426.2798904962731,0:0:29
0,0,348,0.1,0.9,0.32642,0.99987,-618.063708412,426.2798904962731,0:0:29
0,0,349,0.1,0.9,0.32642,0.99987,-628.80525653,426.2798904962731,0:0:29
0,0,350,0.1,0.9,0.32642,0.99987,-639.50032334,426.2798904962731,0:0:29
0,0,351,0.1,0.9,0.32642,0.99987,-647.148396895,426.2798904962731,0:0:30
0,0,352,0.1,0.9,0.32642,0.99987,-658.245952178,426.2798904962731,0:0:30
0,0,353,0.1,0.9,0.32642,0.99987,-669.445850127,426.2798904962731,0:0:30
0,0,354,0.1,0.9,0.32642,0.99987,-680.748536628,426.2798904962731,0:0:30
0,0,355,0.1,0.9,0.32642,0.99987,-684.982175998,426.2798904962731,0:0:30
0,0,356,0.1,0.9,0.32642,0.99987,-692.347326236,426.2798904962731,0:0:30
0,0,357,0.1,0.9,0.32642,0.99987,-699.580886293,426.2798904962731,0:0:30
0,0,358,0.1,0.9,0.32642,0.99987,-706.581773918,426.2798904962731,0:0:30
0,0,359,0.1,0.9,0.32642,0.99987,-715.537350579,426.2798904962731,0:0:30
0,0,360,0.1,0.9,0.32642,0.99987,-724.919042174,426.2798904962731,0:0:30
0,0,361,0.1,0.9,0.32642,0.99987,-730.850253239,426.2798904962731,0:0:30
0,0,362,0.1,0.9,0.32642,0.99987,-742.768023759,426.2798904962731,0:0:31
0,0,363,0.1,0.9,0.32642,0.99987,-744.98436222,426.2798904962731,0:0:31
0,0,364,0.1,0.9,0.32642,0.99987,-755.734877517,426.2798904962731,0:0:31
0,0,365,0.1,0.9,0.32642,0.99987,-763.933039923,426.2798904962731,0:0:31
0,0,366,0.1,0.9,0.32642,0.99987,-775.070736865,426.2798904962731,0:0:31
0,0,367,0.1,0.9,0.32642,0.99987,-786.210873656,426.2798904962731,0:0:31
0,0,368,0.1,0.9,0.32642,0.99987,-794.162462726,426.2798904962731,0:0:31
0,0,369,0.1,0.9,0.32642,0.99987,-798.89738955,426.2798904962731,0:0:31
0,0,370,0.1,0.9,0.32642,0.99987,-803.709516269,426.2798904962731,0:0:31
0,0,371,0.1,0.9,0.32642,0.99987,-808.533787421,426.2798904962731,0:0:31
0,0,372,0.1,0.9,0.32642,0.99987,-819.807618937,426.2798904962731,0:0:31
0,0,373,0.1,0.9,0.32642,0.99987,-827.89734855,426.2798904962731,0:0:31
0,0,374,0.1,0.9,0.32642,0.99987,-839.305941595,426.2798904962731,0:0:31
0,0,375,0.1,0.9,0.32642,0.99987,-850.821308841,426.2798904962731,0:0:31
0,0,376,0.1,0.9,0.32642,0.99987,-853.010320161,426.2798904962731,0:0:32
0,0,377,0.1,0.9,0.32642,0.99987,-865.158643112,426.2798904962731,0:0:32
0,0,378,0.1,0.9,0.32642,0.99987,-874.247044621,426.2798904962731,0:0:32
0,0,379,0.1,0.9,0.32642,0.99987,-884.671255577,426.2798904962731,0:0:32
0,0,380,0.1,0.9,0.32642,0.99987,-897.411938308,426.2798904962731,0:0:32
0,0,381,0.1,0.9,0.32642,0.99987,-907.624929538,426.2798904962731,0:0:32
0,0,382,0.1,0.9,0.32642,0.99987,-917.49168223,426.2798904962731,0:0:32
0,0,383,0.1,0.9,0.32642,0.99987,-930.521010843,426.2798904962731,0:0:32
0,0,384,0.1,0.9,0.32642,0.99987,-941.317850001,426.2798904962731,0:0:32
0,0,385,0.1,0.9,0.32642,0.99987,-952.518433051,426.2798904962731,0:0:32
0,0,386,0.1,0.9,0.32642,0.99987,-957.176924829,426.2798904962731,0:0:32
0,0,387,0.1,0.9,0.32642,0.99987,-965.201378874,426.2798904962731,0:0:32
0,0,388,0.1,0.9,0.32642,0.99987,-973.537024741,426.2798904962731,0:0:33
0,0,389,0.1,0.9,0.32642,0.99987,-978.583592839,426.2798904962731,0:0:33
0,0,390,0.1,0.9,0.32642,0.99987,-983.573857653,426.2798904962731,0:0:33
0,0,391,0.1,0.9,0.32642,0.99987,-995.002584866,426.2798904962731,0:0:33
0,0,392,0.1,0.9,0.32642,0.99987,-1004.42691707,426.2798904962731,0:0:33
0,0,393,0.1,0.9,0.32642,0.99987,-1008.40348374,426.2798904962731,0:0:33
0,0,394,0.1,0.9,0.32642,0.99987,-1015.68457003,426.2798904962731,0:0:33
0,0,395,0.1,0.9,0.32642,0.99987,-1029.45085518,426.2798904962731,0:0:33
0,0,396,0.1,0.9,0.32642,0.99987,-1036.08983503,426.2798904962731,0:0:33
0,0,397,0.1,0.9,0.32642,0.99987,-1047.47238947,426.2798904962731,0:0:33
0,0,398,0.1,0.9,0.32642,0.99987,-1050.10775922,426.2798904962731,0:0:33
0,0,399,0.1,0.9,0.32642,0.99987,-1052.39013963,426.2798904962731,0:0:33
0,0,400,0.1,0.9,0.32642,0.99987,-1057.94084777,426.2798904962731,0:0:34
0,0,401,0.1,0.9,0.32642,0.99987,-1066.8616287,426.2798904962731,0:0:34
0,0,402,0.1,0.9,0.32642,0.99987,-1075.52100903,426.2798904962731,0:0:34
0,0,403,0.1,0.9,0.32642,0.99987,-1076.74800953,426.2798904962731,0:0:34
0,0,404,0.1,0.9,0.32642,0.99987,-1084.75794413,426.2798904962731,0:0:34
0,0,405,0.1,0.9,0.32642,0.99987,-1092.50130247,426.2798904962731,0:0:34
0,0,406,0.1,0.9,0.32642,0.99987,-1096.50784449,426.2798904962731,0:0:34
0,0,407,0.1,0.9,0.32642,0.99987,-1110.72506371,426.2798904962731,0:0:34
0,0,408,0.1,0.9,0.32642,0.99987,-1121.61767627,426.2798904962731,0:0:34
0,0,409,0.1,0.9,0.32642,0.99987,-1125.18994381,426.2798904962731,0:0:34
0,0,410,0.1,0.9,0.32642,0.99987,-1139.60242387,426.2798904962731,0:0:34
0,0,411,0.1,0.9,0.32642,0.99987,-1143.10517612,426.2798904962731,0:0:34
0,0,412,0.1,0.9,0.32642,0.99987,-1146.42027074,426.2798904962731,0:0:35
0,0,413,0.1,0.9,0.32642,0.99987,-1160.41998241,426.2798904962731,0:0:35
0,0,414,0.1,0.9,0.32642,0.99987,-1163.39050947,426.2798904962731,0:0:35
0,0,415,0.1,0.9,0.32642,0.99987,-1169.86410502,426.2798904962731,0:0:35
0,0,416,0.1,0.9,0.32642,0.99987,-1179.85531642,426.2798904962731,0:0:35
0,0,417,0.1,0.9,0.32642,0.99987,-1178.57782141,426.2798904962731,0:0:35
0,0,418,0.1,0.9,0.32642,0.99987,-1192.0700476,426.2798904962731,0:0:35
0,0,419,0.1,0.9,0.32642,0.99987,-1194.30385988,426.2798904962731,0:0:35
0,0,420,0.1,0.9,0.32642,0.99987,-1192.71732148,426.2798904962731,0:0:35
0,0,421,0.1,0.9,0.32642,0.99987,-1194.78281487,426.2798904962731,0:0:35
0,0,422,0.1,0.9,0.32642,0.99987,-1204.26604867,426.2798904962731,0:0:35
0,0,423,0.1,0.9,0.32642,0.99987,-1217.32335999,426.2798904962731,0:0:35
0,0,424,0.1,0.9,0.32642,0.99987,-1222.78266374,426.2798904962731,0:0:36
0,0,425,0.1,0.9,0.32642,0.99987,-1228.16503116,426.2798904962731,0:0:36
0,0,426,0.1,0.9,0.32642,0.99987,-1237.35027355,426.2798904962731,0:0:36
0,0,427,0.1,0.9,0.32642,0.99987,-1235.1676417,426.2798904962731,0:0:36
0,0,428,0.1,0.9,0.32642,0.99987,-1233.07067401,426.2798904962731,0:0:36
0,0,429,0.1,0.9,0.32642,0.99987,-1234.77256083,426.2798904962731,0:0:36
0,0,430,0.1,0.9,0.32642,0.99987,-1236.29593752,426.2798904962731,0:0:36
0,0,431,0.1,0.9,0.32642,0.99987,-1249.03136666,426.2798904962731,0:0:36
0,0,432,0.1,0.9,0.32642,0.99987,-1253.97956355,426.2798904962731,0:0:36
0,0,433,0.1,0.9,0.32642,0.99987,-1251.20002085,426.2798904962731,0:0:36
0,0,434,0.1,0.9,0.32642,0.99987,-1263.60105748,426.2798904962731,0:0:36
0,0,435,0.1,0.9,0.32642,0.99987,-1275.81904021,426.2798904962731,0:0:36
0,0,436,0.1,0.9,0.32642,0.99987,-1276.55395646,426.2798904962731,0:0:36
0,0,437,0.1,0.9,0.32642,0.99987,-1284.94425037,426.2798904962731,0:0:37
0,0,438,0.1,0.9,0.32642,0.99987,-1285.4968286,426.2798904962731,0:0:37
0,0,439,0.1,0.9,0.32642,0.99987,-1286.04940683,426.2798904962731,0:0:37
0,0,440,0.1,0.9,0.32642,0.99987,-1290.25514113,426.2798904962731,0:0:37
0,0,441,0.1,0.9,0.32642,0.99987,-1298.10308884,426.2798904962731,0:0:37
0,0,442,0.1,0.9,0.32642,0.99987,-1305.95103655,426.2798904962731,0:0:37
0,0,443,0.1,0.9,0.32642,0.99987,-1306.10491788,426.2798904962731,0:0:37
0,0,444,0.1,0.9,0.32642,0.99987,-1306.35174937,426.2798904962731,0:0:37
0,0,445,0.1,0.9,0.32642,0.99987,-1314.21950305,426.2798904962731,0:0:37
0,0,446,0.1,0.9,0.32642,0.99987,-1310.51703073,426.2798904962731,0:0:37
0,0,447,0.1,0.9,0.32642,0.99987,-1318.29222261,426.2798904962731,0:0:37
0,0,448,0.1,0.9,0.32642,0.99987,-1318.35408621,426.2798904962731,0:0:38
0,0,449,0.1,0.9,0.32642,0.99987,-1318.32315441,426.2798904962731,0:0:38
0,0,450,0.1,0.9,0.32642,0.99987,-1317.89010918,426.2798904962731,0:0:38
0,0,451,0.1,0.9,0.32642,0.99987,-1316.95981321,426.2798904962731,0:0:38
0,0,452,0.1,0.9,0.32642,0.99987,-1315.44032979,426.2798904962731,0:0:38
0,0,453,0.1,0.9,0.32642,0.99987,-1325.27045719,426.2798904962731,0:0:38
0,0,454,0.1,0.9,0.32642,0.99987,-1319.19252353,426.2798904962731,0:0:38
0,0,455,0.1,0.9,0.32642,0.99987,-1319.28555313,426.2798904962731,0:0:38
0,0,456,0.1,0.9,0.32642,0.99987,-1322.85168767,426.2798904962731,0:0:38
0,0,457,0.1,0.9,0.32642,0.99987,-1318.47929662,426.2798904962731,0:0:38
0,0,458,0.1,0.9,0.32642,0.99987,-1324.83631907,426.2798904962731,0:0:38
0,0,459,0.1,0.9,0.32642,0.99987,-1319.28555313,426.2798904962731,0:0:39
0,0,460,0.1,0.9,0.32642,0.99987,-1313.42468853,426.2798904962731,0:0:39
0,0,461,0.1,0.9,0.32642,0.99987,-1319.09949393,426.2798904962731,0:0:39
0,0,462,0.1,0.9,0.32642,0.99987,-1312.64944189,426.2798904962731,0:0:39
0,0,463,0.1,0.9,0.32642,0.99987,-1302.03983362,426.2798904962731,0:0:39
0,0,464,0.1,0.9,0.32642,0.99987,-1298.57547173,426.2798904962731,0:0:39
0,0,465,0.1,0.9,0.32642,0.99987,-1290.87345289,426.2798904962731,0:0:39
0,0,466,0.1,0.9,0.32642,0.99987,-1279.02554146,426.2798904962731,0:0:39
0,0,467,0.1,0.9,0.32642,0.99987,-1270.35558543,426.2798904962731,0:0:39
0,0,468,0.1,0.9,0.32642,0.99987,-1272.75613414,426.2798904962731,0:0:39
0,0,469,0.1,0.9,0.32642,0.99987,-1267.15485382,426.2798904962731,0:0:39
0,0,470,0.1,0.9,0.32642,0.99987,-1257.05495173,426.2798904962731,0:0:39
0,0,471,0.1,0.9,0.32642,0.99987,-1254.14590822,426.2798904962731,0:0:39
0,0,472,0.1,0.9,0.32642,0.99987,-1243.30589347,426.2798904962731,0:0:40
0,0,473,0.1,0.9,0.32642,0.99987,-1243.73351542,426.2798904962731,0:0:40
0,0,474,0.1,0.9,0.32642,0.99987,-1228.53021604,426.2798904962731,0:0:40
0,0,475,0.1,0.9,0.32642,0.99987,-1220.59820783,426.2798904962731,0:0:40
0,0,476,0.1,0.9,0.32642,0.99987,-1208.65460927,426.2798904962731,0:0:40
0,0,477,0.1,0.9,0.32642,0.99987,-1203.84676421,426.2798904962731,0:0:40
0,0,478,0.1,0.9,0.32642,0.99987,-1198.68907945,426.2798904962731,0:0:40
0,0,479,0.1,0.9,0.32642,0.99987,-1185.51142425,426.2798904962731,0:0:40
0,0,480,0.1,0.9,0.32642,0.99987,-1172.5770136,426.2798904962731,0:0:40
0,0,481,0.1,0.9,0.32642,0.99987,-1170.24210802,426.2798904962731,0:0:40
0,0,482,0.1,0.9,0.32642,0.99987,-1167.61448693,426.2798904962731,0:0:40
0,0,483,0.1,0.9,0.32642,0.99987,-1157.19002961,426.2798904962731,0:0:41
0,0,484,0.1,0.9,0.32642,0.99987,-1145.42519184,426.2798904962731,0:0:41
0,0,485,0.1,0.9,0.32642,0.99987,-1134.93461512,426.2798904962731,0:0:41
0,0,486,0.1,0.9,0.32642,0.99987,-1124.38176758,426.2798904962731,0:0:41
0,0,487,0.1,0.9,0.32642,0.99987,-1112.79401153,426.2798904962731,0:0:41
0,0,488,0.1,0.9,0.32642,0.99987,-1098.6178329,426.2798904962731,0:0:41
0,0,489,0.1,0.9,0.32642,0.99987,-1091.81162095,426.2798904962731,0:0:41
0,0,490,0.1,0.9,0.32642,0.99987,-1077.61893581,426.2798904962731,0:0:41
0,0,491,0.1,0.9,0.32642,0.99987,-1066.43834522,426.2798904962731,0:0:41
0,0,492,0.1,0.9,0.32642,0.99987,-1051.94597527,426.2798904962731,0:0:41
0,0,493,0.1,0.9,0.32642,0.99987,-1040.67675643,426.2798904962731,0:0:42
0,0,494,0.1,0.9,0.32642,0.99987,-1029.1758352,426.2798904962731,0:0:42
0,0,495,0.1,0.9,0.32642,0.99987,-1024.44869208,426.2798904962731,0:0:42
0,0,496,0.1,0.9,0.32642,0.99987,-1019.45852782,426.2798904962731,0:0:42
0,0,497,0.1,0.9,0.32642,0.99987,-1010.30431685,426.2798904962731,0:0:42
0,0,498,0.1,0.9,0.32642,0.99987,-1005.082431,426.2798904962731,0:0:42
0,0,499,0.1,0.9,0.32642,0.99987,-992.618601607,426.2798904962731,0:0:42
0,0,500,0.1,0.9,0.32642,0.99987,-987.166612553,426.2798904962731,0:0:42
0,0,501,0.1,0.9,0.32642,0.99987,-974.683964151,426.2798904962731,0:0:42
0,0,502,0.1,0.9,0.32642,0.99987,-966.139556883,426.2798904962731,0:0:42
0,0,503,0.1,0.9,0.32642,0.99987,-953.635568505,426.2798904962731,0:0:43
0,0,504,0.1,0.9,0.32642,0.99987,-948.140542222,426.2798904962731,0:0:43
0,0,505,0.1,0.9,0.32642,0.99987,-942.659348906,426.2798904962731,0:0:43
0,0,506,0.1,0.9,0.32642,0.99987,-930.639099306,426.2798904962731,0:0:43
0,0,507,0.1,0.9,0.32642,0.99987,-918.312778536,426.2798904962731,0:0:43
0,0,508,0.1,0.9,0.32642,0.99987,-912.969623952,426.2798904962731,0:0:43
0,0,509,0.1,0.9,0.32642,0.99987,-904.381344558,426.2798904962731,0:0:43
0,0,510,0.1,0.9,0.32642,0.99987,-892.454130399,426.2798904962731,0:0:43
0,0,511,0.1,0.9,0.32642,0.99987,-887.673273829,426.2798904962731,0:0:43
0,0,512,0.1,0.9,0.32642,0.99987,-878.54673627,426.2798904962731,0:0:43
0,0,513,0.1,0.9,0.32642,0.99987,-870.911358413,426.2798904962731,0:0:43
0,0,514,0.1,0.9,0.32642,0.99987,-861.255159547,426.2798904962731,0:0:44
0,0,515,0.1,0.9,0.32642,0.99987,-850.835602212,426.2798904962731,0:0:44
0,0,516,0.1,0.9,0.32642,0.99987,-840.957320584,426.2798904962731,0:0:44
0,0,517,0.1,0.9,0.32642,0.99987,-830.997847599,426.2798904962731,0:0:44
0,0,518,0.1,0.9,0.32642,0.99987,-827.515407981,426.2798904962731,0:0:44
0,0,519,0.1,0.9,0.32642,0.99987,-824.20330111,426.2798904962731,0:0:44
0,0,520,0.1,0.9,0.32642,0.99987,-814.291993807,426.2798904962731,0:0:44
0,0,521,0.1,0.9,0.32642,0.99987,-811.344841325,426.2798904962731,0:0:44
0,0,522,0.1,0.9,0.32642,0.99987,-798.463463913,426.2798904962731,0:0:44
0,0,523,0.1,0.9,0.32642,0.99987,-792.465509921,426.2798904962731,0:0:44
0,0,524,0.1,0.9,0.32642,0.99987,-779.994581106,426.2798904962731,0:0:44
0,0,525,0.1,0.9,0.32642,0.99987,-769.066887264,426.2798904962731,0:0:44
0,0,526,0.1,0.9,0.32642,0.99987,-756.786493455,426.2798904962731,0:0:44
0,0,527,0.1,0.9,0.32642,0.99987,-751.165389755,426.2798904962731,0:0:44
0,0,528,0.1,0.9,0.32642,0.99987,-745.663731303,426.2798904962731,0:0:45
0,0,529,0.1,0.9,0.32642,0.99987,-736.871607269,426.2798904962731,0:0:45
0,0,530,0.1,0.9,0.32642,0.99987,-734.66598077,426.2798904962731,0:0:45
0,0,531,0.1,0.9,0.32642,0.99987,-732.623054782,426.2798904962731,0:0:45
0,0,532,0.1,0.9,0.32642,0.99987,-721.441372582,426.2798904962731,0:0:45
0,0,533,0.1,0.9,0.32642,0.99987,-716.38579882,426.2798904962731,0:0:45
0,0,534,0.1,0.9,0.32642,0.99987,-704.948413745,426.2798904962731,0:0:45
0,0,535,0.1,0.9,0.32642,0.99987,-703.418625132,426.2798904962731,0:0:45
0,0,536,0.1,0.9,0.32642,0.99987,-691.706223511,426.2798904962731,0:0:45
0,0,537,0.1,0.9,0.32642,0.99987,-690.596899129,426.2798904962731,0:0:45
0,0,538,0.1,0.9,0.32642,0.99987,-679.994780369,426.2798904962731,0:0:45
0,0,539,0.1,0.9,0.32642,0.99987,-667.930576932,426.2798904962731,0:0:45
0,0,540,0.1,0.9,0.32642,0.99987,-664.038783977,426.2798904962731,0:0:46
0,0,541,0.1,0.9,0.32642,0.99987,-657.194212249,426.2798904962731,0:0:46
0,0,542,0.1,0.9,0.32642,0.99987,-653.644229151,426.2798904962731,0:0:46
0,0,543,0.1,0.9,0.32642,0.99987,-653.440427914,426.2798904962731,0:0:46
0,0,544,0.1,0.9,0.32642,0.99987,-643.78423858,426.2798904962731,0:0:46
0,0,545,0.1,0.9,0.32642,0.99987,-634.280515393,426.2798904962731,0:0:46
0,0,546,0.1,0.9,0.32642,0.99987,-634.559333008,426.2798904962731,0:0:46
0,0,547,0.1,0.9,0.32642,0.99987,-625.507930176,426.2798904962731,0:0:46
0,0,548,0.1,0.9,0.32642,0.99987,-616.633510081,426.2798904962731,0:0:46
0,0,549,0.1,0.9,0.32642,0.99987,-617.390098112,426.2798904962731,0:0:46
0,0,550,0.1,0.9,0.32642,0.99987,-605.893753916,426.2798904962731,0:0:46
0,0,551,0.1,0.9,0.32642,0.99987,-607.048022127,426.2798904962731,0:0:46
0,0,552,0.1,0.9,0.32642,0.99987,-602.004371902,426.2798904962731,0:0:47
0,0,553,0.1,0.9,0.32642,0.99987,-590.891220811,426.2798904962731,0:0:47
0,0,554,0.1,0.9,0.32642,0.99987,-592.439150692,426.2798904962731,0:0:47
0,0,555,0.1,0.9,0.32642,0.99987,-591.019636315,426.2798904962731,0:0:47
0,0,556,0.1,0.9,0.32642,0.99987,-589.600121938,426.2798904962731,0:0:47
0,0,557,0.1,0.9,0.32642,0.99987,-578.91640847,426.2798904962731,0:0:47
0,0,558,0.1,0.9,0.32642,0.99987,-577.897924632,426.2798904962731,0:0:47
0,0,559,0.1,0.9,0.32642,0.99987,-577.055454432,426.2798904962731,0:0:47
0,0,560,0.1,0.9,0.32642,0.99987,-567.218375924,426.2798904962731,0:0:47
0,0,561,0.1,0.9,0.32642,0.99987,-561.064052393,426.2798904962731,0:0:47
0,0,562,0.1,0.9,0.32642,0.99987,-555.147106971,426.2798904962731,0:0:47
0,0,563,0.1,0.9,0.32642,0.99987,-555.714147574,426.2798904962731,0:0:47
0,0,564,0.1,0.9,0.32642,0.99987,-550.451486028,426.2798904962731,0:0:48
0,0,565,0.1,0.9,0.32642,0.99987,-542.336166821,426.2798904962731,0:0:48
0,0,566,0.1,0.9,0.32642,0.99987,-546.506261678,426.2798904962731,0:0:48
0,0,567,0.1,0.9,0.32642,0.99987,-538.411371661,426.2798904962731,0:0:48
0,0,568,0.1,0.9,0.32642,0.99987,-530.316481645,426.2798904962731,0:0:48
0,0,569,0.1,0.9,0.32642,0.99987,-531.344146841,426.2798904962731,0:0:48
0,0,570,0.1,0.9,0.32642,0.99987,-526.181352643,426.2798904962731,0:0:48
0,0,571,0.1,0.9,0.32642,0.99987,-529.949458361,426.2798904962731,0:0:48
0,0,572,0.1,0.9,0.32642,0.99987,-530.437590833,426.2798904962731,0:0:48
0,0,573,0.1,0.9,0.32642,0.99987,-521.773239455,426.2798904962731,0:0:48
0,0,574,0.1,0.9,0.32642,0.99987,-516.100811743,426.2798904962731,0:0:49
0,0,575,0.1,0.9,0.32642,0.99987,-516.51467986,426.2798904962731,0:0:49
0,0,576,0.1,0.9,0.32642,0.99987,-519.793006047,426.2798904962731,0:0:49
0,0,577,0.1,0.9,0.32642,0.99987,-513.979542125,426.2798904962731,0:0:49
0,0,578,0.1,0.9,0.32642,0.99987,-508.166078203,426.2798904962731,0:0:49
0,0,579,0.1,0.9,0.32642,0.99987,-508.408305866,426.2798904962731,0:0:49
0,0,580,0.1,0.9,0.32642,0.99987,-499.589252922,426.2798904962731,0:0:49
0,0,581,0.1,0.9,0.32642,0.99987,-496.817641954,426.2798904962731,0:0:49
0,0,582,0.1,0.9,0.32642,0.99987,-490.961107475,426.2798904962731,0:0:49
0,0,583,0.1,0.9,0.32642,0.99987,-488.052231889,426.2798904962731,0:0:49
0,0,584,0.1,0.9,0.32642,0.99987,-482.066198659,426.2798904962731,0:0:49
0,0,585,0.1,0.9,0.32642,0.99987,-481.994259331,426.2798904962731,0:0:50
0,0,586,0.1,0.9,0.32642,0.99987,-475.927376005,426.2798904962731,0:0:50
0,0,587,0.1,0.9,0.32642,0.99987,-478.702027592,426.2798904962731,0:0:50
0,0,588,0.1,0.9,0.32642,0.99987,-481.476679179,426.2798904962731,0:0:50
0,0,589,0.1,0.9,0.32642,0.99987,-478.279546856,426.2798904962731,0:0:50
0,0,590,0.1,0.9,0.32642,0.99987,-472.10001498,426.2798904962731,0:0:50
0,0,591,0.1,0.9,0.32642,0.99987,-468.910930995,426.2798904962731,0:0:50
0,0,592,0.1,0.9,0.32642,0.99987,-471.671630564,426.2798904962731,0:0:50
0,0,593,0.1,0.9,0.32642,0.99987,-468.48254658,426.2798904962731,0:0:50
0,0,594,0.1,0.9,0.32642,0.99987,-465.372708341,426.2798904962731,0:0:50
0,0,595,0.1,0.9,0.32642,0.99987,-468.197675901,426.2798904962731,0:0:50
0,0,596,0.1,0.9,0.32642,0.99987,-465.087837663,426.2798904962731,0:0:50
0,0,597,0.1,0.9,0.32642,0.99987,-467.976732148,426.2798904962731,0:0:51
0,0,598,0.1,0.9,0.32642,0.99987,-465.111517126,426.2798904962731,0:0:51
0,0,599,0.1,0.9,0.32642,0.99987,-465.347715658,426.2798904962731,0:0:51
0,0,600,0.1,0.9,0.32642,0.99987,-462.867631069,426.2798904962731,0:0:51
0,0,601,0.1,0.9,0.32642,0.99987,-454.645053729,426.2798904962731,0:0:51
0,0,602,0.1,0.9,0.32642,0.99987,-458.273354332,426.2798904962731,0:0:51
0,0,603,0.1,0.9,0.32642,0.99987,-453.137188544,426.2798904962731,0:0:51
0,0,604,0.1,0.9,0.32642,0.99987,-453.98322755,426.2798904962731,0:0:51
0,0,605,0.1,0.9,0.32642,0.99987,-455.040776307,426.2798904962731,0:0:51
0,0,606,0.1,0.9,0.32642,0.99987,-459.341474588,426.2798904962731,0:0:51
0,0,607,0.1,0.9,0.32642,0.99987,-463.85368262,426.2798904962731,0:0:51
0,0,608,0.1,0.9,0.32642,0.99987,-468.671404737,426.2798904962731,0:0:51
0,0,609,0.1,0.9,0.32642,0.99987,-468.296333973,426.2798904962731,0:0:52
0,0,610,0.1,0.9,0.32642,0.99987,-462.435853277,426.2798904962731,0:0:52
0,0,611,0.1,0.9,0.32642,0.99987,-462.88124981,426.2798904962731,0:0:52
0,0,612,0.1,0.9,0.32642,0.99987,-469.843500877,426.2798904962731,0:0:52
0,0,613,0.1,0.9,0.32642,0.99987,-465.389535548,426.2798904962731,0:0:52
0,0,614,0.1,0.9,0.32642,0.99987,-467.171121679,426.2798904962731,0:0:52
0,0,615,0.1,0.9,0.32642,0.99987,-475.443503072,426.2798904962731,0:0:52
0,0,616,0.1,0.9,0.32642,0.99987,-472.48236655,426.2798904962731,0:0:52
0,0,617,0.1,0.9,0.32642,0.99987,-469.826744115,426.2798904962731,0:0:52
0,0,618,0.1,0.9,0.32642,0.99987,-467.824110665,426.2798904962731,0:0:52
0,0,619,0.1,0.9,0.32642,0.99987,-468.837207587,426.2798904962731,0:0:52
0,0,620,0.1,0.9,0.32642,0.99987,-466.994859035,426.2798904962731,0:0:53
0,0,621,0.1,0.9,0.32642,0.99987,-476.867957685,426.2798904962731,0:0:53
0,0,622,0.1,0.9,0.32642,0.99987,-486.694934827,426.2798904962731,0:0:53
0,0,623,0.1,0.9,0.32642,0.99987,-493.633017484,426.2798904962731,0:0:53
0,0,624,0.1,0.9,0.32642,0.99987,-497.705885118,426.2798904962731,0:0:53
0,0,625,0.1,0.9,0.32642,0.99987,-507.937490315,426.2798904962731,0:0:53
0,0,626,0.1,0.9,0.32642,0.99987,-518.335270075,426.2798904962731,0:0:53
0,0,627,0.1,0.9,0.32642,0.99987,-523.095096918,426.2798904962731,0:0:53
0,0,628,0.1,0.9,0.32642,0.99987,-530.996409477,426.2798904962731,0:0:53
0,0,629,0.1,0.9,0.32642,0.99987,-533.334610728,426.2798904962731,0:0:53
0,0,630,0.1,0.9,0.32642,0.99987,-541.852343854,426.2798904962731,0:0:53
0,0,631,0.1,0.9,0.32642,0.99987,-544.722673082,426.2798904962731,0:0:54
0,0,632,0.1,0.9,0.32642,0.99987,-547.744124857,426.2798904962731,0:0:54
0,0,633,0.1,0.9,0.32642,0.99987,-557.095799261,426.2798904962731,0:0:54
0,0,634,0.1,0.9,0.32642,0.99987,-560.653762788,426.2798904962731,0:0:54
0,0,635,0.1,0.9,0.32642,0.99987,-570.559259376,426.2798904962731,0:0:54
0,0,636,0.1,0.9,0.32642,0.99987,-577.638663521,426.2798904962731,0:0:54
0,0,637,0.1,0.9,0.32642,0.99987,-587.981784749,426.2798904962731,0:0:54
0,0,638,0.1,0.9,0.32642,0.99987,-589.560238099,426.2798904962731,0:0:54
0,0,639,0.1,0.9,0.32642,0.99987,-591.211543142,426.2798904962731,0:0:54
0,0,640,0.1,0.9,0.32642,0.99987,-602.142530448,426.2798904962731,0:0:54
0,0,641,0.1,0.9,0.32642,0.99987,-613.345170681,426.2798904962731,0:0:54
0,0,642,0.1,0.9,0.32642,0.99987,-624.722892492,426.2798904962731,0:0:54
0,0,643,0.1,0.9,0.32642,0.99987,-633.381971812,426.2798904962731,0:0:55
0,0,644,0.1,0.9,0.32642,0.99987,-636.055738515,426.2798904962731,0:0:55
0,0,645,0.1,0.9,0.32642,0.99987,-645.056365271,426.2798904962731,0:0:55
0,0,646,0.1,0.9,0.32642,0.99987,-654.153668857,426.2798904962731,0:0:55
0,0,647,0.1,0.9,0.32642,0.99987,-663.472857897,426.2798904962731,0:0:55
0,0,648,0.1,0.9,0.32642,0.99987,-672.815565908,426.2798904962731,0:0:55
0,0,649,0.1,0.9,0.32642,0.99987,-685.105719409,426.2798904962731,0:0:55
0,0,650,0.1,0.9,0.32642,0.99987,-691.473802978,426.2798904962731,0:0:55
0,0,651,0.1,0.9,0.32642,0.99987,-700.540793248,426.2798904962731,0:0:55
0,0,652,0.1,0.9,0.32642,0.99987,-707.073994456,426.2798904962731,0:0:55
0,0,653,0.1,0.9,0.32642,0.99987,-717.010705625,426.2798904962731,0:0:55
0,0,654,0.1,0.9,0.32642,0.99987,-728.844879229,426.2798904962731,0:0:55
0,0,655,0.1,0.9,0.32642,0.99987,-738.956845537,426.2798904962731,0:0:55
0,0,656,0.1,0.9,0.32642,0.99987,-747.563671542,426.2798904962731,0:0:56
0,0,657,0.1,0.9,0.32642,0.99987,-759.231817583,426.2798904962731,0:0:56
0,0,658,0.1,0.9,0.32642,0.99987,-767.684271959,426.2798904962731,0:0:56
0,0,659,0.1,0.9,0.32642,0.99987,-772.134123631,426.2798904962731,0:0:56
0,0,660,0.1,0.9,0.32642,0.99987,-783.109398806,426.2798904962731,0:0:56
0,0,661,0.1,0.9,0.32642,0.99987,-791.012227445,426.2798904962731,0:0:56
0,0,662,0.1,0.9,0.32642,0.99987,-802.272245837,426.2798904962731,0:0:56
0,0,663,0.1,0.9,0.32642,0.99987,-813.330826278,426.2798904962731,0:0:56
0,0,664,0.1,0.9,0.32642,0.99987,-821.216827791,426.2798904962731,0:0:56
0,0,665,0.1,0.9,0.32642,0.99987,-829.020057248,426.2798904962731,0:0:56
0,0,666,0.1,0.9,0.32642,0.99987,-837.259651511,426.2798904962731,0:0:56
0,0,667,0.1,0.9,0.32642,0.99987,-845.674439944,426.2798904962731,0:0:56
0,0,668,0.1,0.9,0.32642,0.99987,-854.187859624,426.2798904962731,0:0:57
0,0,669,0.1,0.9,0.32642,0.99987,-865.95568335,426.2798904962731,0:0:57
0,0,670,0.1,0.9,0.32642,0.99987,-870.296690868,426.2798904962731,0:0:57
0,0,671,0.1,0.9,0.32642,0.99987,-877.906111169,426.2798904962731,0:0:57
0,0,672,0.1,0.9,0.32642,0.99987,-888.565994207,426.2798904962731,0:0:57
0,0,673,0.1,0.9,0.32642,0.99987,-897.75297411,426.2798904962731,0:0:57
0,0,674,0.1,0.9,0.32642,0.99987,-901.56274747,426.2798904962731,0:0:57
0,0,675,0.1,0.9,0.32642,0.99987,-905.382135609,426.2798904962731,0:0:57
0,0,676,0.1,0.9,0.32642,0.99987,-912.375428313,426.2798904962731,0:0:57
0,0,677,0.1,0.9,0.32642,0.99987,-918.976466115,426.2798904962731,0:0:57
0,0,678,0.1,0.9,0.32642,0.99987,-921.816449416,426.2798904962731,0:0:57
0,0,679,0.1,0.9,0.32642,0.99987,-932.640993707,426.2798904962731,0:0:57
0,0,680,0.1,0.9,0.32642,0.99987,-944.681056264,426.2798904962731,0:0:58
0,0,681,0.1,0.9,0.32642,0.99987,-956.724440715,426.2798904962731,0:0:58
0,0,682,0.1,0.9,0.32642,0.99987,-964.585402609,426.2798904962731,0:0:58
0,0,683,0.1,0.9,0.32642,0.99987,-972.1580359,426.2798904962731,0:0:58
0,0,684,0.1,0.9,0.32642,0.99987,-972.788397353,426.2798904962731,0:0:58
0,0,685,0.1,0.9,0.32642,0.99987,-985.894538641,426.2798904962731,0:0:58
0,0,686,0.1,0.9,0.32642,0.99987,-996.775022689,426.2798904962731,0:0:58
0,0,687,0.1,0.9,0.32642,0.99987,-997.327323614,426.2798904962731,0:0:58
0,0,688,0.1,0.9,0.32642,0.99987,-1010.53294401,426.2798904962731,0:0:58
0,0,689,0.1,0.9,0.32642,0.99987,-1014.7516443,426.2798904962731,0:0:58
0,0,690,0.1,0.9,0.32642,0.99987,-1015.5029099,426.2798904962731,0:0:58
0,0,691,0.1,0.9,0.32642,0.99987,-1026.71664897,426.2798904962731,0:0:58
0,0,692,0.1,0.9,0.32642,0.99987,-1037.95868833,426.2798904962731,0:0:59
0,0,693,0.1,0.9,0.32642,0.99987,-1042.22013728,426.2798904962731,0:0:59
0,0,694,0.1,0.9,0.32642,0.99987,-1046.49234091,426.2798904962731,0:0:59
0,0,695,0.1,0.9,0.32642,0.99987,-1047.25505441,426.2798904962731,0:0:59
0,0,696,0.1,0.9,0.32642,0.99987,-1058.52639032,426.2798904962731,0:0:59
0,0,697,0.1,0.9,0.32642,0.99987,-1072.15426755,426.2798904962731,0:0:59
0,0,698,0.1,0.9,0.32642,0.99987,-1085.85101733,426.2798904962731,0:0:59
0,0,699,0.1,0.9,0.32642,0.99987,-1093.66070357,426.2798904962731,0:0:59
0,0,700,0.1,0.9,0.32642,0.99987,-1101.60481564,426.2798904962731,0:0:59
0,0,701,0.1,0.9,0.32642,0.99987,-1113.33542063,426.2798904962731,0:0:59
0,0,702,0.1,0.9,0.32642,0.99987,-1118.27677121,426.2798904962731,0:0:59
0,0,703,0.1,0.9,0.32642,0.99987,-1130.73374834,426.2798904962731,0:0:59
0,0,704,0.1,0.9,0.32642,0.99987,-1139.77229919,426.2798904962731,0:0:59
0,0,705,0.1,0.9,0.32642,0.99987,-1142.04335666,426.2798904962731,0:1:0
0,0,706,0.1,0.9,0.32642,0.99987,-1148.05641469,426.2798904962731,0:1:0
0,0,707,0.1,0.9,0.32642,0.99987,-1154.26022758,426.2798904962731,0:1:0
0,0,708,0.1,0.9,0.32642,0.99987,-1156.90056842,426.2798904962731,0:1:0
0,0,709,0.1,0.9,0.32642,0.99987,-1169.16648831,426.2798904962731,0:1:0
0,0,710,0.1,0.9,0.32642,0.99987,-1171.55480444,426.2798904962731,0:1:0
0,0,711,0.1,0.9,0.32642,0.99987,-1184.02903879,426.2798904962731,0:1:0
0,0,712,0.1,0.9,0.32642,0.99987,-1193.60641303,426.2798904962731,0:1:0
0,0,713,0.1,0.9,0.32642,0.99987,-1206.35165394,426.2798904962731,0:1:0
0,0,714,0.1,0.9,0.32642,0.99987,-1219.09689485,426.2798904962731,0:1:0
0,0,715,0.1,0.9,0.32642,0.99987,-1231.84213577,426.2798904962731,0:1:0
0,0,716,0.1,0.9,0.32642,0.99987,-1241.51655885,426.2798904962731,0:1:0
0,0,717,0.1,0.9,0.32642,0.99987,-1254.11719632,426.2798904962731,0:1:0
0,0,718,0.1,0.9,0.32642,0.99987,-1266.57002609,426.2798904962731,0:1:0
0,0,719,0.1,0.9,0.32642,0.99987,-1280.52478468,426.2798904962731,0:1:1
0,0,720,0.1,0.9,0.32642,0.99987,-1283.52580803,426.2798904962731,0:1:1
0,0,721,0.1,0.9,0.32642,0.99987,-1294.65554883,426.2798904962731,0:1:1
0,0,722,0.1,0.9,0.32642,0.99987,-1298.55625331,426.2798904962731,0:1:1
0,0,723,0.1,0.9,0.32642,0.99987,-1309.53004125,426.2798904962731,0:1:1
0,0,724,0.1,0.9,0.32642,0.99987,-1317.70517614,426.2798904962731,0:1:1
0,0,725,0.1,0.9,0.32642,0.99987,-1326.00187438,426.2798904962731,0:1:1
0,0,726,0.1,0.9,0.32642,0.99987,-1334.41091372,426.2798904962731,0:1:1
0,0,727,0.1,0.9,0.32642,0.99987,-1342.93280835,426.2798904962731,0:1:1
0,0,728,0.1,0.9,0.32642,0.99987,-1357.44740437,426.2798904962731,0:1:1
0,0,729,0.1,0.9,0.32642,0.99987,-1362.07125247,426.2798904962731,0:1:1
0,0,730,0.1,0.9,0.32642,0.99987,-1373.00002191,426.2798904962731,0:1:1
0,0,731,0.1,0.9,0.32642,0.99987,-1377.24714655,426.2798904962731,0:1:1
0,0,732,0.1,0.9,0.32642,0.99987,-1385.19661981,426.2798904962731,0:1:2
0,0,733,0.1,0.9,0.32642,0.99987,-1392.45292836,426.2798904962731,0:1:2
0,0,734,0.1,0.9,0.32642,0.99987,-1407.03325928,426.2798904962731,0:1:2
0,0,735,0.1,0.9,0.32642,0.99987,-1421.33872096,426.2798904962731,0:1:2
0,0,736,0.1,0.9,0.32642,0.99987,-1435.33251681,426.2798904962731,0:1:2
0,0,737,0.1,0.9,0.32642,0.99987,-1440.86292407,426.2798904962731,0:1:2
0,0,738,0.1,0.9,0.32642,0.99987,-1450.04088326,426.2798904962731,0:1:2
0,0,739,0.1,0.9,0.32642,0.99987,-1458.9995738,426.2798904962731,0:1:2
0,0,740,0.1,0.9,0.32642,0.99987,-1463.55302995,426.2798904962731,0:1:2
0,0,741,0.1,0.9,0.32642,0.99987,-1475.70523575,426.2798904962731,0:1:2
0,0,742,0.1,0.9,0.32642,0.99987,-1487.63706476,426.2798904962731,0:1:2
0,0,743,0.1,0.9,0.32642,0.99987,-1491.20355392,426.2798904962731,0:1:2
0,0,744,0.1,0.9,0.32642,0.99987,-1498.54438288,426.2798904962731,0:1:3
0,0,745,0.1,0.9,0.32642,0.99987,-1509.36136604,426.2798904962731,0:1:3
0,0,746,0.1,0.9,0.32642,0.99987,-1516.23047144,426.2798904962731,0:1:3
0,0,747,0.1,0.9,0.32642,0.99987,-1515.05381912,426.2798904962731,0:1:3
0,0,748,0.1,0.9,0.32642,0.99987,-1525.82982412,426.2798904962731,0:1:3
0,0,749,0.1,0.9,0.32642,0.99987,-1536.60582911,426.2798904962731,0:1:3
0,0,750,0.1,0.9,0.32642,0.99987,-1535.51911663,426.2798904962731,0:1:3
0,0,751,0.1,0.9,0.32642,0.99987,-1546.44570976,426.2798904962731,0:1:3
0,0,752,0.1,0.9,0.32642,0.99987,-1545.45238311,426.2798904962731,0:1:3
0,0,753,0.1,0.9,0.32642,0.99987,-1544.45654959,426.2798904962731,0:1:3
0,0,754,0.1,0.9,0.32642,0.99987,-1551.5093861,426.2798904962731,0:1:3
0,0,755,0.1,0.9,0.32642,0.99987,-1550.50851984,426.2798904962731,0:1:4
0,0,756,0.1,0.9,0.32642,0.99987,-1561.61490675,426.2798904962731,0:1:4
0,0,757,0.1,0.9,0.32642,0.99987,-1560.51441212,426.2798904962731,0:1:4
0,0,758,0.1,0.9,0.32642,0.99987,-1563.36993955,426.2798904962731,0:1:4
0,0,759,0.1,0.9,0.32642,0.99987,-1569.97374633,426.2798904962731,0:1:4
0,0,760,0.1,0.9,0.32642,0.99987,-1568.14740898,426.2798904962731,0:1:4
0,0,761,0.1,0.9,0.32642,0.99987,-1573.96720323,426.2798904962731,0:1:4
0,0,762,0.1,0.9,0.32642,0.99987,-1579.68891107,426.2798904962731,0:1:4
0,0,763,0.1,0.9,0.32642,0.99987,-1585.09727898,426.2798904962731,0:1:4
0,0,764,0.1,0.9,0.32642,0.99987,-1586.31312524,426.2798904962731,0:1:4
0,0,765,0.1,0.9,0.32642,0.99987,-1583.22421853,426.2798904962731,0:1:4
0,0,766,0.1,0.9,0.32642,0.99987,-1579.89691082,426.2798904962731,0:1:4
0,0,767,0.1,0.9,0.32642,0.99987,-1584.2894727,426.2798904962731,0:1:4
0,0,768,0.1,0.9,0.32642,0.99987,-1584.15703218,426.2798904962731,0:1:5
0,0,769,0.1,0.9,0.32642,0.99987,-1579.34394688,426.2798904962731,0:1:5
0,0,770,0.1,0.9,0.32642,0.99987,-1590.89535159,426.2798904962731,0:1:5
0,0,771,0.1,0.9,0.32642,0.99987,-1589.59753053,426.2798904962731,0:1:5
0,0,772,0.1,0.9,0.32642,0.99987,-1596.18646823,426.2798904962731,0:1:5
0,0,773,0.1,0.9,0.32642,0.99987,-1602.3427989,426.2798904962731,0:1:5
0,0,774,0.1,0.9,0.32642,0.99987,-1604.24440132,426.2798904962731,0:1:5
0,0,775,0.1,0.9,0.32642,0.99987,-1606.0459194,426.2798904962731,0:1:5
0,0,776,0.1,0.9,0.32642,0.99987,-1607.84743748,426.2798904962731,0:1:5
0,0,777,0.1,0.9,0.32642,0.99987,-1617.8892327,426.2798904962731,0:1:5
0,0,778,0.1,0.9,0.32642,0.99987,-1623.96101586,426.2798904962731,0:1:5
0,0,779,0.1,0.9,0.32642,0.99987,-1617.84046361,426.2798904962731,0:1:6
0,0,780,0.1,0.9,0.32642,0.99987,-1612.12125906,426.2798904962731,0:1:6
0,0,781,0.1,0.9,0.32642,0.99987,-1614.89724723,426.2798904962731,0:1:6
0,0,782,0.1,0.9,0.32642,0.99987,-1621.95427742,426.2798904962731,0:1:6
0,0,783,0.1,0.9,0.32642,0.99987,-1620.84778584,426.2798904962731,0:1:6
0,0,784,0.1,0.9,0.32642,0.99987,-1632.41565237,426.2798904962731,0:1:6
0,0,785,0.1,0.9,0.32642,0.99987,-1639.89285306,426.2798904962731,0:1:6
0,0,786,0.1,0.9,0.32642,0.99987,-1639.2205597,426.2798904962731,0:1:6
0,0,787,0.1,0.9,0.32642,0.99987,-1739.2205597,426.2798904962731,0:1:6
0,1,0,0.1,0.9,0.32642,0.99987,-4.66,426.2798904962731,0:1:7
0,1,1,0.1,0.9,0.32642,0.99987,-104.66,426.2798904962731,0:1:7
0,2,0,0.1,0.9,0.32642,0.99987,-7.16,426.2798904962731,0:1:7
0,2,1,0.1,0.9,0.32642,0.99987,-9.32,426.2798904962731,0:1:7
0,2,2,0.1,0.9,0.32642,0.99987,-6.48,426.2798904962731,0:1:7
0,2,3,0.1,0.9,0.32642,0.99987,-6.14,426.2798904962731,0:1:7
0,2,4,0.1,0.9,0.32642,0.99987,-10.7516090863,426.2798904962731,0:1:7
0,2,5,0.1,0.9,0.32642,0.99987,-12.9170603095,426.2798904962731,0:1:7
0,2,6,0.1,0.9,0.32642,0.99987,-17.5888208187,426.2798904962731,0:1:7
0,2,7,0.1,0.9,0.32642,0.99987,-19.7542720418,426.2798904962731,0:1:7
0,2,8,0.1,0.9,0.32642,0.99987,-24.4861839739,426.2798904962731,0:1:8
0,2,9,0.1,0.9,0.32642,0.99987,-21.8395213678,426.2798904962731,0:1:8
0,2,10,0.1,0.9,0.32642,0.99987,-26.8446892818,426.2798904962731,0:1:8
0,2,11,0.1,0.9,0.32642,0.99987,-29.5181323844,426.2798904962731,0:1:8
0,2,12,0.1,0.9,0.32642,0.99987,-29.8204094644,426.2798904962731,0:1:8
0,2,13,0.1,0.9,0.32642,0.99987,-32.7625730433,426.2798904962731,0:1:8
0,2,14,0.1,0.9,0.32642,0.99987,-33.3282475999,426.2798904962731,0:1:8
0,2,15,0.1,0.9,0.32642,0.99987,-33.8939221565,426.2798904962731,0:1:8
0,2,16,0.1,0.9,0.32642,0.99987,-34.3192487748,426.2798904962731,0:1:8
0,2,17,0.1,0.9,0.32642,0.99987,-32.0857248544,426.2798904962731,0:1:8
0,2,18,0.1,0.9,0.32642,0.99987,-29.5273247274,426.2798904962731,0:1:8
0,2,19,0.1,0.9,0.32642,0.99987,-26.7589078658,426.2798904962731,0:1:8
0,2,20,0.1,0.9,0.32642,0.99987,-23.6037268837,426.2798904962731,0:1:9
0,2,21,0.1,0.9,0.32642,0.99987,-22.3384693806,426.2798904962731,0:1:9
0,2,22,0.1,0.9,0.32642,0.99987,-25.3383541057,426.2798904962731,0:1:9
0,2,23,0.1,0.9,0.32642,0.99987,-30.2973472228,426.2798904962731,0:1:9
0,2,24,0.1,0.9,0.32642,0.99987,-24.2771703935,426.2798904962731,0:1:9
0,2,25,0.1,0.9,0.32642,0.99987,-17.7468090871,426.2798904962731,0:1:9
0,2,26,0.1,0.9,0.32642,0.99987,-10.5021895128,426.2798904962731,0:1:9
0,2,27,0.1,0.9,0.32642,0.99987,-2.88904314331,426.2798904962731,0:1:9
0,2,28,0.1,0.9,0.32642,0.99987,-4.41574361848,426.2798904962731,0:1:9
0,2,29,0.1,0.9,0.32642,0.99987,-2.54770543052,426.2798904962731,0:1:9
0,2,30,0.1,0.9,0.32642,0.99987,-0.679667242557,426.2798904962731,0:1:9
0,2,31,0.1,0.9,0.32642,0.99987,4.42425217639,426.2798904962731,0:1:10
0,2,32,0.1,0.9,0.32642,0.99987,9.77121537719,426.2798904962731,0:1:10
0,2,33,0.1,0.9,0.32642,0.99987,19.1856562124,426.2798904962731,0:1:10
0,2,34,0.1,0.9,0.32642,0.99987,27.6303692363,426.2798904962731,0:1:10
0,2,35,0.1,0.9,0.32642,0.99987,31.3987568339,426.2798904962731,0:1:10
0,2,36,0.1,0.9,0.32642,0.99987,40.0841849332,426.2798904962731,0:1:10
0,2,37,0.1,0.9,0.32642,0.99987,46.9815480885,426.2798904962731,0:1:10
0,2,38,0.1,0.9,0.32642,0.99987,49.1815480885,426.2798904962731,0:1:10
0,2,39,0.1,0.9,0.32642,0.99987,51.4358588519,426.2798904962731,0:1:10
0,2,40,0.1,0.9,0.32642,0.99987,56.1122254399,426.2798904962731,0:1:10
0,2,41,0.1,0.9,0.32642,0.99987,63.9327023296,426.2798904962731,0:1:10
0,2,42,0.1,0.9,0.32642,0.99987,68.4896723238,426.2798904962731,0:1:10
0,2,43,0.1,0.9,0.32642,0.99987,77.8585599676,426.2798904962731,0:1:11
0,2,44,0.1,0.9,0.32642,0.99987,85.9173912882,426.2798904962731,0:1:11
0,2,45,0.1,0.9,0.32642,0.99987,92.6095784401,426.2798904962731,0:1:11
0,2,46,0.1,0.9,0.32642,0.99987,96.8162279261,426.2798904962731,0:1:11
0,2,47,0.1,0.9,0.32642,0.99987,103.395964935,426.2798904962731,0:1:11
0,2,48,0.1,0.9,0.32642,0.99987,105.046583404,426.2798904962731,0:1:11
0,2,49,0.1,0.9,0.32642,0.99987,113.200496717,426.2798904962731,0:1:11
0,2,50,0.1,0.9,0.32642,0.99987,114.784161007,426.2798904962731,0:1:11
0,2,51,0.1,0.9,0.32642,0.99987,123.677161022,426.2798904962731,0:1:11
0,2,52,0.1,0.9,0.32642,0.99987,131.80749085,426.2798904962731,0:1:11
0,2,53,0.1,0.9,0.32642,0.99987,139.917353701,426.2798904962731,0:1:11
0,2,54,0.1,0.9,0.32642,0.99987,146.48431651,426.2798904962731,0:1:12
0,2,55,0.1,0.9,0.32642,0.99987,153.092376329,426.2798904962731,0:1:12
0,2,56,0.1,0.9,0.32642,0.99987,162.113657372,426.2798904962731,0:1:12
0,2,57,0.1,0.9,0.32642,0.99987,168.862585787,426.2798904962731,0:1:12
0,2,58,0.1,0.9,0.32642,0.99987,173.274477962,426.2798904962731,0:1:12
0,2,59,0.1,0.9,0.32642,0.99987,177.777712361,426.2798904962731,0:1:12
0,2,60,0.1,0.9,0.32642,0.99987,179.915802642,426.2798904962731,0:1:12
0,2,61,0.1,0.9,0.32642,0.99987,182.105131143,426.2798904962731,0:1:12
0,2,62,0.1,0.9,0.32642,0.99987,186.642199573,426.2798904962731,0:1:12
0,2,63,0.1,0.9,0.32642,0.99987,195.670708174,426.2798904962731,0:1:12
0,2,64,0.1,0.9,0.32642,0.99987,199.874651392,426.2798904962731,0:1:12
0,2,65,0.1,0.9,0.32642,0.99987,208.537703586,426.2798904962731,0:1:12
0,2,66,0.1,0.9,0.32642,0.99987,210.095352749,426.2798904962731,0:1:13
0,2,67,0.1,0.9,0.32642,0.99987,216.217780925,426.2798904962731,0:1:13
0,2,68,0.1,0.9,0.32642,0.99987,222.22922853,426.2798904962731,0:1:13
0,2,69,0.1,0.9,0.32642,0.99987,225.8639177,426.2798904962731,0:1:13
0,2,70,0.1,0.9,0.32642,0.99987,227.133776657,426.2798904962731,0:1:13
0,2,71,0.1,0.9,0.32642,0.99987,230.456470423,426.2798904962731,0:1:13
0,2,72,0.1,0.9,0.32642,0.99987,233.587687648,426.2798904962731,0:1:13
0,2,73,0.1,0.9,0.32642,0.99987,242.259996391,426.2798904962731,0:1:13
0,2,74,0.1,0.9,0.32642,0.99987,251.169153902,426.2798904962731,0:1:13
0,2,75,0.1,0.9,0.32642,0.99987,251.078287543,426.2798904962731,0:1:13
0,2,76,0.1,0.9,0.32642,0.99987,250.878884788,426.2798904962731,0:1:13
0,2,77,0.1,0.9,0.32642,0.99987,257.117136717,426.2798904962731,0:1:13
0,2,78,0.1,0.9,0.32642,0.99987,262.996993663,426.2798904962731,0:1:13
0,2,79,0.1,0.9,0.32642,0.99987,270.877037181,426.2798904962731,0:1:14
0,2,80,0.1,0.9,0.32642,0.99987,269.656731133,426.2798904962731,0:1:14
0,2,81,0.1,0.9,0.32642,0.99987,277.210742732,426.2798904962731,0:1:14
0,2,82,0.1,0.9,0.32642,0.99987,282.51380823,426.2798904962731,0:1:14
0,2,83,0.1,0.9,0.32642,0.99987,289.995237334,426.2798904962731,0:1:14
0,2,84,0.1,0.9,0.32642,0.99987,297.457832978,426.2798904962731,0:1:14
0,2,85,0.1,0.9,0.32642,0.99987,298.348357517,426.2798904962731,0:1:14
0,2,86,0.1,0.9,0.32642,0.99987,301.528409826,426.2798904962731,0:1:14
0,2,87,0.1,0.9,0.32642,0.99987,302.538502995,426.2798904962731,0:1:14
0,2,88,0.1,0.9,0.32642,0.99987,305.763712761,426.2798904962731,0:1:14
0,2,89,0.1,0.9,0.32642,0.99987,311.190343858,426.2798904962731,0:1:15
0,2,90,0.1,0.9,0.32642,0.99987,318.754396826,426.2798904962731,0:1:15
0,2,91,0.1,0.9,0.32642,0.99987,324.167367131,426.2798904962731,0:1:15
0,2,92,0.1,0.9,0.32642,0.99987,322.968403025,426.2798904962731,0:1:15
0,2,93,0.1,0.9,0.32642,0.99987,321.825219462,426.2798904962731,0:1:15
0,2,94,0.1,0.9,0.32642,0.99987,329.456496448,426.2798904962731,0:1:15
0,2,95,0.1,0.9,0.32642,0.99987,328.316190692,426.2798904962731,0:1:15
0,2,96,0.1,0.9,0.32642,0.99987,327.178755497,426.2798904962731,0:1:15
0,2,97,0.1,0.9,0.32642,0.99987,328.176198668,426.2798904962731,0:1:15
0,2,98,0.1,0.9,0.32642,0.99987,331.178450358,426.2798904962731,0:1:15
0,2,99,0.1,0.9,0.32642,0.99987,336.310206153,426.2798904962731,0:1:15
0,2,100,0.1,0.9,0.32642,0.99987,343.571466055,426.2798904962731,0:1:15
0,2,101,0.1,0.9,0.32642,0.99987,344.233084483,426.2798904962731,0:1:16
0,2,102,0.1,0.9,0.32642,0.99987,347.071079319,426.2798904962731,0:1:16
0,2,103,0.1,0.9,0.32642,0.99987,351.951257309,426.2798904962731,0:1:16
0,2,104,0.1,0.9,0.32642,0.99987,358.950231438,426.2798904962731,0:1:16
0,2,105,0.1,0.9,0.32642,0.99987,359.435288373,426.2798904962731,0:1:16
0,2,106,0.1,0.9,0.32642,0.99987,364.303181192,426.2798904962731,0:1:16
0,2,107,0.1,0.9,0.32642,0.99987,362.627035492,426.2798904962731,0:1:16
0,2,108,0.1,0.9,0.32642,0.99987,365.270852936,426.2798904962731,0:1:16
0,2,109,0.1,0.9,0.32642,0.99987,367.91467038,426.2798904962731,0:1:16
0,2,110,0.1,0.9,0.32642,0.99987,372.65466744,426.2798904962731,0:1:16
0,2,111,0.1,0.9,0.32642,0.99987,373.08449151,426.2798904962731,0:1:16
0,2,112,0.1,0.9,0.32642,0.99987,379.892915231,426.2798904962731,0:1:17
0,2,113,0.1,0.9,0.32642,0.99987,382.413918472,426.2798904962731,0:1:17
0,2,114,0.1,0.9,0.32642,0.99987,380.651947945,426.2798904962731,0:1:17
0,2,115,0.1,0.9,0.32642,0.99987,387.443232403,426.2798904962731,0:1:17
0,2,116,0.1,0.9,0.32642,0.99987,394.217420744,426.2798904962731,0:1:17
0,2,117,0.1,0.9,0.32642,0.99987,398.909868587,426.2798904962731,0:1:17
0,2,118,0.1,0.9,0.32642,0.99987,405.7691268,426.2798904962731,0:1:17
0,2,119,0.1,0.9,0.32642,0.99987,406.466966965,426.2798904962731,0:1:17
0,2,120,0.1,0.9,0.32642,0.99987,409.387121925,426.2798904962731,0:1:17
0,2,121,0.1,0.9,0.32642,0.99987,414.599258975,426.2798904962731,0:1:17
0,2,122,0.1,0.9,0.32642,0.99987,417.791056257,426.2798904962731,0:1:17
0,2,123,0.1,0.9,0.32642,0.99987,419.12891385,426.2798904962731,0:1:17
0,2,124,0.1,0.9,0.32642,0.99987,426.966929436,426.96692943598066,0:1:18
0,2,125,0.1,0.9,0.32642,0.99987,432.780093534,432.78009353431986,0:1:18
0,2,126,0.1,0.9,0.32642,0.99987,436.696202379,436.69620237920725,0:1:18
0,2,127,0.1,0.9,0.32642,0.99987,440.713155229,440.713155228684,0:1:18
0,2,128,0.1,0.9,0.32642,0.99987,449.078902187,449.0789021874544,0:1:18
0,2,129,0.1,0.9,0.32642,0.99987,453.443558297,453.4435582968745,0:1:18
0,2,130,0.1,0.9,0.32642,0.99987,461.483666764,461.4836667643214,0:1:18
0,2,131,0.1,0.9,0.32642,0.99987,466.004142687,466.0041426868901,0:1:18
0,2,132,0.1,0.9,0.32642,0.99987,466.453388439,466.45338843886776,0:1:18
0,2,133,0.1,0.9,0.32642,0.99987,471.166892662,471.1668926618278,0:1:18
0,2,134,0.1,0.9,0.32642,0.99987,473.848813289,473.8488132886546,0:1:18
0,2,135,0.1,0.9,0.32642,0.99987,478.600117115,478.60011711519337,0:1:18
0,2,136,0.1,0.9,0.32642,0.99987,483.289920022,483.2899200217102,0:1:18
0,2,137,0.1,0.9,0.32642,0.99987,490.985160002,490.98516000212163,0:1:19
0,2,138,0.1,0.9,0.32642,0.99987,498.661028283,498.66102828305543,0:1:19
0,2,139,0.1,0.9,0.32642,0.99987,506.336896564,506.3368965639892,0:1:19
0,2,140,0.1,0.9,0.32642,0.99987,513.993441911,513.9934419110124,0:1:19
0,2,141,0.1,0.9,0.32642,0.99987,520.762748098,520.7627480976508,0:1:19
0,2,142,0.1,0.9,0.32642,0.99987,528.350852173,528.350852172523,0:1:19
0,2,143,0.1,0.9,0.32642,0.99987,529.102848059,529.1028480590419,0:1:19
0,2,144,0.1,0.9,0.32642,0.99987,532.012745185,532.0127451851366,0:1:19
0,2,145,0.1,0.9,0.32642,0.99987,532.972411688,532.9724116876511,0:1:19
0,2,146,0.1,0.9,0.32642,0.99987,540.031653418,540.0316534180114,0:1:19
0,2,147,0.1,0.9,0.32642,0.99987,541.037577856,541.0375778563367,0:1:19
0,2,148,0.1,0.9,0.32642,0.99987,548.077506742,548.0775067422735,0:1:19
0,2,149,0.1,0.9,0.32642,0.99987,551.209249563,551.2092495634337,0:1:19
0,2,150,0.1,0.9,0.32642,0.99987,558.358700271,558.358700270934,0:1:19
0,2,151,0.1,0.9,0.32642,0.99987,563.530609848,563.5306098477323,0:1:20
0,2,152,0.1,0.9,0.32642,0.99987,564.687061679,564.6870616785692,0:1:20
0,2,153,0.1,0.9,0.32642,0.99987,569.84595169,569.8459516902464,0:1:20
0,2,154,0.1,0.9,0.32642,0.99987,574.991854912,574.9918549117521,0:1:20
0,2,155,0.1,0.9,0.32642,0.99987,580.137758133,580.1377581332578,0:1:20
0,2,156,0.1,0.9,0.32642,0.99987,587.008258358,587.0082583579414,0:1:20
0,2,157,0.1,0.9,0.32642,0.99987,588.105407137,588.1054071371258,0:1:20
0,2,158,0.1,0.9,0.32642,0.99987,593.04148178,593.0414817798273,0:1:20
0,2,159,0.1,0.9,0.32642,0.99987,599.843060675,599.8430606749157,0:1:20
0,2,160,0.1,0.9,0.32642,0.99987,606.832153128,606.8321531282253,0:1:20
0,2,161,0.1,0.9,0.32642,0.99987,607.758545931,607.7585459312791,0:1:20
0,2,162,0.1,0.9,0.32642,0.99987,612.645104408,612.6451044083113,0:1:20
0,2,163,0.1,0.9,0.32642,0.99987,619.472189073,619.472189073411,0:1:21
0,2,164,0.1,0.9,0.32642,0.99987,626.250920916,626.2509209164573,0:1:21
0,2,165,0.1,0.9,0.32642,0.99987,629.266469103,629.2664691030928,0:1:21
0,2,166,0.1,0.9,0.32642,0.99987,635.809550743,635.8095507426717,0:1:21
0,2,167,0.1,0.9,0.32642,0.99987,642.119180661,642.1191806609937,0:1:21
0,2,168,0.1,0.9,0.32642,0.99987,643.858039663,643.8580396631996,0:1:21
0,2,169,0.1,0.9,0.32642,0.99987,645.596898665,645.5968986654055,0:1:21
0,2,170,0.1,0.9,0.32642,0.99987,647.623018841,647.6230188413986,0:1:21
0,2,171,0.1,0.9,0.32642,0.99987,649.934942892,649.9349428915059,0:1:21
0,2,172,0.1,0.9,0.32642,0.99987,656.957709441,656.9577094408352,0:1:21
0,2,173,0.1,0.9,0.32642,0.99987,661.451670682,661.4516706817292,0:1:21
0,2,174,0.1,0.9,0.32642,0.99987,664.141259672,664.1412596717438,0:1:22
0,2,175,0.1,0.9,0.32642,0.99987,668.946081188,668.9460811875817,0:1:22
0,2,176,0.1,0.9,0.32642,0.99987,673.644802544,673.644802543764,0:1:22
0,2,177,0.1,0.9,0.32642,0.99987,676.73639721,676.736397210238,0:1:22
0,2,178,0.1,0.9,0.32642,0.99987,683.070396039,683.0703960391118,0:1:22
0,2,179,0.1,0.9,0.32642,0.99987,690.110513203,690.1105132032126,0:1:22
0,2,180,0.1,0.9,0.32642,0.99987,693.531679825,693.5316798253602,0:1:22
0,2,181,0.1,0.9,0.32642,0.99987,697.114799486,697.1147994857811,0:1:22
0,2,182,0.1,0.9,0.32642,0.99987,704.471487939,704.4714879394029,0:1:22
0,2,183,0.1,0.9,0.32642,0.99987,708.096008665,708.0960086653172,0:1:22
0,2,184,0.1,0.9,0.32642,0.99987,711.898784509,711.8987845088994,0:1:22
0,2,185,0.1,0.9,0.32642,0.99987,715.410460615,715.410460615208,0:1:22
0,2,186,0.1,0.9,0.32642,0.99987,719.341913621,719.3419136209318,0:1:22
0,2,187,0.1,0.9,0.32642,0.99987,722.703247436,722.7032474363555,0:1:23
0,2,188,0.1,0.9,0.32642,0.99987,729.64705545,729.6470554497965,0:1:23
0,2,189,0.1,0.9,0.32642,0.99987,735.720459779,735.7204597791157,0:1:23
0,2,190,0.1,0.9,0.32642,0.99987,741.925260758,741.9252607576219,0:1:23
0,2,191,0.1,0.9,0.32642,0.99987,748.434542029,748.4345420289611,0:1:23
0,2,192,0.1,0.9,0.32642,0.99987,752.860192472,752.8601924723844,0:1:23
0,2,193,0.1,0.9,0.32642,0.99987,755.749953614,755.7499536136795,0:1:23
0,2,194,0.1,0.9,0.32642,0.99987,762.237282299,762.2372822989684,0:1:23
0,2,195,0.1,0.9,0.32642,0.99987,768.724610984,768.7246109842572,0:1:23
0,2,196,0.1,0.9,0.32642,0.99987,774.864132221,774.8641322205672,0:1:23
0,2,197,0.1,0.9,0.32642,0.99987,780.988198064,780.9881980635912,0:1:23
0,2,198,0.1,0.9,0.32642,0.99987,787.112263907,787.1122639066152,0:1:23
0,2,199,0.1,0.9,0.32642,0.99987,790.144596291,790.1445962914386,0:1:23
0,2,200,0.1,0.9,0.32642,0.99987,794.210818881,794.2108188807862,0:1:24
0,2,201,0.1,0.9,0.32642,0.99987,797.313292717,797.3132927174812,0:1:24
0,2,202,0.1,0.9,0.32642,0.99987,803.999469987,803.9994699865076,0:1:24
0,2,203,0.1,0.9,0.32642,0.99987,810.72545561,810.7254556104342,0:1:24
0,2,204,0.1,0.9,0.32642,0.99987,814.599866796,814.5998667960312,0:1:24
0,2,205,0.1,0.9,0.32642,0.99987,820.122928927,820.1229289271683,0:1:24
0,2,206,0.1,0.9,0.32642,0.99987,825.130058689,825.1300586893663,0:1:24
0,2,207,0.1,0.9,0.32642,0.99987,828.789000408,828.7890004078856,0:1:24
0,2,208,0.1,0.9,0.32642,0.99987,835.627130885,835.6271308853188,0:1:24
0,2,209,0.1,0.9,0.32642,0.99987,842.489469887,842.4894698870112,0:1:24
0,2,210,0.1,0.9,0.32642,0.99987,847.654256619,847.6542566185923,0:1:24
0,2,211,0.1,0.9,0.32642,0.99987,851.088780017,851.0887800167491,0:1:25
0,2,212,0.1,0.9,0.32642,0.99987,856.240565114,856.2405651139842,0:1:25
0,2,213,0.1,0.9,0.32642,0.99987,861.407452089,861.4074520890533,0:1:25
0,2,214,0.1,0.9,0.32642,0.99987,866.561332143,866.5613321427047,0:1:25
0,2,215,0.1,0.9,0.32642,0.99987,871.648598371,871.6485983706335,0:1:25
0,2,216,0.1,0.9,0.32642,0.99987,876.723058111,876.7230581113337,0:1:25
0,2,217,0.1,0.9,0.32642,0.99987,881.772001512,881.7720015120873,0:1:25
0,2,218,0.1,0.9,0.32642,0.99987,885.129490436,885.1294904360392,0:1:25
0,2,219,0.1,0.9,0.32642,0.99987,891.747187373,891.7471873725726,0:1:25
0,2,220,0.1,0.9,0.32642,0.99987,898.294775476,898.2947754760046,0:1:25
0,2,221,0.1,0.9,0.32642,0.99987,903.107649923,903.1076499225803,0:1:25
0,2,222,0.1,0.9,0.32642,0.99987,908.292999792,908.2929997919676,0:1:25
0,2,223,0.1,0.9,0.32642,0.99987,914.655850437,914.6558504368861,0:1:26
0,2,224,0.1,0.9,0.32642,0.99987,917.664328473,917.6643284734483,0:1:26
0,2,225,0.1,0.9,0.32642,0.99987,923.955698665,923.9556986652591,0:1:26
0,2,226,0.1,0.9,0.32642,0.99987,926.849843814,926.8498438143962,0:1:26
0,2,227,0.1,0.9,0.32642,0.99987,929.658327077,929.658327077373,0:1:26
0,2,228,0.1,0.9,0.32642,0.99987,932.381561398,932.3815613975167,0:1:26
0,2,229,0.1,0.9,0.32642,0.99987,938.256218277,938.2562182771377,0:1:26
0,2,230,0.1,0.9,0.32642,0.99987,942.394354093,942.394354093037,0:1:26
0,2,231,0.1,0.9,0.32642,0.99987,944.548507255,944.5485072545597,0:1:26
0,2,232,0.1,0.9,0.32642,0.99987,946.581437793,946.5814377934146,0:1:26
0,2,233,0.1,0.9,0.32642,0.99987,1146.58143779,1146.5814377934146,0:1:27
0,2,234,0.1,0.9,0.32642,0.99987,1148.52143779,1148.5214377934146,0:1:27
0,2,235,0.1,0.9,0.32642,0.99987,1157.93683987,1157.9368398709985,0:1:27
0,2,236,0.1,0.9,0.32642,0.99987,1159.76370893,1159.7637089308282,0:1:27
0,2,237,0.1,0.9,0.32642,0.99987,1169.0586581,1169.0586581033683,0:1:28
0,2,238,0.1,0.9,0.32642,0.99987,1175.90439821,1175.9043982066862,0:1:28
0,2,239,0.1,0.9,0.32642,0.99987,1185.31980028,1185.31980028427,0:1:28
0,2,240,0.1,0.9,0.32642,0.99987,1192.34621975,1192.3462197451536,0:1:28
0,2,241,0.1,0.9,0.32642,0.99987,1200.29611148,1200.296111478039,0:1:28
0,2,242,0.1,0.9,0.32642,0.99987,1208.18577676,1208.1857767584024,0:1:28
0,2,243,0.1,0.9,0.32642,0.99987,1218.04283949,1218.0428394878131,0:1:28
0,2,244,0.1,0.9,0.32642,0.99987,1225.62283949,1225.622839487813,0:1:28
0,2,245,0.1,0.9,0.32642,0.99987,1230.76283949,1230.7628394878132,0:1:28
0,2,246,0.1,0.9,0.32642,0.99987,1238.09516576,1238.0951657582295,0:1:28
0,2,247,0.1,0.9,0.32642,0.99987,1245.39992235,1245.3999223527726,0:1:29
0,2,248,0.1,0.9,0.32642,0.99987,1248.06958058,1248.0695805822656,0:1:29
0,2,249,0.1,0.9,0.32642,0.99987,1255.09598041,1255.095980414622,0:1:29
0,2,250,0.1,0.9,0.32642,0.99987,1262.03730181,1262.037301805888,0:1:29
0,2,251,0.1,0.9,0.32642,0.99987,1269.95505387,1269.9550538683263,0:1:29
0,2,252,0.1,0.9,0.32642,0.99987,1278.58379984,1278.5837998432705,0:1:29
0,2,253,0.1,0.9,0.32642,0.99987,1282.38788895,1282.387888948096,0:1:29
0,2,254,0.1,0.9,0.32642,0.99987,1290.38643155,1290.3864315530313,0:1:29
0,2,255,0.1,0.9,0.32642,0.99987,1297.86199585,1297.8619958479335,0:1:29
0,2,256,0.1,0.9,0.32642,0.99987,1302.79570098,1302.7957009837614,0:1:29
0,2,257,0.1,0.9,0.32642,0.99987,1307.41183451,1307.4118345064232,0:1:30
0,2,258,0.1,0.9,0.32642,0.99987,1313.42155611,1313.4215561114827,0:1:30
0,2,259,0.1,0.9,0.32642,0.99987,1321.4783045,1321.4783044956255,0:1:30
0,2,260,0.1,0.9,0.32642,0.99987,1326.79859224,1326.7985922409423,0:1:30
0,2,261,0.1,0.9,0.32642,0.99987,1333.960872,1333.9608720011013,0:1:30
0,2,262,0.1,0.9,0.32642,0.99987,1340.76857787,1340.7685778655073,0:1:30
0,2,263,0.1,0.9,0.32642,0.99987,1347.6776245,1347.6776245006918,0:1:30
0,2,264,0.1,0.9,0.32642,0.99987,1349.95391487,1349.9539148701726,0:1:30
0,2,265,0.1,0.9,0.32642,0.99987,1356.80085178,1356.8008517751987,0:1:30
0,2,266,0.1,0.9,0.32642,0.99987,1363.67603768,1363.6760376835211,0:1:31
0,2,267,0.1,0.9,0.32642,0.99987,1370.55122359,1370.5512235918436,0:1:31
0,2,268,0.1,0.9,0.32642,0.99987,1377.4283934,1377.4283933957124,0:1:31
0,2,269,0.1,0.9,0.32642,0.99987,1382.05525313,1382.0552531264245,0:1:31
0,2,270,0.1,0.9,0.32642,0.99987,1388.80215328,1388.8021532819632,0:1:31
0,2,271,0.1,0.9,0.32642,0.99987,1395.47089808,1395.470898076022,0:1:31
0,2,272,0.1,0.9,0.32642,0.99987,1402.03719727,1402.037197270272,0:1:31
0,2,273,0.1,0.9,0.32642,0.99987,1410.70135067,1410.7013506672074,0:1:31
0,2,274,0.1,0.9,0.32642,0.99987,1412.83324595,1412.833245951137,0:1:31
0,2,275,0.1,0.9,0.32642,0.99987,1419.3430224,1419.3430224038839,0:1:31
0,2,276,0.1,0.9,0.32642,0.99987,1425.85279886,1425.8527988566307,0:1:32
0,2,277,0.1,0.9,0.32642,0.99987,1430.17059778,1430.1705977803608,0:1:32
0,2,278,0.1,0.9,0.32642,0.99987,1434.54000386,1434.5400038625419,0:1:32
0,2,279,0.1,0.9,0.32642,0.99987,1441.08660712,1441.0866071249907,0:1:32
0,2,280,0.1,0.9,0.32642,0.99987,1447.36956931,1447.3695693086618,0:1:32
0,2,281,0.1,0.9,0.32642,0.99987,1449.6657939,1449.6657938963176,0:1:32
0,2,282,0.1,0.9,0.32642,0.99987,1457.93220241,1457.9322024118785,0:1:32
0,2,283,0.1,0.9,0.32642,0.99987,1463.92510036,1463.925100361986,0:1:32
0,2,284,0.1,0.9,0.32642,0.99987,1469.62637806,1469.6263780574063,0:1:32
0,2,285,0.1,0.9,0.32642,0.99987,1472.54169457,1472.5416945695526,0:1:32
0,2,286,0.1,0.9,0.32642,0.99987,1477.49711678,1477.4971167804395,0:1:32
0,2,287,0.1,0.9,0.32642,0.99987,1481.37365637,1481.3736563718944,0:1:33
0,2,288,0.1,0.9,0.32642,0.99987,1485.27042524,1485.2704252428364,0:1:33
0,2,289,0.1,0.9,0.32642,0.99987,1490.03707517,1490.0370751704786,0:1:33
0,2,290,0.1,0.9,0.32642,0.99987,1497.10305075,1497.103050754382,0:1:33
0,2,291,0.1,0.9,0.32642,0.99987,1503.5977126,1503.597712595776,0:1:33
0,2,292,0.1,0.9,0.32642,0.99987,1507.69607024,1507.696070243718,0:1:33
0,2,293,0.1,0.9,0.32642,0.99987,1511.58466943,1511.5846694293637,0:1:33
0,2,294,0.1,0.9,0.32642,0.99987,1517.7806117,1517.780611700268,0:1:33
0,2,295,0.1,0.9,0.32642,0.99987,1523.2894816,1523.2894815966683,0:1:33
0,2,296,0.1,0.9,0.32642,0.99987,1530.51661785,1530.5166178502,0:1:33
0,2,297,0.1,0.9,0.32642,0.99987,1537.66889808,1537.6688980760018,0:1:33
0,2,298,0.1,0.9,0.32642,0.99987,1545.04763271,1545.0476327142717,0:1:34
0,2,299,0.1,0.9,0.32642,0.99987,1550.63186152,1550.6318615232958,0:1:34
0,2,300,0.1,0.9,0.32642,0.99987,1556.55654646,1556.5565464609078,0:1:34
0,2,301,0.1,0.9,0.32642,0.99987,1560.64253607,1560.642536073054,0:1:34
0,2,302,0.1,0.9,0.32642,0.99987,1567.05306209,1567.0530620873903,0:1:34
0,2,303,0.1,0.9,0.32642,0.99987,1573.68810426,1573.6881042581954,0:1:34
0,2,304,0.1,0.9,0.32642,0.99987,1578.56440333,1578.5644033285896,0:1:34
0,2,305,0.1,0.9,0.32642,0.99987,1583.42236743,1583.4223674286245,0:1:34
0,2,306,0.1,0.9,0.32642,0.99987,1590.12112412,1590.121124121629,0:1:34
0,2,307,0.1,0.9,0.32642,0.99987,1594.89936571,1594.8993657076942,0:1:34
0,2,308,0.1,0.9,0.32642,0.99987,1599.63151493,1599.631514931193,0:1:34
0,2,309,0.1,0.9,0.32642,0.99987,1606.4887604,1606.4887603989773,0:1:35
0,2,310,0.1,0.9,0.32642,0.99987,1610.94140981,1610.9414098061097,0:1:35
0,2,311,0.1,0.9,0.32642,0.99987,1613.3507201,1613.3507201017499,0:1:35
0,2,312,0.1,0.9,0.32642,0.99987,1620.88762312,1620.8876231223953,0:1:35
0,2,313,0.1,0.9,0.32642,0.99987,1626.16472643,1626.1647264284322,0:1:35
0,2,314,0.1,0.9,0.32642,0.99987,1632.89864717,1632.8986471693818,0:1:35
0,2,315,0.1,0.9,0.32642,0.99987,1633.86766733,1633.86766732544,0:1:35
0,2,316,0.1,0.9,0.32642,0.99987,1640.48682039,1640.4868203914375,0:1:35
0,2,317,0.1,0.9,0.32642,0.99987,1646.62720374,1646.6272037436797,0:1:35
0,2,318,0.1,0.9,0.32642,0.99987,1653.52218842,1653.522188423547,0:1:35
0,2,319,0.1,0.9,0.32642,0.99987,1660.53865255,1660.538652548121,0:1:35
0,2,320,0.1,0.9,0.32642,0.99987,1660.84703852,1660.8470385229416,0:1:36
0,2,321,0.1,0.9,0.32642,0.99987,1666.64045136,1666.640451356166,0:1:36
0,2,322,0.1,0.9,0.32642,0.99987,1670.60513539,1670.6051353910243,0:1:36
0,2,323,0.1,0.9,0.32642,0.99987,1677.54275065,1677.5427506473618,0:1:36
0,2,324,0.1,0.9,0.32642,0.99987,1877.54275065,1877.5427506473618,0:1:37
0,2,325,0.1,0.9,0.32642,0.99987,2077.54275065,2077.5427506473616,0:1:38
0,2,326,0.1,0.9,0.32642,0.99987,2277.54275065,2277.5427506473616,0:1:39
0,2,327,0.1,0.9,0.32642,0.99987,2283.36275065,2283.3627506473617,0:1:39
0,2,328,0.1,0.9,0.32642,0.99987,2291.58252921,2291.5825292059435,0:1:39
0,2,329,0.1,0.9,0.32642,0.99987,2297.05574737,2297.0557473744907,0:1:39
0,2,330,0.1,0.9,0.32642,0.99987,2304.14107708,2304.141077076319,0:1:39
0,2,331,0.1,0.9,0.32642,0.99987,2313.83364889,2313.833648887528,0:1:39
0,2,332,0.1,0.9,0.32642,0.99987,2323.61766334,2323.6176633387904,0:1:39
0,2,333,0.1,0.9,0.32642,0.99987,2328.80119739,2328.8011973864614,0:1:40
0,2,334,0.1,0.9,0.32642,0.99987,2338.34047677,2338.3404767745706,0:1:40
0,2,335,0.1,0.9,0.32642,0.99987,2346.00927012,2346.0092701214458,0:1:40
0,2,336,0.1,0.9,0.32642,0.99987,2353.10927828,2353.109278284026,0:1:40
0,2,337,0.1,0.9,0.32642,0.99987,2362.6144356,2362.61443560115,0:1:40
0,2,338,0.1,0.9,0.32642,0.99987,2367.74761091,2367.747610907934,0:1:40
0,2,339,0.1,0.9,0.32642,0.99987,2372.35079946,2372.350799459118,0:1:40
0,2,340,0.1,0.9,0.32642,0.99987,2376.95398801,2376.9539880103025,0:1:40
0,2,341,0.1,0.9,0.32642,0.99987,2384.45331369,2384.4533136889345,0:1:40
0,2,342,0.1,0.9,0.32642,0.99987,2393.86612711,2393.8661271051556,0:1:40
0,2,343,0.1,0.9,0.32642,0.99987,2400.8288503,2400.828850296966,0:1:40
0,2,344,0.1,0.9,0.32642,0.99987,2405.25027883,2405.250278830643,0:1:40
0,2,345,0.1,0.9,0.32642,0.99987,2412.03107513,2412.0310751324123,0:1:40
0,2,346,0.1,0.9,0.32642,0.99987,2419.61284786,2419.612847862966,0:1:41
0,2,347,0.1,0.9,0.32642,0.99987,2424.96237964,2424.9623796390665,0:1:41
0,2,348,0.1,0.9,0.32642,0.99987,2433.64806184,2433.6480618382566,0:1:41
0,2,349,0.1,0.9,0.32642,0.99987,2439.9121946,2439.9121945966326,0:1:41
0,2,350,0.1,0.9,0.32642,0.99987,2446.06024841,2446.0602484098936,0:1:41
0,2,351,0.1,0.9,0.32642,0.99987,2451.46397391,2451.463973913663,0:1:41
0,2,352,0.1,0.9,0.32642,0.99987,2457.37001338,2457.3700133762472,0:1:41
0,2,353,0.1,0.9,0.32642,0.99987,2460.92540526,2460.925405255143,0:1:41
0,2,354,0.1,0.9,0.32642,0.99987,2468.86803196,2468.8680319603977,0:1:41
0,2,355,0.1,0.9,0.32642,0.99987,2472.08572137,2472.085721370532,0:1:41
0,2,356,0.1,0.9,0.32642,0.99987,2480.19341324,2480.1934132381098,0:1:41
0,2,357,0.1,0.9,0.32642,0.99987,2487.46909306,2487.469093058141,0:1:41
0,2,358,0.1,0.9,0.32642,0.99987,2493.49382784,2493.4938278420377,0:1:42
0,2,359,0.1,0.9,0.32642,0.99987,2501.76277678,2501.762776778508,0:1:42
0,2,360,0.1,0.9,0.32642,0.99987,2504.46675797,2504.466757970814,0:1:42
0,2,361,0.1,0.9,0.32642,0.99987,2509.32758391,2509.3275839144603,0:1:42
0,2,362,0.1,0.9,0.32642,0.99987,2512.00529556,2512.0052955603574,0:1:42
0,2,363,0.1,0.9,0.32642,0.99987,2516.75013217,2516.750132168457,0:1:42
0,2,364,0.1,0.9,0.32642,0.99987,2521.42054098,2521.4205409819983,0:1:42
0,2,365,0.1,0.9,0.32642,0.99987,2529.5922625,2529.5922624997816,0:1:42
0,2,366,0.1,0.9,0.32642,0.99987,2535.98183308,2535.9818330756116,0:1:42
0,2,367,0.1,0.9,0.32642,0.99987,2542.17252081,2542.1725208085113,0:1:42
0,2,368,0.1,0.9,0.32642,0.99987,2550.36988244,2550.369882437767,0:1:42
0,2,369,0.1,0.9,0.32642,0.99987,2554.32400048,2554.3240004779846,0:1:42
0,2,370,0.1,0.9,0.32642,0.99987,2562.3921245,2562.3921244969074,0:1:43
0,2,371,0.1,0.9,0.32642,0.99987,2568.34401926,2568.344019264965,0:1:43
0,2,372,0.1,0.9,0.32642,0.99987,2570.09586823,2570.0958682340574,0:1:43
0,2,373,0.1,0.9,0.32642,0.99987,2576.54777586,2576.547775856913,0:1:43
0,2,374,0.1,0.9,0.32642,0.99987,2776.54777586,2776.547775856913,0:1:44
0,2,375,0.1,0.9,0.32642,0.99987,2770.16777586,2776.547775856913,0:1:44
0,2,376,0.1,0.9,0.32642,0.99987,2761.28777586,2776.547775856913,0:1:44
0,2,377,0.1,0.9,0.32642,0.99987,2762.40777586,2776.547775856913,0:1:44
0,2,378,0.1,0.9,0.32642,0.99987,2758.52777586,2776.547775856913,0:1:44
0,2,379,0.1,0.9,0.32642,0.99987,2754.60905413,2776.547775856913,0:1:44
0,2,380,0.1,0.9,0.32642,0.99987,2750.6903324,2776.547775856913,0:1:44
0,2,381,0.1,0.9,0.32642,0.99987,2751.74460779,2776.547775856913,0:1:44
0,2,382,0.1,0.9,0.32642,0.99987,2742.96026303,2776.547775856913,0:1:44
0,2,383,0.1,0.9,0.32642,0.99987,2744.06819841,2776.547775856913,0:1:45
0,2,384,0.1,0.9,0.32642,0.99987,2737.69757,2776.547775856913,0:1:45
0,2,385,0.1,0.9,0.32642,0.99987,2728.79451788,2776.547775856913,0:1:45
0,2,386,0.1,0.9,0.32642,0.99987,2724.83760583,2776.547775856913,0:1:45
0,2,387,0.1,0.9,0.32642,0.99987,2718.34827006,2776.547775856913,0:1:45
0,2,388,0.1,0.9,0.32642,0.99987,2719.19900615,2776.547775856913,0:1:45
0,2,389,0.1,0.9,0.32642,0.99987,2714.92554114,2776.547775856913,0:1:45
0,2,390,0.1,0.9,0.32642,0.99987,2705.70593605,2776.547775856913,0:1:45
0,2,391,0.1,0.9,0.32642,0.99987,2698.90004732,2776.547775856913,0:1:45
0,2,392,0.1,0.9,0.32642,0.99987,2694.40445793,2776.547775856913,0:1:45
0,2,393,0.1,0.9,0.32642,0.99987,2692.07709528,2776.547775856913,0:1:45
0,2,394,0.1,0.9,0.32642,0.99987,2689.67709528,2776.547775856913,0:1:45
0,2,395,0.1,0.9,0.32642,0.99987,2687.21709528,2776.547775856913,0:1:45
0,2,396,0.1,0.9,0.32642,0.99987,2677.18290487,2776.547775856913,0:1:46
0,2,397,0.1,0.9,0.32642,0.99987,2672.04758729,2776.547775856913,0:1:46
0,2,398,0.1,0.9,0.32642,0.99987,2664.30417536,2776.547775856913,0:1:46
0,2,399,0.1,0.9,0.32642,0.99987,2656.45773477,2776.547775856913,0:1:46
0,2,400,0.1,0.9,0.32642,0.99987,2653.63220305,2776.547775856913,0:1:46
0,2,401,0.1,0.9,0.32642,0.99987,2653.2234442,2776.547775856913,0:1:46
0,2,402,0.1,0.9,0.32642,0.99987,2650.18220419,2776.547775856913,0:1:46
0,2,403,0.1,0.9,0.32642,0.99987,2647.12445054,2776.547775856913,0:1:46
0,2,404,0.1,0.9,0.32642,0.99987,2637.02892707,2776.547775856913,0:1:46
0,2,405,0.1,0.9,0.32642,0.99987,2631.72401626,2776.547775856913,0:1:46
0,2,406,0.1,0.9,0.32642,0.99987,2629.06379041,2776.547775856913,0:1:46
0,2,407,0.1,0.9,0.32642,0.99987,2623.76445161,2776.547775856913,0:1:46
0,2,408,0.1,0.9,0.32642,0.99987,2618.50002057,2776.547775856913,0:1:46
0,2,409,0.1,0.9,0.32642,0.99987,2613.2710326,2776.547775856913,0:1:47
0,2,410,0.1,0.9,0.32642,0.99987,2605.33131458,2776.547775856913,0:1:47
0,2,411,0.1,0.9,0.32642,0.99987,2599.98066103,2776.547775856913,0:1:47
0,2,412,0.1,0.9,0.32642,0.99987,2589.23620348,2776.547775856913,0:1:47
0,2,413,0.1,0.9,0.32642,0.99987,2586.43788811,2776.547775856913,0:1:47
0,2,414,0.1,0.9,0.32642,0.99987,2575.71481169,2776.547775856913,0:1:47
0,2,415,0.1,0.9,0.32642,0.99987,2565.05752101,2776.547775856913,0:1:47
0,2,416,0.1,0.9,0.32642,0.99987,2564.55042502,2776.547775856913,0:1:47
0,2,417,0.1,0.9,0.32642,0.99987,2555.68726905,2776.547775856913,0:1:47
0,2,418,0.1,0.9,0.32642,0.99987,2554.8892438,2776.547775856913,0:1:47
0,2,419,0.1,0.9,0.32642,0.99987,2553.7912148,2776.547775856913,0:1:47
0,2,420,0.1,0.9,0.32642,0.99987,2546.98702422,2776.547775856913,0:1:48
0,2,421,0.1,0.9,0.32642,0.99987,2536.9065414,2776.547775856913,0:1:48
0,2,422,0.1,0.9,0.32642,0.99987,2526.91666966,2776.547775856913,0:1:48
0,2,423,0.1,0.9,0.32642,0.99987,2516.8725539,2776.547775856913,0:1:48
0,2,424,0.1,0.9,0.32642,0.99987,2506.79679903,2776.547775856913,0:1:48
0,2,425,0.1,0.9,0.32642,0.99987,2496.52819109,2776.547775856913,0:1:48
0,2,426,0.1,0.9,0.32642,0.99987,2488.65759859,2776.547775856913,0:1:48
0,2,427,0.1,0.9,0.32642,0.99987,2479.27797623,2776.547775856913,0:1:48
0,2,428,0.1,0.9,0.32642,0.99987,2476.86768607,2776.547775856913,0:1:48
0,2,429,0.1,0.9,0.32642,0.99987,2468.4667718,2776.547775856913,0:1:48
0,2,430,0.1,0.9,0.32642,0.99987,2462.55284825,2776.547775856913,0:1:48
0,2,431,0.1,0.9,0.32642,0.99987,2456.44032367,2776.547775856913,0:1:48
0,2,432,0.1,0.9,0.32642,0.99987,2450.25644668,2776.547775856913,0:1:48
0,2,433,0.1,0.9,0.32642,0.99987,2438.68241536,2776.547775856913,0:1:48
0,2,434,0.1,0.9,0.32642,0.99987,2435.22020397,2776.547775856913,0:1:49
0,2,435,0.1,0.9,0.32642,0.99987,2425.47392015,2776.547775856913,0:1:49
0,2,436,0.1,0.9,0.32642,0.99987,2415.6014042,2776.547775856913,0:1:49
0,2,437,0.1,0.9,0.32642,0.99987,2407.10031889,2776.547775856913,0:1:49
0,2,438,0.1,0.9,0.32642,0.99987,2403.31659884,2776.547775856913,0:1:49
0,2,439,0.1,0.9,0.32642,0.99987,2391.54378678,2776.547775856913,0:1:49
0,2,440,0.1,0.9,0.32642,0.99987,2381.45509089,2776.547775856913,0:1:49
