0,0,0,0.1,0.9,0.3259,0.99999,-3.32,0,0:0:2
0,0,1,0.1,0.9,0.3259,0.99999,-1.64,0,0:0:2
0,0,2,0.1,0.9,0.3259,0.99999,2.48,2.4800000000000004,0:0:2
0,0,3,0.1,0.9,0.3259,0.99999,4.1,4.1000000000000005,0:0:3
0,0,4,0.1,0.9,0.3259,0.99999,0.78,4.1000000000000005,0:0:3
0,0,5,0.1,0.9,0.3259,0.99999,2.46,4.1000000000000005,0:0:3
0,0,6,0.1,0.9,0.3259,0.99999,-3.3,4.1000000000000005,0:0:3
0,0,7,0.1,0.9,0.3259,0.99999,1.0,4.1000000000000005,0:0:3
0,0,8,0.1,0.9,0.3259,0.99999,0.36,4.1000000000000005,0:0:3
0,0,9,0.1,0.9,0.3259,0.99999,4.98,4.980000000000001,0:0:3
0,0,10,0.1,0.9,0.3259,0.99999,-0.34,4.980000000000001,0:0:3
0,0,11,0.1,0.9,0.3259,0.99999,-5.34,4.980000000000001,0:0:3
0,0,12,0.1,0.9,0.3259,0.99999,-0.2,4.980000000000001,0:0:3
0,0,13,0.1,0.9,0.3259,0.99999,2.62,4.980000000000001,0:0:3
0,0,14,0.1,0.9,0.3259,0.99999,8.38,8.38,0:0:4
0,0,15,0.1,0.9,0.3259,0.99999,4.54,8.38,0:0:4
0,0,16,0.1,0.9,0.3259,0.99999,0.94,8.38,0:0:4
0,0,17,0.1,0.9,0.3259,0.99999,2.66,8.38,0:0:4
0,0,18,0.1,0.9,0.3259,0.99999,2.14,8.38,0:0:4
0,0,19,0.1,0.9,0.3259,0.99999,6.93177164871,8.38,0:0:4
0,0,20,0.1,0.9,0.3259,0.99999,9.34762318826,9.347623188264901,0:0:4
0,0,21,0.1,0.9,0.3259,0.99999,14.3190862738,14.319086273799417,0:0:4
0,0,22,0.1,0.9,0.3259,0.99999,14.6185720018,14.618572001843665,0:0:4
0,0,23,0.1,0.9,0.3259,0.99999,20.1595259934,20.15952599340138,0:0:4
0,0,24,0.1,0.9,0.3259,0.99999,18.3457604782,20.15952599340138,0:0:4
0,0,25,0.1,0.9,0.3259,0.99999,21.7141821493,21.714182149306062,0:0:4
0,0,26,0.1,0.9,0.3259,0.99999,30.1850650501,30.185065050068758,0:0:5
0,0,27,0.1,0.9,0.3259,0.99999,36.3040322278,36.304032227796164,0:0:5
0,0,28,0.1,0.9,0.3259,0.99999,37.756536721,37.75653672103547,0:0:5
0,0,29,0.1,0.9,0.3259,0.99999,47.0485860134,47.04858601340199,0:0:5
0,0,30,0.1,0.9,0.3259,0.99999,54.0801634307,54.08016343068242,0:0:5
0,0,31,0.1,0.9,0.3259,0.99999,63.912453887,63.912453887049125,0:0:5
0,0,32,0.1,0.9,0.3259,0.99999,71.5665107015,71.56651070151143,0:0:5
0,0,33,0.1,0.9,0.3259,0.99999,80.5535182405,80.55351824052147,0:0:5
0,0,34,0.1,0.9,0.3259,0.99999,82.2163125869,82.21631258694623,0:0:5
0,0,35,0.1,0.9,0.3259,0.99999,86.9787707329,86.97877073289378,0:0:5
0,0,36,0.1,0.9,0.3259,0.99999,96.7043600115,96.7043600115085,0:0:5
0,0,37,0.1,0.9,0.3259,0.99999,106.114311504,106.11431150420468,0:0:5
0,0,38,0.1,0.9,0.3259,0.99999,115.252116009,115.25211600856628,0:0:6
0,0,39,0.1,0.9,0.3259,0.99999,118.908835969,118.90883596874545,0:0:6
0,0,40,0.1,0.9,0.3259,0.99999,122.703174422,122.70317442204966,0:0:6
0,0,41,0.1,0.9,0.3259,0.99999,131.617734318,131.61773431801396,0:0:6
0,0,42,0.1,0.9,0.3259,0.99999,139.754217246,139.75421724566934,0:0:6
0,0,43,0.1,0.9,0.3259,0.99999,148.774917223,148.77491722282087,0:0:6
0,0,44,0.1,0.9,0.3259,0.99999,152.972862017,152.97286201738274,0:0:6
0,0,45,0.1,0.9,0.3259,0.99999,158.518517367,158.51851736726013,0:0:6
0,0,46,0.1,0.9,0.3259,0.99999,164.064172717,164.06417271713752,0:0:6
0,0,47,0.1,0.9,0.3259,0.99999,168.298840896,168.29884089640106,0:0:6
0,0,48,0.1,0.9,0.3259,0.99999,176.055554552,176.05555455201298,0:0:6
0,0,49,0.1,0.9,0.3259,0.99999,180.469302121,180.46930212113818,0:0:7
0,0,50,0.1,0.9,0.3259,0.99999,185.667823096,185.66782309649588,0:0:7
0,0,51,0.1,0.9,0.3259,0.99999,190.240081248,190.2400812483771,0:0:7
0,0,52,0.1,0.9,0.3259,0.99999,199.619290699,199.61929069862614,0:0:7
0,0,53,0.1,0.9,0.3259,0.99999,204.675766089,204.6757660887067,0:0:7
0,0,54,0.1,0.9,0.3259,0.99999,212.13550925,212.13550924973805,0:0:7
0,0,55,0.1,0.9,0.3259,0.99999,216.676496138,216.6764961376963,0:0:7
0,0,56,0.1,0.9,0.3259,0.99999,223.600628298,223.60062829849798,0:0:7
0,0,57,0.1,0.9,0.3259,0.99999,232.655037965,232.6550379649553,0:0:7
0,0,58,0.1,0.9,0.3259,0.99999,240.279804,240.27980399986674,0:0:7
0,0,59,0.1,0.9,0.3259,0.99999,246.818040875,246.8180408748033,0:0:7
0,0,60,0.1,0.9,0.3259,0.99999,250.909327129,250.90932712924905,0:0:7
0,0,61,0.1,0.9,0.3259,0.99999,257.110572445,257.11057244547095,0:0:7
0,0,62,0.1,0.9,0.3259,0.99999,263.044886961,263.0448869605141,0:0:8
0,0,63,0.1,0.9,0.3259,0.99999,271.553765611,271.5537656106684,0:0:8
0,0,64,0.1,0.9,0.3259,0.99999,276.883887,276.8838870003136,0:0:8
0,0,65,0.1,0.9,0.3259,0.99999,284.367108713,284.3671087129987,0:0:8
0,0,66,0.1,0.9,0.3259,0.99999,293.604773791,293.6047737914379,0:0:8
0,0,67,0.1,0.9,0.3259,0.99999,302.920130979,302.9201309788602,0:0:8
0,0,68,0.1,0.9,0.3259,0.99999,310.034723333,310.03472333261436,0:0:8
0,0,69,0.1,0.9,0.3259,0.99999,316.913422049,316.91342204937706,0:0:8
0,0,70,0.1,0.9,0.3259,0.99999,324.003643075,324.003643074708,0:0:8
0,0,71,0.1,0.9,0.3259,0.99999,331.0938641,331.09386410003896,0:0:8
0,0,72,0.1,0.9,0.3259,0.99999,337.733244885,337.7332448851263,0:0:8
0,0,73,0.1,0.9,0.3259,0.99999,340.769535064,340.76953506447745,0:0:9
0,0,74,0.1,0.9,0.3259,0.99999,348.943126128,348.94312612830436,0:0:9
0,0,75,0.1,0.9,0.3259,0.99999,355.021368245,355.0213682446357,0:0:9
0,0,76,0.1,0.9,0.3259,0.99999,361.217902184,361.2179021835533,0:0:9
0,0,77,0.1,0.9,0.3259,0.99999,366.26575289,366.26575289040886,0:0:9
0,0,78,0.1,0.9,0.3259,0.99999,370.663597964,370.66359796386723,0:0:9
0,0,79,0.1,0.9,0.3259,0.99999,377.523451264,377.5234512641302,0:0:9
0,0,80,0.1,0.9,0.3259,0.99999,382.190402665,382.1904026648744,0:0:9
0,0,81,0.1,0.9,0.3259,0.99999,386.857354066,386.8573540656186,0:0:9
0,0,82,0.1,0.9,0.3259,0.99999,391.352513942,391.3525139417352,0:0:9
0,0,83,0.1,0.9,0.3259,0.99999,395.956867985,395.95686798488293,0:0:9
0,0,84,0.1,0.9,0.3259,0.99999,402.533622568,402.5336225678655,0:0:9
0,0,85,0.1,0.9,0.3259,0.99999,409.969663959,409.9696639594464,0:0:10
0,0,86,0.1,0.9,0.3259,0.99999,418.085140662,418.0851406616313,0:0:10
0,0,87,0.1,0.9,0.3259,0.99999,426.092170014,426.0921700136757,0:0:10
0,0,88,0.1,0.9,0.3259,0.99999,433.891644526,433.89164452554706,0:0:10
0,0,89,0.1,0.9,0.3259,0.99999,441.623803572,441.62380357171065,0:0:10
0,0,90,0.1,0.9,0.3259,0.99999,447.044987502,447.0449875015622,0:0:10
0,0,91,0.1,0.9,0.3259,0.99999,452.466171431,452.4661714314138,0:0:10
0,0,92,0.1,0.9,0.3259,0.99999,457.824301648,457.8243016478809,0:0:10
0,0,93,0.1,0.9,0.3259,0.99999,460.753141843,460.7531418428208,0:0:10
0,0,94,0.1,0.9,0.3259,0.99999,467.848752484,467.8487524844169,0:0:10
0,0,95,0.1,0.9,0.3259,0.99999,474.22029532,474.2202953200304,0:0:10
0,0,96,0.1,0.9,0.3259,0.99999,480.716421395,480.71642139544645,0:0:11
0,0,97,0.1,0.9,0.3259,0.99999,485.221527767,485.22152776660965,0:0:11
0,0,98,0.1,0.9,0.3259,0.99999,487.452513301,487.45251330134795,0:0:11
0,0,99,0.1,0.9,0.3259,0.99999,493.762803058,493.7628030575501,0:0:11
0,0,100,0.1,0.9,0.3259,0.99999,497.863607605,497.863607604998,0:0:11
0,0,101,0.1,0.9,0.3259,0.99999,501.615673366,501.61567336596846,0:0:11
0,0,102,0.1,0.9,0.3259,0.99999,502.758707161,502.7587071608999,0:0:11
0,0,103,0.1,0.9,0.3259,0.99999,505.655280538,505.65528053843565,0:0:11
0,0,104,0.1,0.9,0.3259,0.99999,508.266490147,508.2664901472018,0:0:11
0,0,105,0.1,0.9,0.3259,0.99999,512.447760451,512.4477604508044,0:0:11
0,0,106,0.1,0.9,0.3259,0.99999,518.577927873,518.5779278725547,0:0:11
0,0,107,0.1,0.9,0.3259,0.99999,526.545688818,526.5456888181822,0:0:12
0,0,108,0.1,0.9,0.3259,0.99999,532.219731154,532.2197311535936,0:0:12
0,0,109,0.1,0.9,0.3259,0.99999,533.490298916,533.4902989158176,0:0:12
0,0,110,0.1,0.9,0.3259,0.99999,534.75868862,534.7586886201483,0:0:12
0,0,111,0.1,0.9,0.3259,0.99999,533.855178146,534.7586886201483,0:0:12
0,0,112,0.1,0.9,0.3259,0.99999,539.284293406,539.2842934059303,0:0:12
0,0,113,0.1,0.9,0.3259,0.99999,542.487694569,542.4876945690486,0:0:12
0,0,114,0.1,0.9,0.3259,0.99999,549.916122131,549.9161221310906,0:0:12
0,0,115,0.1,0.9,0.3259,0.99999,552.941171909,552.9411719089644,0:0:12
0,0,116,0.1,0.9,0.3259,0.99999,558.118081824,558.1180818238024,0:0:12
0,0,117,0.1,0.9,0.3259,0.99999,561.206971406,561.2069714063224,0:0:12
0,0,118,0.1,0.9,0.3259,0.99999,560.087230392,561.2069714063224,0:0:12
0,0,119,0.1,0.9,0.3259,0.99999,563.325865941,563.3258659406375,0:0:12
0,0,120,0.1,0.9,0.3259,0.99999,568.70860644,568.7086064397395,0:0:13
0,0,121,0.1,0.9,0.3259,0.99999,576.279594673,576.2795946734545,0:0:13
0,0,122,0.1,0.9,0.3259,0.99999,577.582108824,577.5821088243414,0:0:13
0,0,123,0.1,0.9,0.3259,0.99999,583.272039062,583.2720390624261,0:0:13
0,0,124,0.1,0.9,0.3259,0.99999,584.726301075,584.7263010753705,0:0:13
0,0,125,0.1,0.9,0.3259,0.99999,592.702491082,592.7024910821287,0:0:13
0,0,126,0.1,0.9,0.3259,0.99999,592.293282505,592.7024910821287,0:0:13
0,0,127,0.1,0.9,0.3259,0.99999,596.191121044,596.1911210442369,0:0:13
0,0,128,0.1,0.9,0.3259,0.99999,595.953233734,596.1911210442369,0:0:13
0,0,129,0.1,0.9,0.3259,0.99999,595.715346425,596.1911210442369,0:0:13
0,0,130,0.1,0.9,0.3259,0.99999,599.667684048,599.6676840479571,0:0:14
0,0,131,0.1,0.9,0.3259,0.99999,603.54551144,603.545511440225,0:0:14
0,0,132,0.1,0.9,0.3259,0.99999,603.190512413,603.545511440225,0:0:14
0,0,133,0.1,0.9,0.3259,0.99999,606.953801727,606.9538017274097,0:0:14
0,0,134,0.1,0.9,0.3259,0.99999,610.660099438,610.6600994377663,0:0:14
0,0,135,0.1,0.9,0.3259,0.99999,610.105107804,610.6600994377663,0:0:14
0,0,136,0.1,0.9,0.3259,0.99999,611.649704851,611.6497048511754,0:0:14
0,0,137,0.1,0.9,0.3259,0.99999,612.97604362,612.9760436202042,0:0:14
0,0,138,0.1,0.9,0.3259,0.99999,614.082224595,614.0822245950485,0:0:14
0,0,139,0.1,0.9,0.3259,0.99999,616.96005749,616.960057489553,0:0:14
0,0,140,0.1,0.9,0.3259,0.99999,617.528931434,617.5289314338156,0:0:15
0,0,141,0.1,0.9,0.3259,0.99999,621.854983736,621.854983736461,0:0:15
0,0,142,0.1,0.9,0.3259,0.99999,623.876035198,623.8760351983146,0:0:15
0,0,143,0.1,0.9,0.3259,0.99999,629.962144427,629.9621444267132,0:0:15
0,0,144,0.1,0.9,0.3259,0.99999,633.84724977,633.847249769773,0:0:15
0,0,145,0.1,0.9,0.3259,0.99999,635.598048315,635.5980483149287,0:0:15
0,0,146,0.1,0.9,0.3259,0.99999,637.345845571,637.3458455714447,0:0:15
0,0,147,0.1,0.9,0.3259,0.99999,639.043705763,639.0437057634887,0:0:15
0,0,148,0.1,0.9,0.3259,0.99999,636.530206852,639.0437057634887,0:0:15
0,0,149,0.1,0.9,0.3259,0.99999,636.09741896,639.0437057634887,0:0:15
0,0,150,0.1,0.9,0.3259,0.99999,641.846954055,641.8469540551754,0:0:15
0,0,151,0.1,0.9,0.3259,0.99999,643.442200787,643.4422007868825,0:0:15
0,0,152,0.1,0.9,0.3259,0.99999,645.037447519,645.0374475185896,0:0:15
0,0,153,0.1,0.9,0.3259,0.99999,648.709838432,648.7098384322071,0:0:16
0,0,154,0.1,0.9,0.3259,0.99999,646.155183611,648.7098384322071,0:0:16
0,0,155,0.1,0.9,0.3259,0.99999,651.894862625,651.8948626245773,0:0:16
0,0,156,0.1,0.9,0.3259,0.99999,651.463557265,651.8948626245773,0:0:16
0,0,157,0.1,0.9,0.3259,0.99999,653.103020106,653.1030201058181,0:0:16
0,0,158,0.1,0.9,0.3259,0.99999,658.882540625,658.8825406247867,0:0:16
0,0,159,0.1,0.9,0.3259,0.99999,662.641712997,662.6417129967232,0:0:16
0,0,160,0.1,0.9,0.3259,0.99999,660.244595833,662.6417129967232,0:0:16
0,0,161,0.1,0.9,0.3259,0.99999,666.16299545,666.1629954504843,0:0:16
0,0,162,0.1,0.9,0.3259,0.99999,672.236284541,672.2362845407441,0:0:16
0,0,163,0.1,0.9,0.3259,0.99999,676.41167079,676.4116707902976,0:0:16
0,0,164,0.1,0.9,0.3259,0.99999,680.735588567,680.7355885665152,0:0:16
0,0,165,0.1,0.9,0.3259,0.99999,679.03864173,680.7355885665152,0:0:16
0,0,166,0.1,0.9,0.3259,0.99999,685.880581057,685.8805810571353,0:0:17
0,0,167,0.1,0.9,0.3259,0.99999,687.015421955,687.0154219550633,0:0:17
0,0,168,0.1,0.9,0.3259,0.99999,692.729155824,692.7291558236897,0:0:17
0,0,169,0.1,0.9,0.3259,0.99999,692.45003664,692.7291558236897,0:0:17
0,0,170,0.1,0.9,0.3259,0.99999,700.563398374,700.5633983742724,0:0:17
0,0,171,0.1,0.9,0.3259,0.99999,700.792473826,700.792473826396,0:0:17
0,0,172,0.1,0.9,0.3259,0.99999,701.086999408,701.0869994076977,0:0:17
0,0,173,0.1,0.9,0.3259,0.99999,703.52501672,703.5250167195845,0:0:17
0,0,174,0.1,0.9,0.3259,0.99999,709.944468534,709.9444685344953,0:0:17
0,0,175,0.1,0.9,0.3259,0.99999,712.21496167,712.214961670049,0:0:17
0,0,176,0.1,0.9,0.3259,0.99999,712.394640983,712.3946409829346,0:0:17
0,0,177,0.1,0.9,0.3259,0.99999,718.650747968,718.6507479679494,0:0:18
0,0,178,0.1,0.9,0.3259,0.99999,722.81604113,722.8160411302961,0:0:18
0,0,179,0.1,0.9,0.3259,0.99999,724.772818942,724.7728189424422,0:0:18
0,0,180,0.1,0.9,0.3259,0.99999,728.670068085,728.6700680849665,0:0:18
0,0,181,0.1,0.9,0.3259,0.99999,734.507788558,734.5077885578689,0:0:18
0,0,182,0.1,0.9,0.3259,0.99999,742.305203732,742.3052037318739,0:0:18
0,0,183,0.1,0.9,0.3259,0.99999,741.914519047,742.3052037318739,0:0:18
0,0,184,0.1,0.9,0.3259,0.99999,743.458328255,743.4583282549842,0:0:18
0,0,185,0.1,0.9,0.3259,0.99999,742.712081029,743.4583282549842,0:0:18
0,0,186,0.1,0.9,0.3259,0.99999,749.866320738,749.8663207375367,0:0:18
0,0,187,0.1,0.9,0.3259,0.99999,750.481729068,750.4817290680827,0:0:18
0,0,188,0.1,0.9,0.3259,0.99999,752.906808172,752.9068081722675,0:0:18
0,0,189,0.1,0.9,0.3259,0.99999,750.727978429,752.9068081722675,0:0:19
0,0,190,0.1,0.9,0.3259,0.99999,754.391640294,754.39164029359,0:0:19
0,0,191,0.1,0.9,0.3259,0.99999,753.76220059,754.39164029359,0:0:19
0,0,192,0.1,0.9,0.3259,0.99999,752.876050895,754.39164029359,0:0:19
0,0,193,0.1,0.9,0.3259,0.99999,749.782582868,754.39164029359,0:0:19
0,0,194,0.1,0.9,0.3259,0.99999,748.139177978,754.39164029359,0:0:19
0,0,195,0.1,0.9,0.3259,0.99999,748.251960667,754.39164029359,0:0:19
0,0,196,0.1,0.9,0.3259,0.99999,744.127336631,754.39164029359,0:0:19
0,0,197,0.1,0.9,0.3259,0.99999,747.897500789,754.39164029359,0:0:19
0,0,198,0.1,0.9,0.3259,0.99999,747.285251909,754.39164029359,0:0:19
0,0,199,0.1,0.9,0.3259,0.99999,748.63864417,754.39164029359,0:0:19
0,0,200,0.1,0.9,0.3259,0.99999,749.943700994,754.39164029359,0:0:19
0,0,201,0.1,0.9,0.3259,0.99999,747.17246922,754.39164029359,0:0:20
0,0,202,0.1,0.9,0.3259,0.99999,744.283502375,754.39164029359,0:0:20
0,0,203,0.1,0.9,0.3259,0.99999,745.332568548,754.39164029359,0:0:20
0,0,204,0.1,0.9,0.3259,0.99999,746.268658364,754.39164029359,0:0:20
0,0,205,0.1,0.9,0.3259,0.99999,749.173764688,754.39164029359,0:0:20
0,0,206,0.1,0.9,0.3259,0.99999,743.960712784,754.39164029359,0:0:20
0,0,207,0.1,0.9,0.3259,0.99999,740.711106784,754.39164029359,0:0:20
0,0,208,0.1,0.9,0.3259,0.99999,737.348330426,754.39164029359,0:0:20
0,0,209,0.1,0.9,0.3259,0.99999,731.916153233,754.39164029359,0:0:20
0,0,210,0.1,0.9,0.3259,0.99999,730.267099442,754.39164029359,0:0:20
0,0,211,0.1,0.9,0.3259,0.99999,724.258770741,754.39164029359,0:0:20
0,0,212,0.1,0.9,0.3259,0.99999,718.153272304,754.39164029359,0:0:20
0,0,213,0.1,0.9,0.3259,0.99999,719.98330234,754.39164029359,0:0:21
0,0,214,0.1,0.9,0.3259,0.99999,719.593955961,754.39164029359,0:0:21
0,0,215,0.1,0.9,0.3259,0.99999,716.917199607,754.39164029359,0:0:21
0,0,216,0.1,0.9,0.3259,0.99999,718.135996351,754.39164029359,0:0:21
0,0,217,0.1,0.9,0.3259,0.99999,719.257289355,754.39164029359,0:0:21
0,0,218,0.1,0.9,0.3259,0.99999,720.378582358,754.39164029359,0:0:21
0,0,219,0.1,0.9,0.3259,0.99999,719.468547457,754.39164029359,0:0:21
0,0,220,0.1,0.9,0.3259,0.99999,716.52213379,754.39164029359,0:0:21
0,0,221,0.1,0.9,0.3259,0.99999,709.554923572,754.39164029359,0:0:21
0,0,222,0.1,0.9,0.3259,0.99999,704.614059596,754.39164029359,0:0:21
0,0,223,0.1,0.9,0.3259,0.99999,705.788126283,754.39164029359,0:0:21
0,0,224,0.1,0.9,0.3259,0.99999,700.798342862,754.39164029359,0:0:21
0,0,225,0.1,0.9,0.3259,0.99999,695.750987619,754.39164029359,0:0:21
0,0,226,0.1,0.9,0.3259,0.99999,690.638294443,754.39164029359,0:0:21
0,0,227,0.1,0.9,0.3259,0.99999,687.463963178,754.39164029359,0:0:22
0,0,228,0.1,0.9,0.3259,0.99999,682.146140182,754.39164029359,0:0:22
0,0,229,0.1,0.9,0.3259,0.99999,674.557278601,754.39164029359,0:0:22
0,0,230,0.1,0.9,0.3259,0.99999,671.016902571,754.39164029359,0:0:22
0,0,231,0.1,0.9,0.3259,0.99999,663.329697211,754.39164029359,0:0:22
0,0,232,0.1,0.9,0.3259,0.99999,663.411791089,754.39164029359,0:0:22
0,0,233,0.1,0.9,0.3259,0.99999,663.346003211,754.39164029359,0:0:22
0,0,234,0.1,0.9,0.3259,0.99999,659.045972879,754.39164029359,0:0:22
0,0,235,0.1,0.9,0.3259,0.99999,658.815319911,754.39164029359,0:0:22
0,0,236,0.1,0.9,0.3259,0.99999,658.584270869,754.39164029359,0:0:22
0,0,237,0.1,0.9,0.3259,0.99999,652.252575189,754.39164029359,0:0:23
0,0,238,0.1,0.9,0.3259,0.99999,644.003185779,754.39164029359,0:0:23
0,0,239,0.1,0.9,0.3259,0.99999,643.986625548,754.39164029359,0:0:23
0,0,240,0.1,0.9,0.3259,0.99999,639.872635966,754.39164029359,0:0:23
0,0,241,0.1,0.9,0.3259,0.99999,635.751581909,754.39164029359,0:0:23
0,0,242,0.1,0.9,0.3259,0.99999,631.630527853,754.39164029359,0:0:23
0,0,243,0.1,0.9,0.3259,0.99999,625.471623234,754.39164029359,0:0:23
0,0,244,0.1,0.9,0.3259,0.99999,619.252119831,754.39164029359,0:0:23
0,0,245,0.1,0.9,0.3259,0.99999,613.032616428,754.39164029359,0:0:23
0,0,246,0.1,0.9,0.3259,0.99999,604.697867011,754.39164029359,0:0:23
0,0,247,0.1,0.9,0.3259,0.99999,604.564014318,754.39164029359,0:0:24
0,0,248,0.1,0.9,0.3259,0.99999,596.519061774,754.39164029359,0:0:24
0,0,249,0.1,0.9,0.3259,0.99999,594.038534739,754.39164029359,0:0:24
0,0,250,0.1,0.9,0.3259,0.99999,587.075912421,754.39164029359,0:0:24
0,0,251,0.1,0.9,0.3259,0.99999,581.928812686,754.39164029359,0:0:24
0,0,252,0.1,0.9,0.3259,0.99999,576.603827281,754.39164029359,0:0:24
0,0,253,0.1,0.9,0.3259,0.99999,573.284813443,754.39164029359,0:0:24
0,0,254,0.1,0.9,0.3259,0.99999,572.029564584,754.39164029359,0:0:24
0,0,255,0.1,0.9,0.3259,0.99999,564.778563633,754.39164029359,0:0:24
0,0,256,0.1,0.9,0.3259,0.99999,559.314781226,754.39164029359,0:0:24
0,0,257,0.1,0.9,0.3259,0.99999,553.883456981,754.39164029359,0:0:24
0,0,258,0.1,0.9,0.3259,0.99999,546.492384163,754.39164029359,0:0:25
0,0,259,0.1,0.9,0.3259,0.99999,539.088619515,754.39164029359,0:0:25
0,0,260,0.1,0.9,0.3259,0.99999,535.729504074,754.39164029359,0:0:25
0,0,261,0.1,0.9,0.3259,0.99999,532.364620414,754.39164029359,0:0:25
0,0,262,0.1,0.9,0.3259,0.99999,524.694645134,754.39164029359,0:0:25
0,0,263,0.1,0.9,0.3259,0.99999,517.317023172,754.39164029359,0:0:25
0,0,264,0.1,0.9,0.3259,0.99999,509.978412834,754.39164029359,0:0:25
0,0,265,0.1,0.9,0.3259,0.99999,502.230304328,754.39164029359,0:0:25
0,0,266,0.1,0.9,0.3259,0.99999,496.560496744,754.39164029359,0:0:25
0,0,267,0.1,0.9,0.3259,0.99999,489.369521272,754.39164029359,0:0:25
0,0,268,0.1,0.9,0.3259,0.99999,483.402698111,754.39164029359,0:0:25
0,0,269,0.1,0.9,0.3259,0.99999,476.556868748,754.39164029359,0:0:25
0,0,270,0.1,0.9,0.3259,0.99999,472.414469742,754.39164029359,0:0:25
0,0,271,0.1,0.9,0.3259,0.99999,463.868596164,754.39164029359,0:0:25
0,0,272,0.1,0.9,0.3259,0.99999,455.203438199,754.39164029359,0:0:26
0,0,273,0.1,0.9,0.3259,0.99999,446.802838399,754.39164029359,0:0:26
0,0,274,0.1,0.9,0.3259,0.99999,439.682432484,754.39164029359,0:0:26
0,0,275,0.1,0.9,0.3259,0.99999,434.345715473,754.39164029359,0:0:26
0,0,276,0.1,0.9,0.3259,0.99999,426.397234315,754.39164029359,0:0:26
0,0,277,0.1,0.9,0.3259,0.99999,418.276566165,754.39164029359,0:0:26
0,0,278,0.1,0.9,0.3259,0.99999,409.912560786,754.39164029359,0:0:26
0,0,279,0.1,0.9,0.3259,0.99999,401.481165229,754.39164029359,0:0:26
0,0,280,0.1,0.9,0.3259,0.99999,394.48720264,754.39164029359,0:0:26
0,0,281,0.1,0.9,0.3259,0.99999,389.761155019,754.39164029359,0:0:26
0,0,282,0.1,0.9,0.3259,0.99999,383.31842176,754.39164029359,0:0:26
0,0,283,0.1,0.9,0.3259,0.99999,378.83586756,754.39164029359,0:0:27
0,0,284,0.1,0.9,0.3259,0.99999,372.359887209,754.39164029359,0:0:27
0,0,285,0.1,0.9,0.3259,0.99999,365.227660366,754.39164029359,0:0:27
0,0,286,0.1,0.9,0.3259,0.99999,360.281694012,754.39164029359,0:0:27
0,0,287,0.1,0.9,0.3259,0.99999,352.903857604,754.39164029359,0:0:27
0,0,288,0.1,0.9,0.3259,0.99999,347.482051997,754.39164029359,0:0:27
0,0,289,0.1,0.9,0.3259,0.99999,344.12594719,754.39164029359,0:0:27
0,0,290,0.1,0.9,0.3259,0.99999,338.685505125,754.39164029359,0:0:27
0,0,291,0.1,0.9,0.3259,0.99999,330.251945986,754.39164029359,0:0:27
0,0,292,0.1,0.9,0.3259,0.99999,323.856869706,754.39164029359,0:0:27
0,0,293,0.1,0.9,0.3259,0.99999,314.993943149,754.39164029359,0:0:27
0,0,294,0.1,0.9,0.3259,0.99999,308.029976605,754.39164029359,0:0:27
0,0,295,0.1,0.9,0.3259,0.99999,299.027015869,754.39164029359,0:0:28
0,0,296,0.1,0.9,0.3259,0.99999,291.984233148,754.39164029359,0:0:28
0,0,297,0.1,0.9,0.3259,0.99999,283.100015903,754.39164029359,0:0:28
0,0,298,0.1,0.9,0.3259,0.99999,277.961138478,754.39164029359,0:0:28
0,0,299,0.1,0.9,0.3259,0.99999,269.396342768,754.39164029359,0:0:28
0,0,300,0.1,0.9,0.3259,0.99999,263.999532446,754.39164029359,0:0:28
0,0,301,0.1,0.9,0.3259,0.99999,258.426829129,754.39164029359,0:0:28
0,0,302,0.1,0.9,0.3259,0.99999,252.788919188,754.39164029359,0:0:28
0,0,303,0.1,0.9,0.3259,0.99999,244.758606675,754.39164029359,0:0:28
0,0,304,0.1,0.9,0.3259,0.99999,241.353067442,754.39164029359,0:0:28
0,0,305,0.1,0.9,0.3259,0.99999,235.621340209,754.39164029359,0:0:28
0,0,306,0.1,0.9,0.3259,0.99999,230.112666339,754.39164029359,0:0:29
0,0,307,0.1,0.9,0.3259,0.99999,224.660012882,754.39164029359,0:0:29
0,0,308,0.1,0.9,0.3259,0.99999,221.961790222,754.39164029359,0:0:29
0,0,309,0.1,0.9,0.3259,0.99999,212.802111544,754.39164029359,0:0:29
0,0,310,0.1,0.9,0.3259,0.99999,205.093265056,754.39164029359,0:0:29
0,0,311,0.1,0.9,0.3259,0.99999,199.103941374,754.39164029359,0:0:29
0,0,312,0.1,0.9,0.3259,0.99999,197.990806473,754.39164029359,0:0:29
0,0,313,0.1,0.9,0.3259,0.99999,194.948052853,754.39164029359,0:0:29
0,0,314,0.1,0.9,0.3259,0.99999,192.368941651,754.39164029359,0:0:29
0,0,315,0.1,0.9,0.3259,0.99999,187.608964359,754.39164029359,0:0:29
0,0,316,0.1,0.9,0.3259,0.99999,187.836923772,754.39164029359,0:0:29
0,0,317,0.1,0.9,0.3259,0.99999,179.083474111,754.39164029359,0:0:30
0,0,318,0.1,0.9,0.3259,0.99999,180.208127101,754.39164029359,0:0:30
0,0,319,0.1,0.9,0.3259,0.99999,176.75792047,754.39164029359,0:0:30
0,0,320,0.1,0.9,0.3259,0.99999,173.779155399,754.39164029359,0:0:30
0,0,321,0.1,0.9,0.3259,0.99999,166.274958777,754.39164029359,0:0:30
0,0,322,0.1,0.9,0.3259,0.99999,158.815258383,754.39164029359,0:0:30
0,0,323,0.1,0.9,0.3259,0.99999,161.053168501,754.39164029359,0:0:30
0,0,324,0.1,0.9,0.3259,0.99999,160.900149006,754.39164029359,0:0:30
0,0,325,0.1,0.9,0.3259,0.99999,163.195441435,754.39164029359,0:0:30
0,0,326,0.1,0.9,0.3259,0.99999,158.367050313,754.39164029359,0:0:30
0,0,327,0.1,0.9,0.3259,0.99999,151.20110476,754.39164029359,0:0:30
0,0,328,0.1,0.9,0.3259,0.99999,146.487675332,754.39164029359,0:0:30
0,0,329,0.1,0.9,0.3259,0.99999,148.848436958,754.39164029359,0:0:30
0,0,330,0.1,0.9,0.3259,0.99999,151.151619031,754.39164029359,0:0:31
0,0,331,0.1,0.9,0.3259,0.99999,148.65222055,754.39164029359,0:0:31
0,0,332,0.1,0.9,0.3259,0.99999,148.556089839,754.39164029359,0:0:31
0,0,333,0.1,0.9,0.3259,0.99999,150.920905325,754.39164029359,0:0:31
0,0,334,0.1,0.9,0.3259,0.99999,150.940164482,754.39164029359,0:0:31
0,0,335,0.1,0.9,0.3259,0.99999,148.802398057,754.39164029359,0:0:31
0,0,336,0.1,0.9,0.3259,0.99999,146.780186574,754.39164029359,0:0:31
0,0,337,0.1,0.9,0.3259,0.99999,142.485394567,754.39164029359,0:0:31
0,0,338,0.1,0.9,0.3259,0.99999,145.533566669,754.39164029359,0:0:31
0,0,339,0.1,0.9,0.3259,0.99999,141.597952057,754.39164029359,0:0:31
0,0,340,0.1,0.9,0.3259,0.99999,137.835967502,754.39164029359,0:0:31
0,0,341,0.1,0.9,0.3259,0.99999,131.7098294,754.39164029359,0:0:31
0,0,342,0.1,0.9,0.3259,0.99999,132.908001521,754.39164029359,0:0:32
0,0,343,0.1,0.9,0.3259,0.99999,131.748480114,754.39164029359,0:0:32
0,0,344,0.1,0.9,0.3259,0.99999,133.004628305,754.39164029359,0:0:32
0,0,345,0.1,0.9,0.3259,0.99999,131.843115787,754.39164029359,0:0:32
0,0,346,0.1,0.9,0.3259,0.99999,128.261785522,754.39164029359,0:0:32
0,0,347,0.1,0.9,0.3259,0.99999,131.939908497,754.39164029359,0:0:32
0,0,348,0.1,0.9,0.3259,0.99999,130.720320353,754.39164029359,0:0:32
0,0,349,0.1,0.9,0.3259,0.99999,126.997097798,754.39164029359,0:0:32
0,0,350,0.1,0.9,0.3259,0.99999,130.545794295,754.39164029359,0:0:32
0,0,351,0.1,0.9,0.3259,0.99999,134.03631544,754.39164029359,0:0:32
0,0,352,0.1,0.9,0.3259,0.99999,130.254917533,754.39164029359,0:0:32
0,0,353,0.1,0.9,0.3259,0.99999,126.415344274,754.39164029359,0:0:33
0,0,354,0.1,0.9,0.3259,0.99999,127.30889811,754.39164029359,0:0:33
0,0,355,0.1,0.9,0.3259,0.99999,125.696616188,754.39164029359,0:0:33
0,0,356,0.1,0.9,0.3259,0.99999,119.228063419,754.39164029359,0:0:33
0,0,357,0.1,0.9,0.3259,0.99999,122.360872231,754.39164029359,0:0:33
0,0,358,0.1,0.9,0.3259,0.99999,123.003000745,754.39164029359,0:0:33
0,0,359,0.1,0.9,0.3259,0.99999,121.212824281,754.39164029359,0:0:33
0,0,360,0.1,0.9,0.3259,0.99999,124.228882454,754.39164029359,0:0:33
0,0,361,0.1,0.9,0.3259,0.99999,127.191644191,754.39164029359,0:0:33
0,0,362,0.1,0.9,0.3259,0.99999,130.212881489,754.39164029359,0:0:33
0,0,363,0.1,0.9,0.3259,0.99999,126.03446202,754.39164029359,0:0:33
0,0,364,0.1,0.9,0.3259,0.99999,129.295191232,754.39164029359,0:0:34
0,0,365,0.1,0.9,0.3259,0.99999,122.929935404,754.39164029359,0:0:34
0,0,366,0.1,0.9,0.3259,0.99999,126.391852419,754.39164029359,0:0:34
0,0,367,0.1,0.9,0.3259,0.99999,129.971122553,754.39164029359,0:0:34
0,0,368,0.1,0.9,0.3259,0.99999,126.352734713,754.39164029359,0:0:34
0,0,369,0.1,0.9,0.3259,0.99999,122.982835147,754.39164029359,0:0:34
0,0,370,0.1,0.9,0.3259,0.99999,117.222657984,754.39164029359,0:0:34
0,0,371,0.1,0.9,0.3259,0.99999,121.376255122,754.39164029359,0:0:34
0,0,372,0.1,0.9,0.3259,0.99999,123.139574662,754.39164029359,0:0:34
0,0,373,0.1,0.9,0.3259,0.99999,125.043304727,754.39164029359,0:0:34
0,0,374,0.1,0.9,0.3259,0.99999,129.773190765,754.39164029359,0:0:34
0,0,375,0.1,0.9,0.3259,0.99999,125.318069891,754.39164029359,0:0:35
0,0,376,0.1,0.9,0.3259,0.99999,126.258506979,754.39164029359,0:0:35
0,0,377,0.1,0.9,0.3259,0.99999,127.512423096,754.39164029359,0:0:35
0,0,378,0.1,0.9,0.3259,0.99999,128.825116532,754.39164029359,0:0:35
0,0,379,0.1,0.9,0.3259,0.99999,125.239700134,754.39164029359,0:0:35
0,0,380,0.1,0.9,0.3259,0.99999,131.498533155,754.39164029359,0:0:35
0,0,381,0.1,0.9,0.3259,0.99999,127.977939581,754.39164029359,0:0:35
0,0,382,0.1,0.9,0.3259,0.99999,131.791915953,754.39164029359,0:0:35
0,0,383,0.1,0.9,0.3259,0.99999,128.329998938,754.39164029359,0:0:35
0,0,384,0.1,0.9,0.3259,0.99999,134.636678792,754.39164029359,0:0:35
0,0,385,0.1,0.9,0.3259,0.99999,141.021459945,754.39164029359,0:0:36
0,0,386,0.1,0.9,0.3259,0.99999,137.643578785,754.39164029359,0:0:36
0,0,387,0.1,0.9,0.3259,0.99999,141.646270333,754.39164029359,0:0:36
0,0,388,0.1,0.9,0.3259,0.99999,148.137057561,754.39164029359,0:0:36
0,0,389,0.1,0.9,0.3259,0.99999,154.686320349,754.39164029359,0:0:36
0,0,390,0.1,0.9,0.3259,0.99999,161.372026112,754.39164029359,0:0:36
0,0,391,0.1,0.9,0.3259,0.99999,158.686761416,754.39164029359,0:0:36
0,0,392,0.1,0.9,0.3259,0.99999,158.550552337,754.39164029359,0:0:36
0,0,393,0.1,0.9,0.3259,0.99999,158.725678296,754.39164029359,0:0:36
0,0,394,0.1,0.9,0.3259,0.99999,166.437436402,754.39164029359,0:0:36
0,0,395,0.1,0.9,0.3259,0.99999,166.923063487,754.39164029359,0:0:36
0,0,396,0.1,0.9,0.3259,0.99999,174.990045689,754.39164029359,0:0:37
0,0,397,0.1,0.9,0.3259,0.99999,180.749405578,754.39164029359,0:0:37
0,0,398,0.1,0.9,0.3259,0.99999,186.692477963,754.39164029359,0:0:37
0,0,399,0.1,0.9,0.3259,0.99999,190.448035105,754.39164029359,0:0:37
0,0,400,0.1,0.9,0.3259,0.99999,189.559068693,754.39164029359,0:0:37
0,0,401,0.1,0.9,0.3259,0.99999,189.096055209,754.39164029359,0:0:37
0,0,402,0.1,0.9,0.3259,0.99999,191.102446972,754.39164029359,0:0:37
0,0,403,0.1,0.9,0.3259,0.99999,195.589830549,754.39164029359,0:0:37
0,0,404,0.1,0.9,0.3259,0.99999,195.320664558,754.39164029359,0:0:37
0,0,405,0.1,0.9,0.3259,0.99999,197.393528425,754.39164029359,0:0:37
0,0,406,0.1,0.9,0.3259,0.99999,204.130335991,754.39164029359,0:0:37
0,0,407,0.1,0.9,0.3259,0.99999,203.498046677,754.39164029359,0:0:37
0,0,408,0.1,0.9,0.3259,0.99999,202.865757364,754.39164029359,0:0:37
0,0,409,0.1,0.9,0.3259,0.99999,206.652989871,754.39164029359,0:0:38
0,0,410,0.1,0.9,0.3259,0.99999,212.515046775,754.39164029359,0:0:38
0,0,411,0.1,0.9,0.3259,0.99999,213.410956784,754.39164029359,0:0:38
0,0,412,0.1,0.9,0.3259,0.99999,221.27003224,754.39164029359,0:0:38
0,0,413,0.1,0.9,0.3259,0.99999,219.538371546,754.39164029359,0:0:38
0,0,414,0.1,0.9,0.3259,0.99999,219.956297136,754.39164029359,0:0:38
0,0,415,0.1,0.9,0.3259,0.99999,227.364978044,754.39164029359,0:0:38
0,0,416,0.1,0.9,0.3259,0.99999,232.342091886,754.39164029359,0:0:38
0,0,417,0.1,0.9,0.3259,0.99999,237.139997283,754.39164029359,0:0:38
0,0,418,0.1,0.9,0.3259,0.99999,236.950356754,754.39164029359,0:0:38
0,0,419,0.1,0.9,0.3259,0.99999,234.148488239,754.39164029359,0:0:38
0,0,420,0.1,0.9,0.3259,0.99999,240.642007837,754.39164029359,0:0:38
0,0,421,0.1,0.9,0.3259,0.99999,244.573018726,754.39164029359,0:0:38
0,0,422,0.1,0.9,0.3259,0.99999,243.590266004,754.39164029359,0:0:39
0,0,423,0.1,0.9,0.3259,0.99999,244.440725091,754.39164029359,0:0:39
0,0,424,0.1,0.9,0.3259,0.99999,242.79650419,754.39164029359,0:0:39
0,0,425,0.1,0.9,0.3259,0.99999,243.343638294,754.39164029359,0:0:39
0,0,426,0.1,0.9,0.3259,0.99999,246.135908893,754.39164029359,0:0:39
0,0,427,0.1,0.9,0.3259,0.99999,241.777702755,754.39164029359,0:0:39
0,0,428,0.1,0.9,0.3259,0.99999,242.079569847,754.39164029359,0:0:39
0,0,429,0.1,0.9,0.3259,0.99999,246.984910089,754.39164029359,0:0:39
0,0,430,0.1,0.9,0.3259,0.99999,249.531913676,754.39164029359,0:0:39
0,0,431,0.1,0.9,0.3259,0.99999,252.078917263,754.39164029359,0:0:39
0,0,432,0.1,0.9,0.3259,0.99999,250.267714712,754.39164029359,0:0:39
0,0,433,0.1,0.9,0.3259,0.99999,246.267975746,754.39164029359,0:0:40
0,0,434,0.1,0.9,0.3259,0.99999,247.116976941,754.39164029359,0:0:40
0,0,435,0.1,0.9,0.3259,0.99999,245.666731899,754.39164029359,0:0:40
0,0,436,0.1,0.9,0.3259,0.99999,244.216486857,754.39164029359,0:0:40
0,0,437,0.1,0.9,0.3259,0.99999,242.766241814,754.39164029359,0:0:40
0,0,438,0.1,0.9,0.3259,0.99999,238.848696764,754.39164029359,0:0:40
0,0,439,0.1,0.9,0.3259,0.99999,239.394892949,754.39164029359,0:0:40
0,0,440,0.1,0.9,0.3259,0.99999,237.398451722,754.39164029359,0:0:40
0,0,441,0.1,0.9,0.3259,0.99999,242.163542576,754.39164029359,0:0:40
0,0,442,0.1,0.9,0.3259,0.99999,246.759124269,754.39164029359,0:0:40
0,0,443,0.1,0.9,0.3259,0.99999,241.579677688,754.39164029359,0:0:41
0,0,444,0.1,0.9,0.3259,0.99999,236.042378436,754.39164029359,0:0:41
0,0,445,0.1,0.9,0.3259,0.99999,234.85581431,754.39164029359,0:0:41
0,0,446,0.1,0.9,0.3259,0.99999,228.715815819,754.39164029359,0:0:41
0,0,447,0.1,0.9,0.3259,0.99999,226.738208943,754.39164029359,0:0:41
0,0,448,0.1,0.9,0.3259,0.99999,219.795265831,754.39164029359,0:0:41
0,0,449,0.1,0.9,0.3259,0.99999,217.285995631,754.39164029359,0:0:41
0,0,450,0.1,0.9,0.3259,0.99999,211.748562023,754.39164029359,0:0:41
0,0,451,0.1,0.9,0.3259,0.99999,203.603053883,754.39164029359,0:0:41
0,0,452,0.1,0.9,0.3259,0.99999,202.185622072,754.39164029359,0:0:41
0,0,453,0.1,0.9,0.3259,0.99999,202.942883833,754.39164029359,0:0:41
0,0,454,0.1,0.9,0.3259,0.99999,198.543223547,754.39164029359,0:0:42
0,0,455,0.1,0.9,0.3259,0.99999,189.288765705,754.39164029359,0:0:42
0,0,456,0.1,0.9,0.3259,0.99999,189.440738647,754.39164029359,0:0:42
0,0,457,0.1,0.9,0.3259,0.99999,187.047164815,754.39164029359,0:0:42
0,0,458,0.1,0.9,0.3259,0.99999,179.892171179,754.39164029359,0:0:42
0,0,459,0.1,0.9,0.3259,0.99999,179.816054226,754.39164029359,0:0:42
0,0,460,0.1,0.9,0.3259,0.99999,172.591588407,754.39164029359,0:0:42
0,0,461,0.1,0.9,0.3259,0.99999,167.741547842,754.39164029359,0:0:42
0,0,462,0.1,0.9,0.3259,0.99999,167.588528347,754.39164029359,0:0:42
0,0,463,0.1,0.9,0.3259,0.99999,165.044579238,754.39164029359,0:0:42
0,0,464,0.1,0.9,0.3259,0.99999,160.101226424,754.39164029359,0:0:42
0,0,465,0.1,0.9,0.3259,0.99999,155.283737253,754.39164029359,0:0:42
0,0,466,0.1,0.9,0.3259,0.99999,145.76679688,754.39164029359,0:0:43
0,0,467,0.1,0.9,0.3259,0.99999,143.455698042,754.39164029359,0:0:43
0,0,468,0.1,0.9,0.3259,0.99999,141.198507309,754.39164029359,0:0:43
0,0,469,0.1,0.9,0.3259,0.99999,141.43041159,754.39164029359,0:0:43
0,0,470,0.1,0.9,0.3259,0.99999,139.533274477,754.39164029359,0:0:43
0,0,471,0.1,0.9,0.3259,0.99999,137.884972825,754.39164029359,0:0:43
0,0,472,0.1,0.9,0.3259,0.99999,131.524467628,754.39164029359,0:0:43
0,0,473,0.1,0.9,0.3259,0.99999,128.125078034,754.39164029359,0:0:43
0,0,474,0.1,0.9,0.3259,0.99999,124.914435463,754.39164029359,0:0:43
0,0,475,0.1,0.9,0.3259,0.99999,117.014308895,754.39164029359,0:0:43
0,0,476,0.1,0.9,0.3259,0.99999,116.60497997,754.39164029359,0:0:44
0,0,477,0.1,0.9,0.3259,0.99999,109.126780639,754.39164029359,0:0:44
0,0,478,0.1,0.9,0.3259,0.99999,104.147822859,754.39164029359,0:0:44
0,0,479,0.1,0.9,0.3259,0.99999,99.1603152951,754.39164029359,0:0:44
0,0,480,0.1,0.9,0.3259,0.99999,96.3585964707,754.39164029359,0:0:44
0,0,481,0.1,0.9,0.3259,0.99999,91.0490454118,754.39164029359,0:0:44
0,0,482,0.1,0.9,0.3259,0.99999,92.949512027,754.39164029359,0:0:44
0,0,483,0.1,0.9,0.3259,0.99999,84.863565771,754.39164029359,0:0:44
0,0,484,0.1,0.9,0.3259,0.99999,86.5317828383,754.39164029359,0:0:44
0,0,485,0.1,0.9,0.3259,0.99999,83.032341156,754.39164029359,0:0:45
0,0,486,0.1,0.9,0.3259,0.99999,81.9295026814,754.39164029359,0:0:45
0,0,487,0.1,0.9,0.3259,0.99999,83.2883572305,754.39164029359,0:0:45
0,0,488,0.1,0.9,0.3259,0.99999,84.767909352,754.39164029359,0:0:45
0,0,489,0.1,0.9,0.3259,0.99999,79.0469744822,754.39164029359,0:0:45
0,0,490,0.1,0.9,0.3259,0.99999,76.0235052028,754.39164029359,0:0:45
0,0,491,0.1,0.9,0.3259,0.99999,70.6089262319,754.39164029359,0:0:45
0,0,492,0.1,0.9,0.3259,0.99999,70.1932276453,754.39164029359,0:0:45
0,0,493,0.1,0.9,0.3259,0.99999,64.9475073858,754.39164029359,0:0:45
0,0,494,0.1,0.9,0.3259,0.99999,59.6927792618,754.39164029359,0:0:45
0,0,495,0.1,0.9,0.3259,0.99999,56.9166964794,754.39164029359,0:0:45
0,0,496,0.1,0.9,0.3259,0.99999,56.6192590384,754.39164029359,0:0:46
0,0,497,0.1,0.9,0.3259,0.99999,51.2959179429,754.39164029359,0:0:46
0,0,498,0.1,0.9,0.3259,0.99999,48.4554784777,754.39164029359,0:0:46
0,0,499,0.1,0.9,0.3259,0.99999,40.5761390349,754.39164029359,0:0:46
0,0,500,0.1,0.9,0.3259,0.99999,37.6114380829,754.39164029359,0:0:46
0,0,501,0.1,0.9,0.3259,0.99999,39.62451849,754.39164029359,0:0:46
0,0,502,0.1,0.9,0.3259,0.99999,39.1461627497,754.39164029359,0:0:46
0,0,503,0.1,0.9,0.3259,0.99999,38.6669855848,754.39164029359,0:0:46
0,0,504,0.1,0.9,0.3259,0.99999,33.2562767648,754.39164029359,0:0:46
0,0,505,0.1,0.9,0.3259,0.99999,25.4562767648,754.39164029359,0:0:46
0,0,506,0.1,0.9,0.3259,0.99999,22.7962767648,754.39164029359,0:0:46
0,0,507,0.1,0.9,0.3259,0.99999,15.2433292011,754.39164029359,0:0:46
0,0,508,0.1,0.9,0.3259,0.99999,17.7676565035,754.39164029359,0:0:47
0,0,509,0.1,0.9,0.3259,0.99999,20.3565247782,754.39164029359,0:0:47
0,0,510,0.1,0.9,0.3259,0.99999,23.085874277,754.39164029359,0:0:47
0,0,511,0.1,0.9,0.3259,0.99999,23.4879384377,754.39164029359,0:0:47
0,0,512,0.1,0.9,0.3259,0.99999,16.4920220414,754.39164029359,0:0:47
0,0,513,0.1,0.9,0.3259,0.99999,14.9038686066,754.39164029359,0:0:47
0,0,514,0.1,0.9,0.3259,0.99999,13.4338143945,754.39164029359,0:0:47
0,0,515,0.1,0.9,0.3259,0.99999,14.6018026726,754.39164029359,0:0:47
0,0,516,0.1,0.9,0.3259,0.99999,15.8503418665,754.39164029359,0:0:47
0,0,517,0.1,0.9,0.3259,0.99999,9.78888545765,754.39164029359,0:0:47
0,0,518,0.1,0.9,0.3259,0.99999,3.98921952498,754.39164029359,0:0:47
0,0,519,0.1,0.9,0.3259,0.99999,8.52798907452,754.39164029359,0:0:47
0,0,520,0.1,0.9,0.3259,0.99999,13.1877924787,754.39164029359,0:0:48
0,0,521,0.1,0.9,0.3259,0.99999,15.4672634081,754.39164029359,0:0:48
0,0,522,0.1,0.9,0.3259,0.99999,20.3893068307,754.39164029359,0:0:48
0,0,523,0.1,0.9,0.3259,0.99999,15.4067464807,754.39164029359,0:0:48
0,0,524,0.1,0.9,0.3259,0.99999,13.0869309332,754.39164029359,0:0:48
0,0,525,0.1,0.9,0.3259,0.99999,8.62885062007,754.39164029359,0:0:48
0,0,526,0.1,0.9,0.3259,0.99999,14.4384756435,754.39164029359,0:0:48
0,0,527,0.1,0.9,0.3259,0.99999,20.2481006669,754.39164029359,0:0:48
0,0,528,0.1,0.9,0.3259,0.99999,18.6370823523,754.39164029359,0:0:48
0,0,529,0.1,0.9,0.3259,0.99999,24.9603292372,754.39164029359,0:0:48
0,0,530,0.1,0.9,0.3259,0.99999,26.3699702625,754.39164029359,0:0:48
0,0,531,0.1,0.9,0.3259,0.99999,22.9465563439,754.39164029359,0:0:48
0,0,532,0.1,0.9,0.3259,0.99999,19.8506623065,754.39164029359,0:0:48
0,0,533,0.1,0.9,0.3259,0.99999,21.840879902,754.39164029359,0:0:48
0,0,534,0.1,0.9,0.3259,0.99999,23.9480982651,754.39164029359,0:0:48
0,0,535,0.1,0.9,0.3259,0.99999,28.5639099175,754.39164029359,0:0:49
0,0,536,0.1,0.9,0.3259,0.99999,28.2233260751,754.39164029359,0:0:49
0,0,537,0.1,0.9,0.3259,0.99999,27.6433260751,754.39164029359,0:0:49
0,0,538,0.1,0.9,0.3259,0.99999,26.9233260751,754.39164029359,0:0:49
0,0,539,0.1,0.9,0.3259,0.99999,33.5233260751,754.39164029359,0:0:49
0,0,540,0.1,0.9,0.3259,0.99999,37.3567433941,754.39164029359,0:0:49
0,0,541,0.1,0.9,0.3259,0.99999,33.3236689231,754.39164029359,0:0:49
0,0,542,0.1,0.9,0.3259,0.99999,28.8513487176,754.39164029359,0:0:49
0,0,543,0.1,0.9,0.3259,0.99999,24.0595770689,754.39164029359,0:0:49
0,0,544,0.1,0.9,0.3259,0.99999,23.6203313345,754.39164029359,0:0:49
0,0,545,0.1,0.9,0.3259,0.99999,17.2911996151,754.39164029359,0:0:50
0,0,546,0.1,0.9,0.3259,0.99999,10.2033707181,754.39164029359,0:0:50
0,0,547,0.1,0.9,0.3259,0.99999,7.46337071808,754.39164029359,0:0:50
0,0,548,0.1,0.9,0.3259,0.99999,3.84337071808,754.39164029359,0:0:50
0,0,549,0.1,0.9,0.3259,0.99999,4.64474446489,754.39164029359,0:0:50
0,0,550,0.1,0.9,0.3259,0.99999,-2.38731016339,754.39164029359,0:0:50
0,0,551,0.1,0.9,0.3259,0.99999,-7.09538092592,754.39164029359,0:0:50
0,0,552,0.1,0.9,0.3259,0.99999,-9.68424920057,754.39164029359,0:0:50
0,0,553,0.1,0.9,0.3259,0.99999,-14.9311864978,754.39164029359,0:0:50
0,0,554,0.1,0.9,0.3259,0.99999,-15.2735278897,754.39164029359,0:0:50
0,0,555,0.1,0.9,0.3259,0.99999,-25.0604641511,754.39164029359,0:0:50
0,0,556,0.1,0.9,0.3259,0.99999,-34.9247233054,754.39164029359,0:0:51
0,0,557,0.1,0.9,0.3259,0.99999,-44.7889824598,754.39164029359,0:0:51
0,0,558,0.1,0.9,0.3259,0.99999,-52.6360107032,754.39164029359,0:0:51
0,0,559,0.1,0.9,0.3259,0.99999,-55.4447765678,754.39164029359,0:0:51
0,0,560,0.1,0.9,0.3259,0.99999,-63.4265212908,754.39164029359,0:0:51
0,0,561,0.1,0.9,0.3259,0.99999,-71.6243886113,754.39164029359,0:0:51
0,0,562,0.1,0.9,0.3259,0.99999,-80.0999264567,754.39164029359,0:0:51
0,0,563,0.1,0.9,0.3259,0.99999,-83.5671919389,754.39164029359,0:0:51
0,0,564,0.1,0.9,0.3259,0.99999,-87.4263246204,754.39164029359,0:0:51
0,0,565,0.1,0.9,0.3259,0.99999,-96.0937643875,754.39164029359,0:0:51
0,0,566,0.1,0.9,0.3259,0.99999,-97.8028370177,754.39164029359,0:0:51
0,0,567,0.1,0.9,0.3259,0.99999,-105.894110188,754.39164029359,0:0:51
0,0,568,0.1,0.9,0.3259,0.99999,-113.305132243,754.39164029359,0:0:51
0,0,569,0.1,0.9,0.3259,0.99999,-123.264816387,754.39164029359,0:0:52
0,0,570,0.1,0.9,0.3259,0.99999,-129.103387688,754.39164029359,0:0:52
0,0,571,0.1,0.9,0.3259,0.99999,-135.434830553,754.39164029359,0:0:52
0,0,572,0.1,0.9,0.3259,0.99999,-141.827943317,754.39164029359,0:0:52
0,0,573,0.1,0.9,0.3259,0.99999,-150.929577346,754.39164029359,0:0:52
0,0,574,0.1,0.9,0.3259,0.99999,-154.951899348,754.39164029359,0:0:52
0,0,575,0.1,0.9,0.3259,0.99999,-158.97422135,754.39164029359,0:0:52
0,0,576,0.1,0.9,0.3259,0.99999,-165.524301423,754.39164029359,0:0:52
0,0,577,0.1,0.9,0.3259,0.99999,-172.012393356,754.39164029359,0:0:52
0,0,578,0.1,0.9,0.3259,0.99999,-180.767729771,754.39164029359,0:0:52
0,0,579,0.1,0.9,0.3259,0.99999,-190.408917678,754.39164029359,0:0:52
0,0,580,0.1,0.9,0.3259,0.99999,-200.128969297,754.39164029359,0:0:52
0,0,581,0.1,0.9,0.3259,0.99999,-205.933565925,754.39164029359,0:0:53
0,0,582,0.1,0.9,0.3259,0.99999,-213.20698134,754.39164029359,0:0:53
0,0,583,0.1,0.9,0.3259,0.99999,-216.359335741,754.39164029359,0:0:53
0,0,584,0.1,0.9,0.3259,0.99999,-224.668190387,754.39164029359,0:0:53
0,0,585,0.1,0.9,0.3259,0.99999,-227.763220854,754.39164029359,0:0:53
0,0,586,0.1,0.9,0.3259,0.99999,-233.388647853,754.39164029359,0:0:53
0,0,587,0.1,0.9,0.3259,0.99999,-240.909079798,754.39164029359,0:0:53
0,0,588,0.1,0.9,0.3259,0.99999,-246.427937663,754.39164029359,0:0:53
0,0,589,0.1,0.9,0.3259,0.99999,-249.323764223,754.39164029359,0:0:53
0,0,590,0.1,0.9,0.3259,0.99999,-257.059228826,754.39164029359,0:0:53
0,0,591,0.1,0.9,0.3259,0.99999,-267.587418792,754.39164029359,0:0:53
0,0,592,0.1,0.9,0.3259,0.99999,-270.160708379,754.39164029359,0:0:53
0,0,593,0.1,0.9,0.3259,0.99999,-275.104837601,754.39164029359,0:0:53
0,0,594,0.1,0.9,0.3259,0.99999,-283.570853325,754.39164029359,0:0:54
0,0,595,0.1,0.9,0.3259,0.99999,-288.065546642,754.39164029359,0:0:54
0,0,596,0.1,0.9,0.3259,0.99999,-297.112845282,754.39164029359,0:0:54
0,0,597,0.1,0.9,0.3259,0.99999,-301.091131793,754.39164029359,0:0:54
0,0,598,0.1,0.9,0.3259,0.99999,-307.728700732,754.39164029359,0:0:54
0,0,599,0.1,0.9,0.3259,0.99999,-317.56984557,754.39164029359,0:0:54
0,0,600,0.1,0.9,0.3259,0.99999,-320.884372257,754.39164029359,0:0:54
0,0,601,0.1,0.9,0.3259,0.99999,-331.166338723,754.39164029359,0:0:54
0,0,602,0.1,0.9,0.3259,0.99999,-331.337999098,754.39164029359,0:0:54
0,0,603,0.1,0.9,0.3259,0.99999,-342.063701403,754.39164029359,0:0:54
0,0,604,0.1,0.9,0.3259,0.99999,-352.703426136,754.39164029359,0:0:54
0,0,605,0.1,0.9,0.3259,0.99999,-352.380456587,754.39164029359,0:0:54
0,0,606,0.1,0.9,0.3259,0.99999,-351.927522783,754.39164029359,0:0:54
0,0,607,0.1,0.9,0.3259,0.99999,-359.433282975,754.39164029359,0:0:54
0,0,608,0.1,0.9,0.3259,0.99999,-366.735878804,754.39164029359,0:0:55
0,0,609,0.1,0.9,0.3259,0.99999,-376.626461724,754.39164029359,0:0:55
0,0,610,0.1,0.9,0.3259,0.99999,-381.106441297,754.39164029359,0:0:55
0,0,611,0.1,0.9,0.3259,0.99999,-385.594113816,754.39164029359,0:0:55
0,0,612,0.1,0.9,0.3259,0.99999,-392.804093142,754.39164029359,0:0:55
0,0,613,0.1,0.9,0.3259,0.99999,-400.1443733,754.39164029359,0:0:55
0,0,614,0.1,0.9,0.3259,0.99999,-410.347044765,754.39164029359,0:0:55
0,0,615,0.1,0.9,0.3259,0.99999,-412.674733137,754.39164029359,0:0:55
0,0,616,0.1,0.9,0.3259,0.99999,-415.224333105,754.39164029359,0:0:55
0,0,617,0.1,0.9,0.3259,0.99999,-425.833165208,754.39164029359,0:0:55
0,0,618,0.1,0.9,0.3259,0.99999,-428.932865123,754.39164029359,0:0:55
0,0,619,0.1,0.9,0.3259,0.99999,-439.192435264,754.39164029359,0:0:55
0,0,620,0.1,0.9,0.3259,0.99999,-448.589210667,754.39164029359,0:0:56
0,0,621,0.1,0.9,0.3259,0.99999,-456.137092994,754.39164029359,0:0:56
0,0,622,0.1,0.9,0.3259,0.99999,-461.785746368,754.39164029359,0:0:56
0,0,623,0.1,0.9,0.3259,0.99999,-472.023622687,754.39164029359,0:0:56
0,0,624,0.1,0.9,0.3259,0.99999,-476.258133812,754.39164029359,0:0:56
0,0,625,0.1,0.9,0.3259,0.99999,-482.709178119,754.39164029359,0:0:56
0,0,626,0.1,0.9,0.3259,0.99999,-487.600030678,754.39164029359,0:0:56
0,0,627,0.1,0.9,0.3259,0.99999,-495.691553907,754.39164029359,0:0:56
0,0,628,0.1,0.9,0.3259,0.99999,-503.930211512,754.39164029359,0:0:56
0,0,629,0.1,0.9,0.3259,0.99999,-509.402421764,754.39164029359,0:0:56
0,0,630,0.1,0.9,0.3259,0.99999,-520.369087024,754.39164029359,0:0:56
0,0,631,0.1,0.9,0.3259,0.99999,-528.488423373,754.39164029359,0:0:56
0,0,632,0.1,0.9,0.3259,0.99999,-536.345492593,754.39164029359,0:0:56
0,0,633,0.1,0.9,0.3259,0.99999,-546.858786918,754.39164029359,0:0:57
0,0,634,0.1,0.9,0.3259,0.99999,-553.253617934,754.39164029359,0:0:57
0,0,635,0.1,0.9,0.3259,0.99999,-560.712133437,754.39164029359,0:0:57
0,0,636,0.1,0.9,0.3259,0.99999,-565.176978198,754.39164029359,0:0:57
0,0,637,0.1,0.9,0.3259,0.99999,-569.424740584,754.39164029359,0:0:57
0,0,638,0.1,0.9,0.3259,0.99999,-573.537653371,754.39164029359,0:0:57
0,0,639,0.1,0.9,0.3259,0.99999,-583.713767505,754.39164029359,0:0:57
0,0,640,0.1,0.9,0.3259,0.99999,-594.200534322,754.39164029359,0:0:57
0,0,641,0.1,0.9,0.3259,0.99999,-597.187655473,754.39164029359,0:0:57
0,0,642,0.1,0.9,0.3259,0.99999,-602.492099695,754.39164029359,0:0:57
0,0,643,0.1,0.9,0.3259,0.99999,-610.371599118,754.39164029359,0:0:57
0,0,644,0.1,0.9,0.3259,0.99999,-617.887778683,754.39164029359,0:0:57
0,0,645,0.1,0.9,0.3259,0.99999,-619.232125776,754.39164029359,0:0:58
0,0,646,0.1,0.9,0.3259,0.99999,-622.975371806,754.39164029359,0:0:58
0,0,647,0.1,0.9,0.3259,0.99999,-629.366279661,754.39164029359,0:0:58
0,0,648,0.1,0.9,0.3259,0.99999,-638.328914764,754.39164029359,0:0:58
0,0,649,0.1,0.9,0.3259,0.99999,-641.369808817,754.39164029359,0:0:58
0,0,650,0.1,0.9,0.3259,0.99999,-641.186583805,754.39164029359,0:0:58
0,0,651,0.1,0.9,0.3259,0.99999,-652.225890784,754.39164029359,0:0:58
0,0,652,0.1,0.9,0.3259,0.99999,-654.175999491,754.39164029359,0:0:58
0,0,653,0.1,0.9,0.3259,0.99999,-664.242050575,754.39164029359,0:0:58
0,0,654,0.1,0.9,0.3259,0.99999,-673.957045863,754.39164029359,0:0:58
0,0,655,0.1,0.9,0.3259,0.99999,-683.67204115,754.39164029359,0:0:59
0,0,656,0.1,0.9,0.3259,0.99999,-684.523829836,754.39164029359,0:0:59
0,0,657,0.1,0.9,0.3259,0.99999,-693.87048407,754.39164029359,0:0:59
0,0,658,0.1,0.9,0.3259,0.99999,-697.398793763,754.39164029359,0:0:59
0,0,659,0.1,0.9,0.3259,0.99999,-706.600071984,754.39164029359,0:0:59
0,0,660,0.1,0.9,0.3259,0.99999,-704.270926369,754.39164029359,0:0:59
0,0,661,0.1,0.9,0.3259,0.99999,-713.488004873,754.39164029359,0:0:59
0,0,662,0.1,0.9,0.3259,0.99999,-711.247261478,754.39164029359,0:0:59
0,0,663,0.1,0.9,0.3259,0.99999,-711.894074004,754.39164029359,0:0:59
0,0,664,0.1,0.9,0.3259,0.99999,-718.327025998,754.39164029359,0:0:59
0,0,665,0.1,0.9,0.3259,0.99999,-727.559931917,754.39164029359,0:0:59
0,0,666,0.1,0.9,0.3259,0.99999,-736.792837836,754.39164029359,0:0:59
0,0,667,0.1,0.9,0.3259,0.99999,-746.187724561,754.39164029359,0:1:0
0,0,668,0.1,0.9,0.3259,0.99999,-755.807362689,754.39164029359,0:1:0
0,0,669,0.1,0.9,0.3259,0.99999,-754.578830591,754.39164029359,0:1:0
0,0,670,0.1,0.9,0.3259,0.99999,-753.650044392,754.39164029359,0:1:0
0,0,671,0.1,0.9,0.3259,0.99999,-758.73514883,754.39164029359,0:1:0
0,0,672,0.1,0.9,0.3259,0.99999,-770.08579819,754.39164029359,0:1:0
0,0,673,0.1,0.9,0.3259,0.99999,-778.831380483,754.39164029359,0:1:0
0,0,674,0.1,0.9,0.3259,0.99999,-788.267665126,754.39164029359,0:1:0
0,0,675,0.1,0.9,0.3259,0.99999,-798.793769576,754.39164029359,0:1:0
0,0,676,0.1,0.9,0.3259,0.99999,-806.018052344,754.39164029359,0:1:0
0,0,677,0.1,0.9,0.3259,0.99999,-815.901166955,754.39164029359,0:1:0
0,0,678,0.1,0.9,0.3259,0.99999,-821.250028441,754.39164029359,0:1:0
0,0,679,0.1,0.9,0.3259,0.99999,-824.493056564,754.39164029359,0:1:1
0,0,680,0.1,0.9,0.3259,0.99999,-834.074063648,754.39164029359,0:1:1
0,0,681,0.1,0.9,0.3259,0.99999,-841.785044568,754.39164029359,0:1:1
0,0,682,0.1,0.9,0.3259,0.99999,-851.811273446,754.39164029359,0:1:1
0,0,683,0.1,0.9,0.3259,0.99999,-863.065631099,754.39164029359,0:1:1
0,0,684,0.1,0.9,0.3259,0.99999,-872.095300049,754.39164029359,0:1:1
0,0,685,0.1,0.9,0.3259,0.99999,-881.124968999,754.39164029359,0:1:1
0,0,686,0.1,0.9,0.3259,0.99999,-886.561149229,754.39164029359,0:1:1
0,0,687,0.1,0.9,0.3259,0.99999,-893.505890648,754.39164029359,0:1:1
0,0,688,0.1,0.9,0.3259,0.99999,-903.615925466,754.39164029359,0:1:1
0,0,689,0.1,0.9,0.3259,0.99999,-911.127898104,754.39164029359,0:1:1
0,0,690,0.1,0.9,0.3259,0.99999,-918.725357368,754.39164029359,0:1:1
0,0,691,0.1,0.9,0.3259,0.99999,-929.365522695,754.39164029359,0:1:2
0,0,692,0.1,0.9,0.3259,0.99999,-936.856264362,754.39164029359,0:1:2
0,0,693,0.1,0.9,0.3259,0.99999,-947.721873687,754.39164029359,0:1:2
0,0,694,0.1,0.9,0.3259,0.99999,-955.628830397,754.39164029359,0:1:2
0,0,695,0.1,0.9,0.3259,0.99999,-962.913766362,754.39164029359,0:1:2
0,0,696,0.1,0.9,0.3259,0.99999,-970.150152584,754.39164029359,0:1:2
0,0,697,0.1,0.9,0.3259,0.99999,-977.251531537,754.39164029359,0:1:2
0,0,698,0.1,0.9,0.3259,0.99999,-988.771089721,754.39164029359,0:1:2
0,0,699,0.1,0.9,0.3259,0.99999,-997.302310716,754.39164029359,0:1:2
0,0,700,0.1,0.9,0.3259,0.99999,-1005.99637567,754.39164029359,0:1:2
0,0,701,0.1,0.9,0.3259,0.99999,-1015.76125063,754.39164029359,0:1:2
0,0,702,0.1,0.9,0.3259,0.99999,-1027.77727914,754.39164029359,0:1:3
0,0,703,0.1,0.9,0.3259,0.99999,-1039.81394137,754.39164029359,0:1:3
0,0,704,0.1,0.9,0.3259,0.99999,-1046.70141647,754.39164029359,0:1:3
0,0,705,0.1,0.9,0.3259,0.99999,-1056.80039499,754.39164029359,0:1:3
0,0,706,0.1,0.9,0.3259,0.99999,-1068.5944219,754.39164029359,0:1:3
0,0,707,0.1,0.9,0.3259,0.99999,-1075.68008604,754.39164029359,0:1:3
0,0,708,0.1,0.9,0.3259,0.99999,-1085.99962833,754.39164029359,0:1:3
0,0,709,0.1,0.9,0.3259,0.99999,-1096.31917062,754.39164029359,0:1:3
0,0,710,0.1,0.9,0.3259,0.99999,-1100.35322441,754.39164029359,0:1:3
0,0,711,0.1,0.9,0.3259,0.99999,-1108.92558871,754.39164029359,0:1:3
0,0,712,0.1,0.9,0.3259,0.99999,-1119.28060252,754.39164029359,0:1:3
0,0,713,0.1,0.9,0.3259,0.99999,-1126.59215822,754.39164029359,0:1:3
0,0,714,0.1,0.9,0.3259,0.99999,-1130.74840112,754.39164029359,0:1:3
0,0,715,0.1,0.9,0.3259,0.99999,-1142.57337728,754.39164029359,0:1:4
0,0,716,0.1,0.9,0.3259,0.99999,-1151.29588658,754.39164029359,0:1:4
0,0,717,0.1,0.9,0.3259,0.99999,-1160.12493029,754.39164029359,0:1:4
0,0,718,0.1,0.9,0.3259,0.99999,-1172.06710503,754.39164029359,0:1:4
0,0,719,0.1,0.9,0.3259,0.99999,-1176.07334741,754.39164029359,0:1:4
0,0,720,0.1,0.9,0.3259,0.99999,-1187.9593452,754.39164029359,0:1:4
0,0,721,0.1,0.9,0.3259,0.99999,-1199.78360232,754.39164029359,0:1:4
0,0,722,0.1,0.9,0.3259,0.99999,-1204.30560412,754.39164029359,0:1:4
0,0,723,0.1,0.9,0.3259,0.99999,-1212.23269622,754.39164029359,0:1:4
0,0,724,0.1,0.9,0.3259,0.99999,-1223.21561849,754.39164029359,0:1:4
0,0,725,0.1,0.9,0.3259,0.99999,-1228.58738057,754.39164029359,0:1:4
0,0,726,0.1,0.9,0.3259,0.99999,-1240.92743109,754.39164029359,0:1:4
0,0,727,0.1,0.9,0.3259,0.99999,-1247.7429579,754.39164029359,0:1:5
0,0,728,0.1,0.9,0.3259,0.99999,-1260.71876783,754.39164029359,0:1:5
0,0,729,0.1,0.9,0.3259,0.99999,-1270.90364535,754.39164029359,0:1:5
0,0,730,0.1,0.9,0.3259,0.99999,-1278.02703702,754.39164029359,0:1:5
0,0,731,0.1,0.9,0.3259,0.99999,-1290.41636194,754.39164029359,0:1:5
0,0,732,0.1,0.9,0.3259,0.99999,-1300.97603971,754.39164029359,0:1:5
0,0,733,0.1,0.9,0.3259,0.99999,-1310.11380191,754.39164029359,0:1:5
0,0,734,0.1,0.9,0.3259,0.99999,-1320.63109365,754.39164029359,0:1:5
0,0,735,0.1,0.9,0.3259,0.99999,-1333.16317055,754.39164029359,0:1:5
0,0,736,0.1,0.9,0.3259,0.99999,-1343.6376601,754.39164029359,0:1:5
0,0,737,0.1,0.9,0.3259,0.99999,-1349.70115136,754.39164029359,0:1:5
0,0,738,0.1,0.9,0.3259,0.99999,-1355.94918365,754.39164029359,0:1:5
0,0,739,0.1,0.9,0.3259,0.99999,-1366.05446781,754.39164029359,0:1:5
0,0,740,0.1,0.9,0.3259,0.99999,-1379.11849905,754.39164029359,0:1:6
0,0,741,0.1,0.9,0.3259,0.99999,-1392.12532997,754.39164029359,0:1:6
0,0,742,0.1,0.9,0.3259,0.99999,-1399.11853541,754.39164029359,0:1:6
0,0,743,0.1,0.9,0.3259,0.99999,-1409.53313122,754.39164029359,0:1:6
0,0,744,0.1,0.9,0.3259,0.99999,-1419.12825006,754.39164029359,0:1:6
0,0,745,0.1,0.9,0.3259,0.99999,-1426.24993358,754.39164029359,0:1:6
0,0,746,0.1,0.9,0.3259,0.99999,-1433.39609657,754.39164029359,0:1:6
0,0,747,0.1,0.9,0.3259,0.99999,-1443.29949436,754.39164029359,0:1:6
0,0,748,0.1,0.9,0.3259,0.99999,-1449.93106859,754.39164029359,0:1:6
0,0,749,0.1,0.9,0.3259,0.99999,-1456.58543764,754.39164029359,0:1:6
0,0,750,0.1,0.9,0.3259,0.99999,-1469.94412602,754.39164029359,0:1:6
0,0,751,0.1,0.9,0.3259,0.99999,-1479.78685932,754.39164029359,0:1:6
0,0,752,0.1,0.9,0.3259,0.99999,-1490.43635467,754.39164029359,0:1:7
0,0,753,0.1,0.9,0.3259,0.99999,-1497.88470408,754.39164029359,0:1:7
0,0,754,0.1,0.9,0.3259,0.99999,-1597.88470408,754.39164029359,0:1:9
0,1,0,0.1,0.9,0.3259,0.99999,-0.82,754.39164029359,0:1:11
0,1,1,0.1,0.9,0.3259,0.99999,-6.64,754.39164029359,0:1:11
0,1,2,0.1,0.9,0.3259,0.99999,-7.52,754.39164029359,0:1:11
0,1,3,0.1,0.9,0.3259,0.99999,-3.46,754.39164029359,0:1:11
0,1,4,0.1,0.9,0.3259,0.99999,-1.9,754.39164029359,0:1:11
0,1,5,0.1,0.9,0.3259,0.99999,-0.34,754.39164029359,0:1:11
0,1,6,0.1,0.9,0.3259,0.99999,-3.72,754.39164029359,0:1:11
0,1,7,0.1,0.9,0.3259,0.99999,-2.03711513169,754.39164029359,0:1:11
0,1,8,0.1,0.9,0.3259,0.99999,-5.24261011895,754.39164029359,0:1:12
0,1,9,0.1,0.9,0.3259,0.99999,-10.892295034,754.39164029359,0:1:12
0,1,10,0.1,0.9,0.3259,0.99999,-9.02910107264,754.39164029359,0:1:12
0,1,11,0.1,0.9,0.3259,0.99999,-4.58147677782,754.39164029359,0:1:12
0,1,12,0.1,0.9,0.3259,0.99999,-5.08233536958,754.39164029359,0:1:12
0,1,13,0.1,0.9,0.3259,0.99999,-10.4114707859,754.39164029359,0:1:12
0,1,14,0.1,0.9,0.3259,0.99999,-5.58319396134,754.39164029359,0:1:12
0,1,15,0.1,0.9,0.3259,0.99999,-3.19910706457,754.39164029359,0:1:12
0,1,16,0.1,0.9,0.3259,0.99999,1.749375822,754.39164029359,0:1:12
0,1,17,0.1,0.9,0.3259,0.99999,-0.614676731098,754.39164029359,0:1:12
0,1,18,0.1,0.9,0.3259,0.99999,4.71445868521,754.39164029359,0:1:12
0,1,19,0.1,0.9,0.3259,0.99999,0.0865252973643,754.39164029359,0:1:12
0,1,20,0.1,0.9,0.3259,0.99999,3.1718142226,754.39164029359,0:1:12
0,1,21,0.1,0.9,0.3259,0.99999,6.57765264655,754.39164029359,0:1:13
0,1,22,0.1,0.9,0.3259,0.99999,2.65092128717,754.39164029359,0:1:13
0,1,23,0.1,0.9,0.3259,0.99999,1.22848288657,754.39164029359,0:1:13
0,1,24,0.1,0.9,0.3259,0.99999,7.57936983007,754.39164029359,0:1:13
0,1,25,0.1,0.9,0.3259,0.99999,4.03936983007,754.39164029359,0:1:13
0,1,26,0.1,0.9,0.3259,0.99999,8.31936983007,754.39164029359,0:1:13
0,1,27,0.1,0.9,0.3259,0.99999,7.73936983007,754.39164029359,0:1:13
0,1,28,0.1,0.9,0.3259,0.99999,4.90423827125,754.39164029359,0:1:13
0,1,29,0.1,0.9,0.3259,0.99999,2.14896957324,754.39164029359,0:1:13
0,1,30,0.1,0.9,0.3259,0.99999,4.44502682158,754.39164029359,0:1:13
0,1,31,0.1,0.9,0.3259,0.99999,6.79694254462,754.39164029359,0:1:13
0,1,32,0.1,0.9,0.3259,0.99999,9.20865273519,754.39164029359,0:1:13
0,1,33,0.1,0.9,0.3259,0.99999,6.64189821974,754.39164029359,0:1:14
0,1,34,0.1,0.9,0.3259,0.99999,6.44292500149,754.39164029359,0:1:14
0,1,35,0.1,0.9,0.3259,0.99999,10.9518743623,754.39164029359,0:1:14
0,1,36,0.1,0.9,0.3259,0.99999,15.1953151869,754.39164029359,0:1:14
0,1,37,0.1,0.9,0.3259,0.99999,21.8579138648,754.39164029359,0:1:14
0,1,38,0.1,0.9,0.3259,0.99999,26.0418672012,754.39164029359,0:1:14
0,1,39,0.1,0.9,0.3259,0.99999,30.2780337504,754.39164029359,0:1:14
0,1,40,0.1,0.9,0.3259,0.99999,27.4077339857,754.39164029359,0:1:14
0,1,41,0.1,0.9,0.3259,0.99999,34.573585812,754.39164029359,0:1:14
0,1,42,0.1,0.9,0.3259,0.99999,31.9606232676,754.39164029359,0:1:14
0,1,43,0.1,0.9,0.3259,0.99999,32.0791906903,754.39164029359,0:1:14
0,1,44,0.1,0.9,0.3259,0.99999,34.7864801758,754.39164029359,0:1:14
0,1,45,0.1,0.9,0.3259,0.99999,35.0823906001,754.39164029359,0:1:15
0,1,46,0.1,0.9,0.3259,0.99999,40.4482329607,754.39164029359,0:1:15
0,1,47,0.1,0.9,0.3259,0.99999,48.3847312694,754.39164029359,0:1:15
0,1,48,0.1,0.9,0.3259,0.99999,46.6743299977,754.39164029359,0:1:15
0,1,49,0.1,0.9,0.3259,0.99999,52.3953273548,754.39164029359,0:1:15
0,1,50,0.1,0.9,0.3259,0.99999,55.7121354064,754.39164029359,0:1:15
0,1,51,0.1,0.9,0.3259,0.99999,59.0878217075,754.39164029359,0:1:15
0,1,52,0.1,0.9,0.3259,0.99999,65.1027005823,754.39164029359,0:1:15
0,1,53,0.1,0.9,0.3259,0.99999,71.2246216313,754.39164029359,0:1:15
0,1,54,0.1,0.9,0.3259,0.99999,77.394624213,754.39164029359,0:1:15
0,1,55,0.1,0.9,0.3259,0.99999,83.7013040672,754.39164029359,0:1:15
0,1,56,0.1,0.9,0.3259,0.99999,88.0479874058,754.39164029359,0:1:16
0,1,57,0.1,0.9,0.3259,0.99999,95.1308595018,754.39164029359,0:1:16
0,1,58,0.1,0.9,0.3259,0.99999,95.3441691273,754.39164029359,0:1:16
0,1,59,0.1,0.9,0.3259,0.99999,98.1705162549,754.39164029359,0:1:16
0,1,60,0.1,0.9,0.3259,0.99999,107.118156447,754.39164029359,0:1:16
0,1,61,0.1,0.9,0.3259,0.99999,110.359250833,754.39164029359,0:1:16
0,1,62,0.1,0.9,0.3259,0.99999,113.710344148,754.39164029359,0:1:16
0,1,63,0.1,0.9,0.3259,0.99999,119.468832085,754.39164029359,0:1:16
0,1,64,0.1,0.9,0.3259,0.99999,122.896962028,754.39164029359,0:1:16
0,1,65,0.1,0.9,0.3259,0.99999,126.319215334,754.39164029359,0:1:16
0,1,66,0.1,0.9,0.3259,0.99999,127.338200869,754.39164029359,0:1:16
0,1,67,0.1,0.9,0.3259,0.99999,136.109485933,754.39164029359,0:1:16
0,1,68,0.1,0.9,0.3259,0.99999,145.038177451,754.39164029359,0:1:17
0,1,69,0.1,0.9,0.3259,0.99999,150.403056475,754.39164029359,0:1:17
0,1,70,0.1,0.9,0.3259,0.99999,159.392951822,754.39164029359,0:1:17
0,1,71,0.1,0.9,0.3259,0.99999,164.748634156,754.39164029359,0:1:17
0,1,72,0.1,0.9,0.3259,0.99999,173.723118666,754.39164029359,0:1:17
0,1,73,0.1,0.9,0.3259,0.99999,182.605971097,754.39164029359,0:1:17
0,1,74,0.1,0.9,0.3259,0.99999,190.50310503,754.39164029359,0:1:17
0,1,75,0.1,0.9,0.3259,0.99999,193.808516512,754.39164029359,0:1:17
0,1,76,0.1,0.9,0.3259,0.99999,202.081601249,754.39164029359,0:1:17
0,1,77,0.1,0.9,0.3259,0.99999,210.241096721,754.39164029359,0:1:17
0,1,78,0.1,0.9,0.3259,0.99999,216.542572263,754.39164029359,0:1:17
0,1,79,0.1,0.9,0.3259,0.99999,225.277851232,754.39164029359,0:1:17
0,1,80,0.1,0.9,0.3259,0.99999,227.342532901,754.39164029359,0:1:18
0,1,81,0.1,0.9,0.3259,0.99999,229.572314127,754.39164029359,0:1:18
0,1,82,0.1,0.9,0.3259,0.99999,236.568184785,754.39164029359,0:1:18
0,1,83,0.1,0.9,0.3259,0.99999,243.689222481,754.39164029359,0:1:18
0,1,84,0.1,0.9,0.3259,0.99999,246.275943538,754.39164029359,0:1:18
0,1,85,0.1,0.9,0.3259,0.99999,253.558363855,754.39164029359,0:1:18
0,1,86,0.1,0.9,0.3259,0.99999,256.191861261,754.39164029359,0:1:18
0,1,87,0.1,0.9,0.3259,0.99999,258.765302328,754.39164029359,0:1:18
0,1,88,0.1,0.9,0.3259,0.99999,263.515234701,754.39164029359,0:1:18
0,1,89,0.1,0.9,0.3259,0.99999,270.397287674,754.39164029359,0:1:18
0,1,90,0.1,0.9,0.3259,0.99999,274.368953344,754.39164029359,0:1:18
0,1,91,0.1,0.9,0.3259,0.99999,280.38966255,754.39164029359,0:1:18
0,1,92,0.1,0.9,0.3259,0.99999,286.04218167,754.39164029359,0:1:19
0,1,93,0.1,0.9,0.3259,0.99999,291.447610428,754.39164029359,0:1:19
0,1,94,0.1,0.9,0.3259,0.99999,299.793154153,754.39164029359,0:1:19
0,1,95,0.1,0.9,0.3259,0.99999,308.164706959,754.39164029359,0:1:19
0,1,96,0.1,0.9,0.3259,0.99999,313.497022116,754.39164029359,0:1:19
0,1,97,0.1,0.9,0.3259,0.99999,321.690713599,754.39164029359,0:1:19
0,1,98,0.1,0.9,0.3259,0.99999,327.113582809,754.39164029359,0:1:19
0,1,99,0.1,0.9,0.3259,0.99999,328.074827184,754.39164029359,0:1:19
0,1,100,0.1,0.9,0.3259,0.99999,336.113711671,754.39164029359,0:1:19
0,1,101,0.1,0.9,0.3259,0.99999,339.439430408,754.39164029359,0:1:19
0,1,102,0.1,0.9,0.3259,0.99999,347.270341623,754.39164029359,0:1:19
0,1,103,0.1,0.9,0.3259,0.99999,355.173427135,754.39164029359,0:1:19
0,1,104,0.1,0.9,0.3259,0.99999,358.595829346,754.39164029359,0:1:20
0,1,105,0.1,0.9,0.3259,0.99999,364.332012453,754.39164029359,0:1:20
0,1,106,0.1,0.9,0.3259,0.99999,372.068867664,754.39164029359,0:1:20
0,1,107,0.1,0.9,0.3259,0.99999,379.684939042,754.39164029359,0:1:20
0,1,108,0.1,0.9,0.3259,0.99999,381.080316023,754.39164029359,0:1:20
0,1,109,0.1,0.9,0.3259,0.99999,382.52936135,754.39164029359,0:1:20
0,1,110,0.1,0.9,0.3259,0.99999,389.887179401,754.39164029359,0:1:20
0,1,111,0.1,0.9,0.3259,0.99999,391.509542638,754.39164029359,0:1:20
0,1,112,0.1,0.9,0.3259,0.99999,399.856619705,754.39164029359,0:1:20
0,1,113,0.1,0.9,0.3259,0.99999,401.633329337,754.39164029359,0:1:20
0,1,114,0.1,0.9,0.3259,0.99999,403.534408643,754.39164029359,0:1:20
0,1,115,0.1,0.9,0.3259,0.99999,410.451697953,754.39164029359,0:1:20
0,1,116,0.1,0.9,0.3259,0.99999,417.250891964,754.39164029359,0:1:20
0,1,117,0.1,0.9,0.3259,0.99999,419.425025409,754.39164029359,0:1:21
0,1,118,0.1,0.9,0.3259,0.99999,421.648368612,754.39164029359,0:1:21
0,1,119,0.1,0.9,0.3259,0.99999,428.141942408,754.39164029359,0:1:21
0,1,120,0.1,0.9,0.3259,0.99999,436.773455192,754.39164029359,0:1:21
0,1,121,0.1,0.9,0.3259,0.99999,445.214320139,754.39164029359,0:1:21
0,1,122,0.1,0.9,0.3259,0.99999,447.988008585,754.39164029359,0:1:21
0,1,123,0.1,0.9,0.3259,0.99999,455.19074113,754.39164029359,0:1:21
0,1,124,0.1,0.9,0.3259,0.99999,463.080920657,754.39164029359,0:1:21
0,1,125,0.1,0.9,0.3259,0.99999,468.555487259,754.39164029359,0:1:21
0,1,126,0.1,0.9,0.3259,0.99999,472.071304902,754.39164029359,0:1:21
0,1,127,0.1,0.9,0.3259,0.99999,479.130889282,754.39164029359,0:1:21
0,1,128,0.1,0.9,0.3259,0.99999,483.970260392,754.39164029359,0:1:22
0,1,129,0.1,0.9,0.3259,0.99999,490.556225909,754.39164029359,0:1:22
0,1,130,0.1,0.9,0.3259,0.99999,494.774009599,754.39164029359,0:1:22
0,1,131,0.1,0.9,0.3259,0.99999,500.813737833,754.39164029359,0:1:22
0,1,132,0.1,0.9,0.3259,0.99999,506.0589003,754.39164029359,0:1:22
0,1,133,0.1,0.9,0.3259,0.99999,513.217861963,754.39164029359,0:1:22
0,1,134,0.1,0.9,0.3259,0.99999,519.20941501,754.39164029359,0:1:22
0,1,135,0.1,0.9,0.3259,0.99999,525.927645894,754.39164029359,0:1:22
0,1,136,0.1,0.9,0.3259,0.99999,532.514597364,754.39164029359,0:1:22
0,1,137,0.1,0.9,0.3259,0.99999,540.897990144,754.39164029359,0:1:22
0,1,138,0.1,0.9,0.3259,0.99999,543.152502095,754.39164029359,0:1:22
0,1,139,0.1,0.9,0.3259,0.99999,551.572762637,754.39164029359,0:1:23
0,1,140,0.1,0.9,0.3259,0.99999,558.137150235,754.39164029359,0:1:23
0,1,141,0.1,0.9,0.3259,0.99999,566.491825359,754.39164029359,0:1:23
0,1,142,0.1,0.9,0.3259,0.99999,570.985403413,754.39164029359,0:1:23
0,1,143,0.1,0.9,0.3259,0.99999,577.078967593,754.39164029359,0:1:23
0,1,144,0.1,0.9,0.3259,0.99999,585.300172897,754.39164029359,0:1:23
0,1,145,0.1,0.9,0.3259,0.99999,587.713029896,754.39164029359,0:1:23
0,1,146,0.1,0.9,0.3259,0.99999,590.168422786,754.39164029359,0:1:23
0,1,147,0.1,0.9,0.3259,0.99999,594.740533686,754.39164029359,0:1:23
0,1,148,0.1,0.9,0.3259,0.99999,597.141003297,754.39164029359,0:1:23
0,1,149,0.1,0.9,0.3259,0.99999,599.537357927,754.39164029359,0:1:23
0,1,150,0.1,0.9,0.3259,0.99999,601.811676977,754.39164029359,0:1:23
0,1,151,0.1,0.9,0.3259,0.99999,610.203823201,754.39164029359,0:1:23
0,1,152,0.1,0.9,0.3259,0.99999,614.192778838,754.39164029359,0:1:23
0,1,153,0.1,0.9,0.3259,0.99999,620.048834146,754.39164029359,0:1:23
0,1,154,0.1,0.9,0.3259,0.99999,621.449472982,754.39164029359,0:1:24
0,1,155,0.1,0.9,0.3259,0.99999,626.909258698,754.39164029359,0:1:24
0,1,156,0.1,0.9,0.3259,0.99999,634.337126293,754.39164029359,0:1:24
0,1,157,0.1,0.9,0.3259,0.99999,635.315857685,754.39164029359,0:1:24
0,1,158,0.1,0.9,0.3259,0.99999,636.12730899,754.39164029359,0:1:24
0,1,159,0.1,0.9,0.3259,0.99999,642.877241702,754.39164029359,0:1:24
0,1,160,0.1,0.9,0.3259,0.99999,645.068444898,754.39164029359,0:1:24
0,1,161,0.1,0.9,0.3259,0.99999,644.887838367,754.39164029359,0:1:24
0,1,162,0.1,0.9,0.3259,0.99999,652.818106926,754.39164029359,0:1:24
0,1,163,0.1,0.9,0.3259,0.99999,656.205151111,754.39164029359,0:1:24
0,1,164,0.1,0.9,0.3259,0.99999,663.633740773,754.39164029359,0:1:24
0,1,165,0.1,0.9,0.3259,0.99999,666.704623575,754.39164029359,0:1:25
0,1,166,0.1,0.9,0.3259,0.99999,665.64470226,754.39164029359,0:1:25
0,1,167,0.1,0.9,0.3259,0.99999,672.689102384,754.39164029359,0:1:25
0,1,168,0.1,0.9,0.3259,0.99999,673.616978511,754.39164029359,0:1:25
0,1,169,0.1,0.9,0.3259,0.99999,676.465721007,754.39164029359,0:1:25
0,1,170,0.1,0.9,0.3259,0.99999,679.260828205,754.39164029359,0:1:25
0,1,171,0.1,0.9,0.3259,0.99999,682.007183533,754.39164029359,0:1:25
0,1,172,0.1,0.9,0.3259,0.99999,684.656035122,754.39164029359,0:1:25
0,1,173,0.1,0.9,0.3259,0.99999,691.291146326,754.39164029359,0:1:25
0,1,174,0.1,0.9,0.3259,0.99999,693.821897787,754.39164029359,0:1:25
0,1,175,0.1,0.9,0.3259,0.99999,696.401317546,754.39164029359,0:1:25
0,1,176,0.1,0.9,0.3259,0.99999,701.000685069,754.39164029359,0:1:25
0,1,177,0.1,0.9,0.3259,0.99999,707.726237785,754.39164029359,0:1:26
0,1,178,0.1,0.9,0.3259,0.99999,714.4517905,754.39164029359,0:1:26
0,1,179,0.1,0.9,0.3259,0.99999,721.387516738,754.39164029359,0:1:26
0,1,180,0.1,0.9,0.3259,0.99999,720.483705882,754.39164029359,0:1:26
0,1,181,0.1,0.9,0.3259,0.99999,726.090616681,754.39164029359,0:1:26
0,1,182,0.1,0.9,0.3259,0.99999,729.886486259,754.39164029359,0:1:26
0,1,183,0.1,0.9,0.3259,0.99999,732.022016847,754.39164029359,0:1:26
0,1,184,0.1,0.9,0.3259,0.99999,736.365901881,754.39164029359,0:1:26
0,1,185,0.1,0.9,0.3259,0.99999,736.750600186,754.39164029359,0:1:26
0,1,186,0.1,0.9,0.3259,0.99999,737.182643882,754.39164029359,0:1:26
0,1,187,0.1,0.9,0.3259,0.99999,744.786357245,754.39164029359,0:1:26
0,1,188,0.1,0.9,0.3259,0.99999,751.160058152,754.39164029359,0:1:26
0,1,189,0.1,0.9,0.3259,0.99999,753.53613197,754.39164029359,0:1:26
0,1,190,0.1,0.9,0.3259,0.99999,757.905556307,757.9055563070125,0:1:27
0,1,191,0.1,0.9,0.3259,0.99999,764.209665437,764.2096654374827,0:1:27
0,1,192,0.1,0.9,0.3259,0.99999,770.56153297,770.5615329704566,0:1:27
0,1,193,0.1,0.9,0.3259,0.99999,776.902511879,776.9025118789675,0:1:27
0,1,194,0.1,0.9,0.3259,0.99999,777.37927721,777.3792772104345,0:1:27
0,1,195,0.1,0.9,0.3259,0.99999,781.82145893,781.8214589295658,0:1:27
0,1,196,0.1,0.9,0.3259,0.99999,782.359942035,782.3599420354325,0:1:27
0,1,197,0.1,0.9,0.3259,0.99999,784.873825643,784.8738256427856,0:1:27
0,1,198,0.1,0.9,0.3259,0.99999,787.38770925,787.3877092501388,0:1:27
0,1,199,0.1,0.9,0.3259,0.99999,791.7123843,791.7123843002114,0:1:27
0,1,200,0.1,0.9,0.3259,0.99999,793.855258631,793.8552586311836,0:1:27
0,1,201,0.1,0.9,0.3259,0.99999,801.627973663,801.6279736629431,0:1:28
0,1,202,0.1,0.9,0.3259,0.99999,803.370946125,803.3709461246103,0:1:28
0,1,203,0.1,0.9,0.3259,0.99999,808.779006333,808.779006333079,0:1:28
0,1,204,0.1,0.9,0.3259,0.99999,808.153059725,808.779006333079,0:1:28
0,1,205,0.1,0.9,0.3259,0.99999,807.278236705,808.779006333079,0:1:28
0,1,206,0.1,0.9,0.3259,0.99999,814.015302651,814.0153026511216,0:1:28
0,1,207,0.1,0.9,0.3259,0.99999,820.549632817,820.5496328165008,0:1:28
0,1,208,0.1,0.9,0.3259,0.99999,822.978291733,822.9782917328904,0:1:28
0,1,209,0.1,0.9,0.3259,0.99999,823.071541564,823.0715415641399,0:1:28
0,1,210,0.1,0.9,0.3259,0.99999,823.00937501,823.0715415641399,0:1:28
0,1,211,0.1,0.9,0.3259,0.99999,822.807680056,823.0715415641399,0:1:28
0,1,212,0.1,0.9,0.3259,0.99999,826.02926726,826.0292672603855,0:1:28
0,1,213,0.1,0.9,0.3259,0.99999,829.157924064,829.1579240644667,0:1:29
0,1,214,0.1,0.9,0.3259,0.99999,826.370012061,829.1579240644667,0:1:29
0,1,215,0.1,0.9,0.3259,0.99999,829.204389265,829.2043892645273,0:1:29
0,1,216,0.1,0.9,0.3259,0.99999,825.988324633,829.2043892645273,0:1:29
0,1,217,0.1,0.9,0.3259,0.99999,828.276678313,829.2043892645273,0:1:29
0,1,218,0.1,0.9,0.3259,0.99999,826.637722299,829.2043892645273,0:1:29
0,1,219,0.1,0.9,0.3259,0.99999,828.771457487,829.2043892645273,0:1:29
0,1,220,0.1,0.9,0.3259,0.99999,832.745152728,832.7451527284964,0:1:29
0,1,221,0.1,0.9,0.3259,0.99999,832.791538276,832.7915382760592,0:1:29
0,1,222,0.1,0.9,0.3259,0.99999,834.677883877,834.677883876951,0:1:29
0,1,223,0.1,0.9,0.3259,0.99999,830.81242158,834.677883876951,0:1:29
0,1,224,0.1,0.9,0.3259,0.99999,832.791538276,834.677883876951,0:1:29
0,1,225,0.1,0.9,0.3259,0.99999,834.971659012,834.9716590115162,0:1:29
0,1,226,0.1,0.9,0.3259,0.99999,835.512823733,835.5128237330835,0:1:30
0,1,227,0.1,0.9,0.3259,0.99999,838.187723643,838.1877236425447,0:1:30
0,1,228,0.1,0.9,0.3259,0.99999,842.949973192,842.949973192337,0:1:30
0,1,229,0.1,0.9,0.3259,0.99999,840.372270766,842.949973192337,0:1:30
0,1,230,0.1,0.9,0.3259,0.99999,837.99522781,842.949973192337,0:1:30
0,1,231,0.1,0.9,0.3259,0.99999,841.591662932,842.949973192337,0:1:30
0,1,232,0.1,0.9,0.3259,0.99999,843.317457938,843.3174579384677,0:1:30
0,1,233,0.1,0.9,0.3259,0.99999,845.181932901,845.1819329010118,0:1:30
0,1,234,0.1,0.9,0.3259,0.99999,851.0527177,851.0527177004277,0:1:30
0,1,235,0.1,0.9,0.3259,0.99999,849.314498651,851.0527177004277,0:1:30
0,1,236,0.1,0.9,0.3259,0.99999,851.514191784,851.5141917843763,0:1:30
0,1,237,0.1,0.9,0.3259,0.99999,853.817606818,853.8176068177912,0:1:30
0,1,238,0.1,0.9,0.3259,0.99999,859.960046907,859.9600469068978,0:1:30
0,1,239,0.1,0.9,0.3259,0.99999,858.473058617,859.9600469068978,0:1:30
0,1,240,0.1,0.9,0.3259,0.99999,856.986070327,859.9600469068978,0:1:30
0,1,241,0.1,0.9,0.3259,0.99999,863.163970129,863.163970129309,0:1:31
0,1,242,0.1,0.9,0.3259,0.99999,867.418342371,867.4183423705139,0:1:31
0,1,243,0.1,0.9,0.3259,0.99999,871.672714612,871.6727146117188,0:1:31
0,1,244,0.1,0.9,0.3259,0.99999,872.101212535,872.1012125352934,0:1:31
0,1,245,0.1,0.9,0.3259,0.99999,872.574807701,872.5748077008675,0:1:31
0,1,246,0.1,0.9,0.3259,0.99999,878.720990729,878.7209907291432,0:1:31
0,1,247,0.1,0.9,0.3259,0.99999,882.91503622,882.915036219902,0:1:31
0,1,248,0.1,0.9,0.3259,0.99999,887.109081711,887.1090817106609,0:1:31
0,1,249,0.1,0.9,0.3259,0.99999,885.632263451,887.1090817106609,0:1:31
0,1,250,0.1,0.9,0.3259,0.99999,889.857538561,889.8575385605834,0:1:31
0,1,251,0.1,0.9,0.3259,0.99999,892.182959754,892.1829597539959,0:1:31
0,1,252,0.1,0.9,0.3259,0.99999,890.756718727,892.1829597539959,0:1:31
0,1,253,0.1,0.9,0.3259,0.99999,889.330477699,892.1829597539959,0:1:31
0,1,254,0.1,0.9,0.3259,0.99999,893.541278955,893.5412789553262,0:1:31
0,1,255,0.1,0.9,0.3259,0.99999,899.599985799,899.5999857986476,0:1:32
0,1,256,0.1,0.9,0.3259,0.99999,903.758206326,903.7582063256823,0:1:32
0,1,257,0.1,0.9,0.3259,0.99999,909.851889498,909.8518894980276,0:1:32
0,1,258,0.1,0.9,0.3259,0.99999,915.990935076,915.9909350761224,0:1:32
0,1,259,0.1,0.9,0.3259,0.99999,918.733493984,918.7334939839857,0:1:32
0,1,260,0.1,0.9,0.3259,0.99999,921.712042258,921.7120422576613,0:1:32
0,1,261,0.1,0.9,0.3259,0.99999,922.855323413,922.8553234132136,0:1:32
0,1,262,0.1,0.9,0.3259,0.99999,922.164523681,922.8553234132136,0:1:32
0,1,263,0.1,0.9,0.3259,0.99999,928.925754264,928.9257542639789,0:1:32
0,1,264,0.1,0.9,0.3259,0.99999,935.686984847,935.6869848474009,0:1:32
0,1,265,0.1,0.9,0.3259,0.99999,934.952394385,935.6869848474009,0:1:32
0,1,266,0.1,0.9,0.3259,0.99999,934.219063187,935.6869848474009,0:1:32
0,1,267,0.1,0.9,0.3259,0.99999,939.097960546,939.0979605464606,0:1:33
0,1,268,0.1,0.9,0.3259,0.99999,938.365886454,939.0979605464606,0:1:33
0,1,269,0.1,0.9,0.3259,0.99999,939.456527449,939.4565274490024,0:1:33
0,1,270,0.1,0.9,0.3259,0.99999,942.349974665,942.3499746646813,0:1:33
0,1,271,0.1,0.9,0.3259,0.99999,945.24342188,945.2434218803603,0:1:33
0,1,272,0.1,0.9,0.3259,0.99999,950.001203642,950.0012036422243,0:1:33
0,1,273,0.1,0.9,0.3259,0.99999,954.750829425,954.7508294249825,0:1:33
0,1,274,0.1,0.9,0.3259,0.99999,955.733510621,955.7335106214152,0:1:33
0,1,275,0.1,0.9,0.3259,0.99999,960.43040365,960.4304036497739,0:1:33
0,1,276,0.1,0.9,0.3259,0.99999,959.553452103,960.4304036497739,0:1:33
0,1,277,0.1,0.9,0.3259,0.99999,958.678003862,960.4304036497739,0:1:33
0,1,278,0.1,0.9,0.3259,0.99999,963.314369481,963.3143694813758,0:1:33
0,1,279,0.1,0.9,0.3259,0.99999,964.247567673,964.2475676730959,0:1:33
0,1,280,0.1,0.9,0.3259,0.99999,965.134804308,965.134804307562,0:1:33
0,1,281,0.1,0.9,0.3259,0.99999,967.821475258,967.8214752583707,0:1:33
0,1,282,0.1,0.9,0.3259,0.99999,968.618619387,968.6186193866326,0:1:34
0,1,283,0.1,0.9,0.3259,0.99999,974.793264346,974.7932643462653,0:1:34
0,1,284,0.1,0.9,0.3259,0.99999,975.29345061,975.2934506103792,0:1:34
0,1,285,0.1,0.9,0.3259,0.99999,973.866448622,975.2934506103792,0:1:34
0,1,286,0.1,0.9,0.3259,0.99999,975.878450063,975.8784500630371,0:1:34
0,1,287,0.1,0.9,0.3259,0.99999,981.317668575,981.3176685746873,0:1:34
0,1,288,0.1,0.9,0.3259,0.99999,984.880283395,984.8802833949865,0:1:34
0,1,289,0.1,0.9,0.3259,0.99999,986.522311625,986.5223116249186,0:1:34
0,1,290,0.1,0.9,0.3259,0.99999,988.015166685,988.015166685361,0:1:34
0,1,291,0.1,0.9,0.3259,0.99999,985.849063264,988.015166685361,0:1:34
0,1,292,0.1,0.9,0.3259,0.99999,989.121870054,989.1218700538568,0:1:34
0,1,293,0.1,0.9,0.3259,0.99999,994.221019918,994.221019917901,0:1:34
0,1,294,0.1,0.9,0.3259,0.99999,992.062336573,994.221019917901,0:1:35
0,1,295,0.1,0.9,0.3259,0.99999,993.593834892,994.221019917901,0:1:35
0,1,296,0.1,0.9,0.3259,0.99999,998.77175778,998.7717577798426,0:1:35
0,1,297,0.1,0.9,0.3259,0.99999,1003.94968067,1003.9496806676286,0:1:35
0,1,298,0.1,0.9,0.3259,0.99999,1007.34232258,1007.3423225770437,0:1:35
0,1,299,0.1,0.9,0.3259,0.99999,1008.9731204,1008.9731204047454,0:1:35
0,1,300,0.1,0.9,0.3259,0.99999,1008.95858467,1008.9731204047454,0:1:35
0,1,301,0.1,0.9,0.3259,0.99999,1009.08940628,1009.0894062796792,0:1:35
0,1,302,0.1,0.9,0.3259,0.99999,1007.449684,1009.0894062796792,0:1:35
0,1,303,0.1,0.9,0.3259,0.99999,1013.06537004,1013.0653700367363,0:1:35
0,1,304,0.1,0.9,0.3259,0.99999,1015.00648621,1015.0064862126684,0:1:35
0,1,305,0.1,0.9,0.3259,0.99999,1013.32611699,1015.0064862126684,0:1:35
0,1,306,0.1,0.9,0.3259,0.99999,1017.02816095,1017.0281609493957,0:1:35
0,1,307,0.1,0.9,0.3259,0.99999,1020.72385872,1020.7238587217511,0:1:36
0,1,308,0.1,0.9,0.3259,0.99999,1024.41955649,1024.4195564941065,0:1:36
0,1,309,0.1,0.9,0.3259,0.99999,1028.15856322,1028.1585632247316,0:1:36
0,1,310,0.1,0.9,0.3259,0.99999,1026.48395017,1028.1585632247316,0:1:36
0,1,311,0.1,0.9,0.3259,0.99999,1032.2053443,1032.2053442989793,0:1:36
0,1,312,0.1,0.9,0.3259,0.99999,1034.55040366,1034.550403655503,0:1:36
0,1,313,0.1,0.9,0.3259,0.99999,1038.92401129,1038.924011289756,0:1:36
0,1,314,0.1,0.9,0.3259,0.99999,1039.91500341,1039.9150034124552,0:1:36
0,1,315,0.1,0.9,0.3259,0.99999,1046.56764258,1046.5676425801673,0:1:36
0,1,316,0.1,0.9,0.3259,0.99999,1051.54856879,1051.5485687915623,0:1:36
0,1,317,0.1,0.9,0.3259,0.99999,1053.18025152,1053.1802515159848,0:1:36
0,1,318,0.1,0.9,0.3259,0.99999,1053.02280845,1053.1802515159848,0:1:36
0,1,319,0.1,0.9,0.3259,0.99999,1056.66636841,1056.666368405398,0:1:37
0,1,320,0.1,0.9,0.3259,0.99999,1062.39065733,1062.3906573292347,0:1:37
0,1,321,0.1,0.9,0.3259,0.99999,1064.65474175,1064.6547417543343,0:1:37
0,1,322,0.1,0.9,0.3259,0.99999,1068.77712502,1068.7771250247185,0:1:37
0,1,323,0.1,0.9,0.3259,0.99999,1069.42989937,1069.429899368746,0:1:37
0,1,324,0.1,0.9,0.3259,0.99999,1070.18071964,1070.1807196428397,0:1:37
0,1,325,0.1,0.9,0.3259,0.99999,1076.24394752,1076.2439475166527,0:1:37
0,1,326,0.1,0.9,0.3259,0.99999,1082.24021302,1082.2402130211146,0:1:37
0,1,327,0.1,0.9,0.3259,0.99999,1086.46146291,1086.4614629118769,0:1:37
0,1,328,0.1,0.9,0.3259,0.99999,1092.44744938,1092.4474493790449,0:1:37
0,1,329,0.1,0.9,0.3259,0.99999,1093.23669608,1093.2366960838424,0:1:37
0,1,330,0.1,0.9,0.3259,0.99999,1099.34287262,1099.3428726203229,0:1:37
0,1,331,0.1,0.9,0.3259,0.99999,1100.2136882,1100.2136882039392,0:1:37
0,1,332,0.1,0.9,0.3259,0.99999,1102.87774194,1102.8777419361872,0:1:38
0,1,333,0.1,0.9,0.3259,0.99999,1107.2944626,1107.2944625975458,0:1:38
0,1,334,0.1,0.9,0.3259,0.99999,1113.32729868,1113.3272986824338,0:1:38
0,1,335,0.1,0.9,0.3259,0.99999,1114.28980391,1114.2898039136023,0:1:38
0,1,336,0.1,0.9,0.3259,0.99999,1116.99133901,1116.991339010277,0:1:38
0,1,337,0.1,0.9,0.3259,0.99999,1123.09068114,1123.090681135759,0:1:38
0,1,338,0.1,0.9,0.3259,0.99999,1129.12396126,1129.1239612574925,0:1:38
0,1,339,0.1,0.9,0.3259,0.99999,1131.53868741,1131.5386874050876,0:1:38
0,1,340,0.1,0.9,0.3259,0.99999,1137.32963713,1137.3296371304923,0:1:38
0,1,341,0.1,0.9,0.3259,0.99999,1143.07902502,1143.0790250157625,0:1:38
0,1,342,0.1,0.9,0.3259,0.99999,1145.31951705,1145.3195170470387,0:1:38
0,1,343,0.1,0.9,0.3259,0.99999,1150.91114527,1150.9111452734062,0:1:38
0,1,344,0.1,0.9,0.3259,0.99999,1157.43041999,1157.4304199911378,0:1:39
0,1,345,0.1,0.9,0.3259,0.99999,1157.80191825,1157.8019182494136,0:1:39
0,1,346,0.1,0.9,0.3259,0.99999,1159.89331585,1159.8933158515586,0:1:39
0,1,347,0.1,0.9,0.3259,0.99999,1163.69807932,1163.6980793204582,0:1:39
0,1,348,0.1,0.9,0.3259,0.99999,1167.45518433,1167.4551843259978,0:1:39
0,1,349,0.1,0.9,0.3259,0.99999,1169.49828157,1169.498281573536,0:1:39
0,1,350,0.1,0.9,0.3259,0.99999,1173.20152119,1173.201521189016,0:1:39
0,1,351,0.1,0.9,0.3259,0.99999,1175.15562918,1175.1556291779962,0:1:39
0,1,352,0.1,0.9,0.3259,0.99999,1180.51680375,1180.51680375437,0:1:39
0,1,353,0.1,0.9,0.3259,0.99999,1185.81431487,1185.8143148696208,0:1:39
0,1,354,0.1,0.9,0.3259,0.99999,1189.45775758,1189.4577575843634,0:1:39
0,1,355,0.1,0.9,0.3259,0.99999,1194.80056724,1194.8005672369525,0:1:39
0,1,356,0.1,0.9,0.3259,0.99999,1198.43776422,1198.4377642169932,0:1:39
0,1,357,0.1,0.9,0.3259,0.99999,1204.96807638,1204.9680763844433,0:1:39
0,1,358,0.1,0.9,0.3259,0.99999,1206.90217145,1206.902171453717,0:1:40
0,1,359,0.1,0.9,0.3259,0.99999,1208.83295102,1208.8329510201445,0:1:40
0,1,360,0.1,0.9,0.3259,0.99999,1214.13921934,1214.1392193390673,0:1:40
0,1,361,0.1,0.9,0.3259,0.99999,1219.373488,1219.373488003813,0:1:40
0,1,362,0.1,0.9,0.3259,0.99999,1222.92579373,1222.9257937300158,0:1:40
0,1,363,0.1,0.9,0.3259,0.99999,1228.1510896,1228.1510896028176,0:1:40
0,1,364,0.1,0.9,0.3259,0.99999,1228.33882415,1228.3388241490213,0:1:40
0,1,365,0.1,0.9,0.3259,0.99999,1230.25639844,1230.2563984423882,0:1:40
0,1,366,0.1,0.9,0.3259,0.99999,1236.7087508,1236.7087508028555,0:1:40
0,1,367,0.1,0.9,0.3259,0.99999,1236.94929696,1236.9492969577443,0:1:40
0,1,368,0.1,0.9,0.3259,0.99999,1243.35049741,1243.3504974128382,0:1:40
0,1,369,0.1,0.9,0.3259,0.99999,1249.74072468,1249.740724675008,0:1:40
0,1,370,0.1,0.9,0.3259,0.99999,1256.04009017,1256.0400901702212,0:1:40
0,1,371,0.1,0.9,0.3259,0.99999,1259.76910146,1259.7691014570282,0:1:41
0,1,372,0.1,0.9,0.3259,0.99999,1265.80506205,1265.8050620486,0:1:41
0,1,373,0.1,0.9,0.3259,0.99999,1271.84102264,1271.8410226401716,0:1:41
0,1,374,0.1,0.9,0.3259,0.99999,1272.66390378,1272.6639037799455,0:1:41
0,1,375,0.1,0.9,0.3259,0.99999,1273.57812098,1273.578120976155,0:1:41
0,1,376,0.1,0.9,0.3259,0.99999,1277.91651522,1277.9165152202104,0:1:41
0,1,377,0.1,0.9,0.3259,0.99999,1283.36596165,1283.365961648719,0:1:41
0,1,378,0.1,0.9,0.3259,0.99999,1288.63856274,1288.6385627417944,0:1:41
0,1,379,0.1,0.9,0.3259,0.99999,1293.77934881,1293.779348807543,0:1:41
0,1,380,0.1,0.9,0.3259,0.99999,1295.3978943,1295.3978943040158,0:1:41
0,1,381,0.1,0.9,0.3259,0.99999,1298.77393599,1298.7739359850634,0:1:41
0,1,382,0.1,0.9,0.3259,0.99999,1300.80657965,1300.8065796506564,0:1:41
0,1,383,0.1,0.9,0.3259,0.99999,1306.88096598,1306.8809659812525,0:1:41
0,1,384,0.1,0.9,0.3259,0.99999,1312.34005887,1312.340058868879,0:1:41
0,1,385,0.1,0.9,0.3259,0.99999,1318.23413644,1318.2341364385695,0:1:41
0,1,386,0.1,0.9,0.3259,0.99999,1322.33073898,1322.3307389751692,0:1:42
0,1,387,0.1,0.9,0.3259,0.99999,1327.91809506,1327.9180950587663,0:1:42
0,1,388,0.1,0.9,0.3259,0.99999,1332.33871167,1332.3387116674928,0:1:42
0,1,389,0.1,0.9,0.3259,0.99999,1335.95999923,1335.9599992340402,0:1:42
0,1,390,0.1,0.9,0.3259,0.99999,1342.16421234,1342.164212340885,0:1:42
0,1,391,0.1,0.9,0.3259,0.99999,1347.15276333,1347.1527633346739,0:1:42
0,1,392,0.1,0.9,0.3259,0.99999,1353.62029505,1353.6202950500883,0:1:42
0,1,393,0.1,0.9,0.3259,0.99999,1359.9088723,1359.908872299704,0:1:42
0,1,394,0.1,0.9,0.3259,0.99999,1363.41515734,1363.4151573440715,0:1:42
0,1,395,0.1,0.9,0.3259,0.99999,1366.31060494,1366.3106049430874,0:1:42
0,1,396,0.1,0.9,0.3259,0.99999,1371.57770932,1371.5777093164822,0:1:42
0,1,397,0.1,0.9,0.3259,0.99999,1374.29651898,1374.296518980268,0:1:42
0,1,398,0.1,0.9,0.3259,0.99999,1376.97226018,1376.9722601837063,0:1:42
0,1,399,0.1,0.9,0.3259,0.99999,1382.67242686,1382.6724268640396,0:1:43
0,1,400,0.1,0.9,0.3259,0.99999,1388.32454589,1388.324545890402,0:1:43
0,1,401,0.1,0.9,0.3259,0.99999,1392.33665747,1392.3366574720794,0:1:43
0,1,402,0.1,0.9,0.3259,0.99999,1397.84226465,1397.8422646512165,0:1:43
0,1,403,0.1,0.9,0.3259,0.99999,1401.75177996,1401.7517799591906,0:1:43
0,1,404,0.1,0.9,0.3259,0.99999,1405.80665109,1405.8066510875324,0:1:43
0,1,405,0.1,0.9,0.3259,0.99999,1409.89252045,1409.8925204451891,0:1:43
0,1,406,0.1,0.9,0.3259,0.99999,1412.13152625,1412.1315262541837,0:1:43
0,1,407,0.1,0.9,0.3259,0.99999,1414.325043,1414.3250430025046,0:1:43
0,1,408,0.1,0.9,0.3259,0.99999,1418.4347353,1418.434735301083,0:1:43
0,1,409,0.1,0.9,0.3259,0.99999,1422.10949914,1422.1094991405785,0:1:43
0,1,410,0.1,0.9,0.3259,0.99999,1427.31067814,1427.3106781369127,0:1:43
0,1,411,0.1,0.9,0.3259,0.99999,1429.3298915,1429.3298914978088,0:1:43
0,1,412,0.1,0.9,0.3259,0.99999,1434.43813245,1434.438132451299,0:1:43
0,1,413,0.1,0.9,0.3259,0.99999,1439.4501255,1439.450125504024,0:1:44
0,1,414,0.1,0.9,0.3259,0.99999,1445.36437043,1445.364370425695,0:1:44
0,1,415,0.1,0.9,0.3259,0.99999,1451.26847691,1451.2684769130235,0:1:44
0,1,416,0.1,0.9,0.3259,0.99999,1455.43932978,1455.4393297834874,0:1:44
0,1,417,0.1,0.9,0.3259,0.99999,1457.54958272,1457.5495827239006,0:1:44
0,1,418,0.1,0.9,0.3259,0.99999,1462.93085048,1462.9308504843957,0:1:44
0,1,419,0.1,0.9,0.3259,0.99999,1466.65444036,1466.6544403600487,0:1:44
0,1,420,0.1,0.9,0.3259,0.99999,1472.32287191,1472.3228719149245,0:1:44
0,1,421,0.1,0.9,0.3259,0.99999,1477.25421353,1477.254213530265,0:1:44
0,1,422,0.1,0.9,0.3259,0.99999,1480.57054077,1480.5705407665814,0:1:44
0,1,423,0.1,0.9,0.3259,0.99999,1485.34574224,1485.345742236208,0:1:44
0,1,424,0.1,0.9,0.3259,0.99999,1488.41727292,1488.4172729249733,0:1:44
0,1,425,0.1,0.9,0.3259,0.99999,1491.29222565,1491.2922256496577,0:1:44
0,1,426,0.1,0.9,0.3259,0.99999,1493.92921385,1493.929213849325,0:1:44
0,1,427,0.1,0.9,0.3259,0.99999,1495.93379354,1495.9337935445437,0:1:45
0,1,428,0.1,0.9,0.3259,0.99999,1498.728073,1498.7280729990757,0:1:45
0,1,429,0.1,0.9,0.3259,0.99999,1504.25562144,1504.2556214397002,0:1:45
0,1,430,0.1,0.9,0.3259,0.99999,1509.50570846,1509.5057084563032,0:1:45
0,1,431,0.1,0.9,0.3259,0.99999,1515.18213665,1515.1821366459483,0:1:45
0,1,432,0.1,0.9,0.3259,0.99999,1518.36142368,1518.3614236792043,0:1:45
0,1,433,0.1,0.9,0.3259,0.99999,1519.78417818,1519.7841781842174,0:1:45
0,1,434,0.1,0.9,0.3259,0.99999,1525.60895945,1525.60895944833,0:1:45
0,1,435,0.1,0.9,0.3259,0.99999,1528.28422433,1528.284224329551,0:1:45
0,1,436,0.1,0.9,0.3259,0.99999,1529.24488763,1529.2448876278077,0:1:45
0,1,437,0.1,0.9,0.3259,0.99999,1531.49068574,1531.4906857395163,0:1:45
0,1,438,0.1,0.9,0.3259,0.99999,1533.50237987,1533.5023798674304,0:1:45
0,1,439,0.1,0.9,0.3259,0.99999,1532.39958369,1533.5023798674304,0:1:46
0,1,440,0.1,0.9,0.3259,0.99999,1532.73832391,1533.5023798674304,0:1:46
0,1,441,0.1,0.9,0.3259,0.99999,1534.32314424,1534.3231442350518,0:1:46
0,1,442,0.1,0.9,0.3259,0.99999,1532.69273217,1534.3231442350518,0:1:46
0,1,443,0.1,0.9,0.3259,0.99999,1530.94154884,1534.3231442350518,0:1:46
0,1,444,0.1,0.9,0.3259,0.99999,1530.59131217,1534.3231442350518,0:1:46
0,1,445,0.1,0.9,0.3259,0.99999,1534.56993187,1534.5699318698664,0:1:46
0,1,446,0.1,0.9,0.3259,0.99999,1533.83449005,1534.5699318698664,0:1:46
0,1,447,0.1,0.9,0.3259,0.99999,1532.74941195,1534.5699318698664,0:1:46
0,1,448,0.1,0.9,0.3259,0.99999,1535.76351778,1535.7635177801735,0:1:46
0,1,449,0.1,0.9,0.3259,0.99999,1532.64090414,1535.7635177801735,0:1:46
0,1,450,0.1,0.9,0.3259,0.99999,1529.36155699,1535.7635177801735,0:1:46
0,1,451,0.1,0.9,0.3259,0.99999,1527.23962648,1535.7635177801735,0:1:47
0,1,452,0.1,0.9,0.3259,0.99999,1526.48007181,1535.7635177801735,0:1:47
0,1,453,0.1,0.9,0.3259,0.99999,1525.56378364,1535.7635177801735,0:1:47
0,1,454,0.1,0.9,0.3259,0.99999,1527.54103706,1535.7635177801735,0:1:47
0,1,455,0.1,0.9,0.3259,0.99999,1524.85245466,1535.7635177801735,0:1:47
0,1,456,0.1,0.9,0.3259,0.99999,1526.5282975,1535.7635177801735,0:1:47
0,1,457,0.1,0.9,0.3259,0.99999,1525.06696521,1535.7635177801735,0:1:47
0,1,458,0.1,0.9,0.3259,0.99999,1526.479989,1535.7635177801735,0:1:47
0,1,459,0.1,0.9,0.3259,0.99999,1523.36409038,1535.7635177801735,0:1:47
0,1,460,0.1,0.9,0.3259,0.99999,1524.72880567,1535.7635177801735,0:1:47
0,1,461,0.1,0.9,0.3259,0.99999,1520.10326624,1535.7635177801735,0:1:47
0,1,462,0.1,0.9,0.3259,0.99999,1521.51871646,1535.7635177801735,0:1:47
0,1,463,0.1,0.9,0.3259,0.99999,1523.00675386,1535.7635177801735,0:1:47
0,1,464,0.1,0.9,0.3259,0.99999,1521.50661859,1535.7635177801735,0:1:47
0,1,465,0.1,0.9,0.3259,0.99999,1517.1392893,1535.7635177801735,0:1:48
0,1,466,0.1,0.9,0.3259,0.99999,1517.30865941,1535.7635177801735,0:1:48
0,1,467,0.1,0.9,0.3259,0.99999,1519.10221803,1535.7635177801735,0:1:48
0,1,468,0.1,0.9,0.3259,0.99999,1519.53848905,1535.7635177801735,0:1:48
0,1,469,0.1,0.9,0.3259,0.99999,1515.50298215,1535.7635177801735,0:1:48
0,1,470,0.1,0.9,0.3259,0.99999,1514.73950788,1535.7635177801735,0:1:48
0,1,471,0.1,0.9,0.3259,0.99999,1510.94637377,1535.7635177801735,0:1:48
0,1,472,0.1,0.9,0.3259,0.99999,1510.29196724,1535.7635177801735,0:1:48
0,1,473,0.1,0.9,0.3259,0.99999,1512.70771765,1535.7635177801735,0:1:48
0,1,474,0.1,0.9,0.3259,0.99999,1510.61973237,1535.7635177801735,0:1:48
0,1,475,0.1,0.9,0.3259,0.99999,1507.01431595,1535.7635177801735,0:1:48
0,1,476,0.1,0.9,0.3259,0.99999,1507.96119299,1535.7635177801735,0:1:48
0,1,477,0.1,0.9,0.3259,0.99999,1505.78823157,1535.7635177801735,0:1:48
0,1,478,0.1,0.9,0.3259,0.99999,1506.45704779,1535.7635177801735,0:1:49
0,1,479,0.1,0.9,0.3259,0.99999,1504.0493094,1535.7635177801735,0:1:49
0,1,480,0.1,0.9,0.3259,0.99999,1506.04359777,1535.7635177801735,0:1:49
0,1,481,0.1,0.9,0.3259,0.99999,1508.00476716,1535.7635177801735,0:1:49
0,1,482,0.1,0.9,0.3259,0.99999,1509.8928495,1535.7635177801735,0:1:49
0,1,483,0.1,0.9,0.3259,0.99999,1505.68312718,1535.7635177801735,0:1:49
0,1,484,0.1,0.9,0.3259,0.99999,1501.51001114,1535.7635177801735,0:1:49
0,1,485,0.1,0.9,0.3259,0.99999,1503.43794194,1535.7635177801735,0:1:49
0,1,486,0.1,0.9,0.3259,0.99999,1503.80400475,1535.7635177801735,0:1:49
0,1,487,0.1,0.9,0.3259,0.99999,1505.73524616,1535.7635177801735,0:1:49
0,1,488,0.1,0.9,0.3259,0.99999,1501.59163326,1535.7635177801735,0:1:49
0,1,489,0.1,0.9,0.3259,0.99999,1503.71844342,1535.7635177801735,0:1:49
0,1,490,0.1,0.9,0.3259,0.99999,1506.04481029,1535.7635177801735,0:1:50
0,1,491,0.1,0.9,0.3259,0.99999,1508.64054595,1535.7635177801735,0:1:50
0,1,492,0.1,0.9,0.3259,0.99999,1511.46891829,1535.7635177801735,0:1:50
0,1,493,0.1,0.9,0.3259,0.99999,1511.5056504,1535.7635177801735,0:1:50
0,1,494,0.1,0.9,0.3259,0.99999,1510.33022293,1535.7635177801735,0:1:50
0,1,495,0.1,0.9,0.3259,0.99999,1509.35070004,1535.7635177801735,0:1:50
0,1,496,0.1,0.9,0.3259,0.99999,1508.83645053,1535.7635177801735,0:1:50
0,1,497,0.1,0.9,0.3259,0.99999,1513.26119351,1535.7635177801735,0:1:50
0,1,498,0.1,0.9,0.3259,0.99999,1516.35362438,1535.7635177801735,0:1:50
0,1,499,0.1,0.9,0.3259,0.99999,1521.12061268,1535.7635177801735,0:1:50
0,1,500,0.1,0.9,0.3259,0.99999,1519.97361588,1535.7635177801735,0:1:50
0,1,501,0.1,0.9,0.3259,0.99999,1519.05845885,1535.7635177801735,0:1:50
0,1,502,0.1,0.9,0.3259,0.99999,1519.94768472,1535.7635177801735,0:1:50
0,1,503,0.1,0.9,0.3259,0.99999,1519.31426355,1535.7635177801735,0:1:51
0,1,504,0.1,0.9,0.3259,0.99999,1523.35841411,1535.7635177801735,0:1:51
0,1,505,0.1,0.9,0.3259,0.99999,1524.47716124,1535.7635177801735,0:1:51
0,1,506,0.1,0.9,0.3259,0.99999,1524.14939611,1535.7635177801735,0:1:51
0,1,507,0.1,0.9,0.3259,0.99999,1525.33702276,1535.7635177801735,0:1:51
0,1,508,0.1,0.9,0.3259,0.99999,1528.00312342,1535.7635177801735,0:1:51
0,1,509,0.1,0.9,0.3259,0.99999,1530.63286815,1535.7635177801735,0:1:51
0,1,510,0.1,0.9,0.3259,0.99999,1533.22181127,1535.7635177801735,0:1:51
0,1,511,0.1,0.9,0.3259,0.99999,1538.83522067,1538.835220666994,0:1:51
0,1,512,0.1,0.9,0.3259,0.99999,1538.31590423,1538.835220666994,0:1:51
0,1,513,0.1,0.9,0.3259,0.99999,1542.28927883,1542.2892788253623,0:1:51
0,1,514,0.1,0.9,0.3259,0.99999,1544.71678124,1544.7167812373623,0:1:51
0,1,515,0.1,0.9,0.3259,0.99999,1548.61100598,1548.6110059750306,0:1:51
0,1,516,0.1,0.9,0.3259,0.99999,1549.44147312,1549.4414731207505,0:1:51
0,1,517,0.1,0.9,0.3259,0.99999,1553.24477193,1553.2447719330335,0:1:52
0,1,518,0.1,0.9,0.3259,0.99999,1555.46375938,1555.4637593835025,0:1:52
0,1,519,0.1,0.9,0.3259,0.99999,1560.64539494,1560.6453949435167,0:1:52
0,1,520,0.1,0.9,0.3259,0.99999,1565.79104692,1565.7910469232531,0:1:52
0,1,521,0.1,0.9,0.3259,0.99999,1567.93438671,1567.9343867054213,0:1:52
0,1,522,0.1,0.9,0.3259,0.99999,1569.99037822,1569.990378216012,0:1:52
0,1,523,0.1,0.9,0.3259,0.99999,1570.51542793,1570.5154279259673,0:1:52
0,1,524,0.1,0.9,0.3259,0.99999,1572.49629729,1572.496297286253,0:1:52
0,1,525,0.1,0.9,0.3259,0.99999,1577.41615649,1577.4161564899298,0:1:52
0,1,526,0.1,0.9,0.3259,0.99999,1582.36325809,1582.3632580883411,0:1:52
0,1,527,0.1,0.9,0.3259,0.99999,1581.40000033,1582.3632580883411,0:1:52
0,1,528,0.1,0.9,0.3259,0.99999,1580.50962393,1582.3632580883411,0:1:52
0,1,529,0.1,0.9,0.3259,0.99999,1582.6346556,1582.6346555951131,0:1:53
0,1,530,0.1,0.9,0.3259,0.99999,1586.27926298,1586.2792629784472,0:1:53
0,1,531,0.1,0.9,0.3259,0.99999,1786.27926298,1786.2792629784472,0:1:54
0,1,532,0.1,0.9,0.3259,0.99999,1986.27926298,1986.2792629784472,0:1:55
0,1,533,0.1,0.9,0.3259,0.99999,2186.27926298,2186.279262978447,0:1:56
0,1,534,0.1,0.9,0.3259,0.99999,2386.27926298,2386.279262978447,0:1:57
0,1,535,0.1,0.9,0.3259,0.99999,2586.27926298,2586.279262978447,0:1:58
0,1,536,0.1,0.9,0.3259,0.99999,2786.27926298,2786.279262978447,0:1:59
0,1,537,0.1,0.9,0.3259,0.99999,2986.27926298,2986.279262978447,0:2:0
0,1,538,0.1,0.9,0.3259,0.99999,3186.27926298,3186.279262978447,0:2:1
0,1,539,0.1,0.9,0.3259,0.99999,3386.27926298,3386.279262978447,0:2:2
0,1,540,0.1,0.9,0.3259,0.99999,3586.27926298,3586.279262978447,0:2:3
0,1,541,0.1,0.9,0.3259,0.99999,3786.27926298,3786.279262978447,0:2:4
0,1,542,0.1,0.9,0.3259,0.99999,3986.27926298,3986.279262978447,0:2:5
0,1,543,0.1,0.9,0.3259,0.99999,4186.27926298,4186.279262978447,0:2:6
0,1,544,0.1,0.9,0.3259,0.99999,4386.27926298,4386.279262978447,0:2:7
0,1,545,0.1,0.9,0.3259,0.99999,4586.27926298,4586.279262978447,0:2:8
0,1,546,0.1,0.9,0.3259,0.99999,4786.27926298,4786.279262978447,0:2:9
0,1,547,0.1,0.9,0.3259,0.99999,4986.27926298,4986.279262978447,0:2:10
0,1,548,0.1,0.9,0.3259,0.99999,5186.27926298,5186.279262978447,0:2:11
0,1,549,0.1,0.9,0.3259,0.99999,5386.27926298,5386.279262978447,0:2:12
